StudentID,PreviousGPA,AssignmentsCompleted,Attendance,SleepHours,Age,StudyHours,InternetHours,Scholarship_No,Scholarship_Sí,Program_Administración,Program_Contador Auditor,Program_Ingeniería Civil,Program_Ingeniería Industrial,Program_Ingeniería Informática,FinalGrade
STU-10522,0.5257544904795405,-1.1541732936578661,-0.09682941942044666,-0.6017367531965275,-0.2,-0.20589390962671916,-0.3246977547495683,0.0,1.0,0.0,0.0,0.0,1.0,0.0,3.96
STU-10947,1.4563249016573316,-0.593759635635206,1.4649602195497138,-0.3971243847530813,8.4,-0.337917485265226,0.5135290731145653,1.0,0.0,0.0,0.0,0.0,0.0,1.0,5.09
STU-11352,0.49797626925035327,0.7742244731790826,0.7810006738129398,-0.24980347947379952,0.6,0.2231827111984283,0.1312607944732298,1.0,0.0,0.0,1.0,0.0,0.0,0.0,4.37
STU-12298,-0.8631565709798494,0.41282951165934123,-0.2936523102799503,-0.6917661953116434,0.8,1.376817288801572,0.0023028209556706478,1.0,0.0,0.0,1.0,0.0,0.0,0.0,4.02
STU-13527,-1.2103843363446969,-1.5098204227876315,-1.4312886194478818,-0.5771832689833137,-0.6,-0.9021611001964639,-0.3914795624640185,1.0,0.0,0.0,0.0,1.0,0.0,0.0,3.24
STU-11440,1.3591011273551752,0.6183145196009834,1.3985107533152335e-15,-1.051883963772109,-0.4,0.2829076620825149,-0.14968336211859518,0.0,1.0,0.0,0.0,0.0,1.0,0.0,4.65
STU-11553,1.7896635564075856,1.0623345717266302,1.229756864972607,0.8469188153830713,-0.2,2.137524557956778,-0.6563039723661486,0.0,1.0,0.0,0.0,0.0,0.0,1.0,6.63
STU-13546,1.0952080256778904,-0.009636169003894772,-2.1250893097276324,0.20852822583951966,0.4,0.4306483300589392,0.7576280944156593,0.0,1.0,0.0,0.0,0.0,1.0,0.0,4.97
STU-14415,-1.2659407788030725,0.42001430214681185,0.3430697416505439,0.012100352133811124,10.4,-0.6161100196463655,0.0,1.0,0.0,0.0,1.0,0.0,0.0,0.0,4.17
STU-11738,-0.3631485888544686,-2.483359533839818,-0.854597549229536,1.0515311838265176,0.4,-1.2777996070726916,1.4185377086931497,0.0,1.0,1.0,0.0,0.0,0.0,0.0,2.83
STU-11735,-0.7520436860630981,-0.20506247026307883,0.42081478354004703,1.1742986048925854,-1.0,-0.44793713163064836,-0.5043177892918826,1.0,0.0,0.0,0.0,0.0,0.0,1.0,4.32
STU-10686,0.44241982679197767,-1.948092642523302,-1.123260795252759,2.6556921524231365,0.6,-1.137917485265226,0.47207829591249284,1.0,0.0,0.0,0.0,0.0,0.0,1.0,3.11
STU-14277,-0.39092681008365704,0.0,-0.09978176278333932,0.5440925100867715,1.8,0.6412573673870335,-1.0316637881404722,1.0,0.0,0.0,1.0,0.0,0.0,0.0,3.73
STU-11715,0.48408715863575846,0.39199361924567877,-1.1399907409758168,-0.3480174163266538,1.4,0.4117878192534383,-0.24870466321243528,1.0,0.0,0.0,0.0,1.0,0.0,0.0,4.24
STU-14530,0.7479802603130431,0.19944123418148216,-0.035814323254001475,-1.4447397111835254,-0.6,-0.16660117878192546,-0.6908462867012091,1.0,0.0,0.0,0.0,0.0,1.0,0.0,4.09
STU-14655,0.6924238178546674,-0.5930411565864595,0.15018330860822954,0.09394529951119004,0.8,-0.7292730844793713,0.2579159470351181,1.0,0.0,0.0,0.0,0.0,1.0,0.0,4.62
STU-13555,-1.4187209955636046,-0.8387609912579328,1.3985107533152335e-15,0.0,0.6,-0.932023575638507,0.14738054116292473,1.0,0.0,0.0,0.0,1.0,0.0,0.0,3.05
STU-12994,-0.8214892391360673,-1.0658003706619859,-1.089800903806643,1.370726478598294,-0.4,-0.34734774066797636,0.7138744962579162,0.0,1.0,0.0,1.0,0.0,0.0,0.0,2.58
STU-10322,-0.19647926147934167,-0.17057547592322253,-0.5180304058597845,0.1430522679376168,0.4,-0.03929273084479372,1.4461715601611977,1.0,0.0,0.0,1.0,0.0,0.0,0.0,2.61
STU-10564,0.23408316757306866,1.0623345717266302,-0.46291999641912335,-0.9045630584928273,1.2,0.7591355599214147,-0.7783534830166955,1.0,0.0,0.0,0.0,1.0,0.0,0.0,4.25
STU-13999,1.4702140122719252,-1.2626636300186636,-1.2895761380290394,0.3640336258565391,-1.0,-0.3080550098231826,0.2694300518134715,1.0,0.0,1.0,0.0,0.0,0.0,0.0,4.52
STU-10173,1.7896635564075856,-0.6806956005335936,0.8931897216028569,-0.16795853209642134,0.4,0.3316306483300589,0.31318364997121484,1.0,0.0,1.0,0.0,0.0,0.0,0.0,4.76
STU-14145,1.6091051184178649,0.7354266045467451,1.5043247977216152,0.9369482574981887,0.2,2.052652259332024,0.7345998848589524,1.0,0.0,0.0,0.0,1.0,0.0,0.0,6.2
STU-13109,-0.4464832525420327,0.14986617981793926,-0.4127301592499508,-0.2743569636870133,0.4,-0.47151277013752463,-0.3937823834196892,1.0,0.0,0.0,0.0,1.0,0.0,0.0,3.91
STU-12215,0.10908117204172377,1.0623345717266302,1.3567076295769875,-1.7148280375288745,-0.8,0.24833005893909632,-0.9188255613126081,0.0,1.0,0.0,0.0,1.0,0.0,0.0,4.99
STU-11673,-1.1826061151155085,-3.1271167615171303,-1.7245547268285426,1.4034644575492463,0.4,-0.8581532416502948,0.8267127230857804,1.0,0.0,0.0,0.0,0.0,1.0,0.0,2.57
STU-12193,0.2618613888022571,-0.9062980218401517,0.5005280543381463,0.7487048785302177,-0.4,-0.46051080550098233,-0.1842256764536557,1.0,0.0,0.0,0.0,0.0,1.0,0.0,4.32
STU-14617,0.1507485038855058,1.0623345717266302,-0.27790647901119037,-1.7803039954307773,0.2,0.176031434184676,0.8313183649971216,0.0,1.0,0.0,0.0,0.0,0.0,1.0,3.71
STU-10533,-1.113160562042539,0.0,0.33027625374467523,-0.5198918058191486,-0.4,0.1838899803536346,0.5549798503166382,1.0,0.0,0.0,0.0,0.0,0.0,1.0,3.98
STU-14192,-1.9603963095327674,-2.0465242722016415,-0.8142488566033381,1.6080768259926923,-0.2,-0.7779960707269157,0.43983880253310315,1.0,0.0,0.0,0.0,0.0,1.0,0.0,2.52
STU-11985,-0.9742694558966007,-0.9314447885462963,-1.7452211303687897,0.33129564690558766,-0.2,-1.7304518664047155,-0.4237190558434082,0.0,1.0,1.0,0.0,0.0,0.0,0.0,3.46
STU-13649,1.3591011273551752,1.0623345717266302,-0.5042528034996193,1.2479590575322261,0.4,0.8644400785854621,-1.061600460564191,1.0,0.0,0.0,0.0,1.0,0.0,0.0,5.11
STU-14038,-0.557596137458784,1.0623345717266302,0.7327790655523605,-0.5526297847701,-0.8,0.24990176817288803,0.4052964881980426,0.0,1.0,0.0,0.0,0.0,1.0,0.0,4.29
STU-13059,1.0118733619903277,-0.2718810217965494,-2.4921640011806065,0.044838331084762546,0.8,0.1367387033398823,0.7461139896373057,0.0,1.0,1.0,0.0,0.0,0.0,0.0,3.58
STU-13506,-0.5714852480733775,0.3826533916119681,1.3985107533152335e-15,0.8387343206453336,0.2,0.0,0.4651698330454809,1.0,0.0,0.0,0.0,1.0,0.0,0.0,2.74
STU-11411,1.5813268971886765,-1.8259512042363122,-0.651869971644247,-2.345034132334689,1.0,0.05186640471512772,0.8175014392630974,1.0,0.0,1.0,0.0,0.0,0.0,0.0,4.03
STU-13000,-0.09925548717718521,1.0623345717266302,0.5290673735127749,0.977870731186877,-0.4,0.7795677799607073,-0.4697754749568222,1.0,0.0,0.0,0.0,0.0,0.0,1.0,4.38
STU-10378,1.1229862469070777,0.3151163610297492,-0.7542178748911895,-1.1664668901004387,0.0,-0.4180746561886052,-0.7023603914795625,1.0,0.0,0.0,1.0,0.0,0.0,0.0,3.89
STU-13326,0.9979842513757329,0.9588735887070623,0.34503797055913854,-0.5362607952946247,-1.0,0.6491159135559924,-0.27864133563615434,0.0,1.0,0.0,1.0,0.0,0.0,0.0,5.15
STU-11192,-0.2242574827085301,-1.0966949697581063,0.4001483799997998,0.07757631003571397,1.0,-1.5041257367387035,-0.7944732297063903,1.0,0.0,0.0,0.0,0.0,1.0,0.0,3.69
STU-12137,0.5813109329379161,-0.6347129414137854,-1.5621758418694514,-1.4447397111835254,1.0,-0.29233791748526516,1.5014392630972946,1.0,0.0,0.0,0.0,0.0,0.0,1.0,4.01
STU-10611,1.1368753575216726,1.0623345717266302,0.45624290389475763,-0.5280763005568863,-0.6,0.795284872298625,0.01842256764536559,0.0,1.0,0.0,0.0,1.0,0.0,0.0,5.26
STU-10420,-1.2242734469592904,-0.8042739969180775,0.2909116755727753,-0.5035228163436732,-0.2,-0.8440078585461691,-0.4812895797351756,1.0,0.0,1.0,0.0,0.0,0.0,0.0,2.66
STU-11914,1.3729902379697687,1.0623345717266302,1.5043247977216152,-1.035514974296633,0.4,0.37092337917485263,-0.3937823834196892,1.0,0.0,0.0,0.0,0.0,0.0,1.0,5.1
STU-12156,0.3174178312606327,-0.23954946460293516,-0.9431678501163132,0.1512367626753552,1.4,0.21689587426326146,-0.14047207829591238,0.0,1.0,0.0,0.0,0.0,0.0,1.0,4.04
STU-13582,0.0,1.0623345717266302,0.48182987970649366,-1.346525774330671,0.0,0.8220039292730844,-0.6033390903857225,0.0,1.0,0.0,0.0,1.0,0.0,0.0,4.6
STU-12642,0.22019405695847505,0.8633158752237113,0.2023413746859981,1.4853094049266244,0.2,0.2813359528487232,1.2872769142199199,1.0,0.0,0.0,1.0,0.0,0.0,0.0,4.92
STU-13706,-0.877045681594443,1.0623345717266302,-0.6558064294614377,-0.2743569636870133,0.0,0.0,-1.0846286701208983,1.0,0.0,0.0,0.0,0.0,1.0,0.0,3.76
STU-14913,-1.2381625575738842,-0.3494767590612263,1.3985107533152335e-15,-1.158282395362701,-0.4,-0.1964636542239686,-0.6355785837651123,0.0,1.0,0.0,0.0,1.0,0.0,0.0,3.12
STU-10549,-0.8214892391360673,1.0623345717266302,1.5043247977216152,-0.5935522584587891,0.6,1.4082514734774068,0.9395509499136446,1.0,0.0,0.0,1.0,0.0,0.0,0.0,4.55
STU-10758,-0.05758815533340317,1.0623345717266302,-0.6735204896387923,-1.1255444164117496,-1.0,0.6113948919449904,1.5221646516983307,1.0,0.0,0.0,0.0,0.0,0.0,1.0,4.2
STU-11896,-0.5992634693025648,-1.6793814782919236,-0.7079644955392063,0.5113545311358201,0.4,-0.08958742632612973,-0.011514104778353443,1.0,0.0,0.0,1.0,0.0,0.0,0.0,2.94
STU-12682,0.0,0.25189020474001345,0.8567774867938484,-0.9373010374437787,-0.8,0.19174852652259344,0.23258491652274035,1.0,0.0,0.0,0.0,1.0,0.0,0.0,4.91
STU-10071,-1.1409387832717277,-1.0384981668095992,-1.8032838831723437,-0.9945925006079438,1.4,-0.8471512770137526,-0.683937823834197,0.0,1.0,0.0,0.0,1.0,0.0,0.0,2.87
STU-12224,-0.6825981329901288,1.0623345717266302,1.2445185817870703,-0.4789693321304595,-1.0,0.07858546168958744,-0.3062751871042027,1.0,0.0,0.0,0.0,0.0,1.0,0.0,3.61
STU-13314,-0.6825981329901288,-0.11166019392596897,1.3985107533152335e-15,0.3149266574301116,-1.0,0.4652259332023578,-0.35002878526194586,1.0,0.0,0.0,0.0,0.0,1.0,0.0,3.88
STU-11726,-0.7242654648339096,-0.1712939549719699,-0.8299946878720981,-0.3070949426379647,-0.8,-0.7779960707269157,0.8911917098445598,1.0,0.0,0.0,1.0,0.0,0.0,0.0,2.99
STU-14904,-1.61316854416792,-0.9343187047412849,-0.10667056396342268,0.4786165521848687,1.2,-1.7304518664047155,-1.093839953943581,1.0,0.0,0.0,1.0,0.0,0.0,0.0,2.51
STU-14527,-1.3353863318760417,0.0,1.0024264260298814,-0.19251201630963508,-1.0,-0.6585461689587426,-0.27864133563615434,1.0,0.0,0.0,1.0,0.0,0.0,0.0,3.38
STU-13050,-0.6270416905317532,0.4106740745131012,-0.40485724361557085,0.044838331084762546,-0.2,0.2231827111984283,1.6188831318365,1.0,0.0,0.0,0.0,0.0,0.0,1.0,5.09
STU-12544,-1.085382340813352,-1.2784701690910976,-2.044391924475236,0.5931994785131991,0.0,-0.6726915520628683,0.17271157167530227,1.0,0.0,0.0,0.0,0.0,0.0,1.0,3.19
STU-10627,-0.04369904471880956,0.5665840280911993,-1.446050336262345,0.34766463638106304,0.4,0.6915520628683696,1.0569948186528502,0.0,1.0,0.0,0.0,0.0,0.0,1.0,3.98
STU-10691,-0.2242574827085301,-1.4099518350117985,-3.373930552231183,0.977870731186877,-0.4,-0.744990176817289,-0.8981001727115718,1.0,0.0,0.0,0.0,1.0,0.0,0.0,1.65
STU-10450,-1.765948760928452,0.0,0.6038600720393854,-1.051883963772109,0.6,0.1948919449901769,-0.14507772020725387,1.0,0.0,0.0,0.0,1.0,0.0,0.0,3.93
STU-14977,0.4285307161773828,0.0,0.690462144017568,0.4786165521848687,0.0,0.4086444007858546,0.0,0.0,1.0,0.0,0.0,0.0,1.0,0.0,5.5
STU-13284,-2.3631805173559908,-0.7640391701882454,-0.7552019893454862,-0.02063762681713957,0.0,-1.2023575638506878,-0.9050086355785838,1.0,0.0,0.0,0.0,0.0,0.0,1.0,2.24
STU-13671,0.3590851631044136,-1.9186350015246754,-0.22476429847912377,0.8551033101208104,0.2,-0.26561886051080547,-0.36384571099597013,1.0,0.0,1.0,0.0,0.0,0.0,0.0,3.39
STU-13436,-0.4881505843858135,-0.5010758383468434,-1.5228112636975515,0.2330817100527334,0.4,-0.23732809430255403,-0.5342544617156016,0.0,1.0,0.0,0.0,0.0,1.0,0.0,4.75
STU-10371,0.3174178312606327,0.2497347675937724,0.4493541027146757,1.493493899664362,-1.0,0.8157170923379176,-0.3822682786413357,0.0,1.0,0.0,0.0,1.0,0.0,0.0,4.81
STU-14491,-0.18259015086474806,0.0,0.5241468012412875,1.6326303102059054,-0.4,-0.5831041257367386,-0.27864133563615434,1.0,0.0,0.0,0.0,0.0,0.0,1.0,4.01
STU-10787,-0.7937110179068801,-1.51269433898262,-0.038766666616894145,1.2725125417454406,-0.2,-0.7308447937131631,-0.6125503742084053,1.0,0.0,0.0,0.0,0.0,1.0,0.0,3.54
STU-11541,-0.1270337084063724,-1.7512293831666237,-1.4401456495365597,-0.40530887949081895,-0.6,-1.5937131630648333,-0.9925158318940703,0.0,1.0,0.0,0.0,0.0,1.0,0.0,2.94
STU-13577,-0.9603803452820071,1.0623345717266302,-0.9589136813850732,-0.7081351847871195,0.4,-0.5752455795677801,0.24409902130109398,1.0,0.0,0.0,0.0,0.0,0.0,1.0,3.54
STU-13293,-0.2103683720939365,0.6908809035244308,-0.1165117085063973,-0.2743569636870133,1.0,-0.020432220039292577,-0.584916522740357,1.0,0.0,1.0,0.0,0.0,0.0,0.0,4.05
STU-11502,-0.26592481455231215,0.2418314980575554,-0.2700335633768104,1.8781651523380414,-1.0,0.6003929273084481,-0.5826137017846863,1.0,0.0,1.0,0.0,0.0,0.0,0.0,4.38
STU-11248,1.3868793485843625,-0.15764285304577705,-1.6664919740249886,0.32311115216785,-0.2,-0.059724950884086296,-0.29245826137017844,1.0,0.0,0.0,0.0,0.0,1.0,0.0,3.95
STU-11483,-1.529833880480356,-1.9344415405971092,-1.4224315893592037,0.7405203837924801,-0.2,0.0,0.0,0.0,1.0,1.0,0.0,0.0,0.0,0.0,2.97
STU-11197,0.553532711708729,-0.9759904895686107,-0.3349851173604462,-1.2564963322155551,0.8,0.0,2.5423143350604493,0.0,1.0,0.0,0.0,0.0,1.0,0.0,4.03
STU-12355,0.03963561896875452,0.19153796464526518,-1.412590444816229,-0.4380468584417704,-0.4,-0.9037328094302556,0.5020149683362121,1.0,0.0,0.0,0.0,0.0,1.0,0.0,2.9
STU-13295,0.02574650835416092,-0.48742473642064954,-1.089800903806643,-0.5280763005568863,0.0,-0.46994106090373294,-0.37305699481865295,0.0,1.0,0.0,1.0,0.0,0.0,0.0,4.48
STU-11954,0.6368673753962918,-0.38468223244982896,-0.11257525068920801,0.6750444258905772,0.2,-0.8487229862475443,-0.013816925734024092,0.0,1.0,0.0,0.0,0.0,0.0,1.0,4.98
STU-10190,0.6368673753962918,-3.063890605227394,-2.1910249781655655,0.2412662047904711,-1.0,-1.5025540275049116,-0.27633851468048365,1.0,0.0,0.0,0.0,0.0,0.0,1.0,2.12
STU-14114,1.7896635564075856,1.0623345717266302,1.3985107533152335e-15,0.8141808364321206,0.0,1.777603143418468,0.0,1.0,0.0,0.0,0.0,0.0,1.0,0.0,4.76
STU-12753,-0.557596137458784,-0.6023813842201702,-0.08305181706028135,1.0924536575152073,0.8,-0.2860510805500983,-0.6217616580310881,1.0,0.0,0.0,0.0,1.0,0.0,0.0,3.73
STU-10158,-1.3353863318760417,-1.1089091135868054,-1.1478636566101967,1.1579296154171101,-0.8,0.0,-0.2671272308578009,1.0,0.0,0.0,1.0,0.0,0.0,0.0,2.73
STU-13760,-0.5714852480733775,-0.46730732305573447,-0.6587587728243304,0.1430522679376168,-0.4,-0.08015717092337915,0.8819804260218771,1.0,0.0,0.0,1.0,0.0,0.0,0.0,3.44
STU-14372,1.0257624726049213,1.0623345717266302,-0.1607968589497859,1.1251916364661594,-1.0,0.5233791748526524,-0.45826137017846863,1.0,0.0,0.0,0.0,0.0,0.0,1.0,5.85
STU-12012,-0.029809934104214727,0.8245180065913729,-0.33400100290614965,0.8223653311698583,-0.6,-0.037721021611002006,-0.44905008635578586,1.0,0.0,0.0,0.0,1.0,0.0,0.0,4.85
STU-14911,-0.4603723631566263,-1.245420132848736,-0.3556515209006949,-0.5035228163436732,-1.0,-0.16345776031434173,-0.9763960852043756,0.0,1.0,0.0,1.0,0.0,0.0,0.0,3.61
STU-10960,0.8452040346152008,-0.683569516728581,0.4769093074350063,0.4622475627093934,-0.2,0.07858546168958744,0.2671272308578009,1.0,0.0,0.0,0.0,0.0,0.0,1.0,4.98
STU-10689,0.5813109329379161,0.0,1.3970563222031853,0.34766463638106304,-0.4,0.3646365422396858,0.5826137017846864,1.0,0.0,0.0,0.0,1.0,0.0,0.0,4.63
STU-14852,-0.349259478239875,-0.4960464850056139,1.3985107533152335e-15,0.29855766795463623,0.0,0.7104125736738707,-0.4766839378238342,1.0,0.0,0.0,1.0,0.0,0.0,0.0,4.2
STU-12737,-1.946507198918174,1.0623345717266302,0.8931897216028569,1.5016783944020997,0.2,0.6082514734774069,-0.9073114565342545,1.0,0.0,0.0,0.0,1.0,0.0,0.0,4.34
STU-13404,-0.6964872436047225,0.5780796928711521,-1.2177357828653201,-1.4365552164457878,1.4,-0.4557956777996072,-0.4697754749568222,0.0,1.0,0.0,0.0,0.0,0.0,1.0,4.47
STU-11485,-0.5159288056150019,-1.2842180014810733,-1.0130399763714364,0.699597910103791,-0.6,-0.4133595284872298,-0.4743811168681635,0.0,1.0,0.0,0.0,0.0,1.0,0.0,2.87
STU-11178,0.5813109329379161,-0.8322946798192106,-1.0907850182609409,0.0,0.6,-0.39764243614931233,2.80944156591825,0.0,1.0,1.0,0.0,0.0,0.0,0.0,4.31
STU-14613,-0.7659327966776918,0.0,-1.696999522108212,-0.15158954262094526,-0.8,-0.13673870333988203,1.1076568796776052,1.0,0.0,0.0,0.0,1.0,0.0,0.0,2.59
STU-11696,-1.1409387832717277,-2.207463579120969,0.11672341716211497,-0.8718250795418758,1.2,-1.3752455795677803,-0.16119746689694883,0.0,1.0,0.0,1.0,0.0,0.0,0.0,3.09
STU-12164,-0.8076001285214738,1.0623345717266302,0.7337631800066585,-0.8145336163777114,0.8,0.9760314341846759,1.658031088082902,0.0,1.0,0.0,0.0,0.0,1.0,0.0,4.93
STU-11377,0.8729822558443879,-0.5032312754930844,-0.002354431807885521,0.9451327522359263,0.0,0.5548133595284872,0.4928036845135293,1.0,0.0,0.0,0.0,1.0,0.0,0.0,4.64
STU-14598,1.4424357910427381,-0.07932863673235374,-0.1253687385950753,0.6423064469396258,-0.8,0.3347740667976426,0.9579735175590102,1.0,0.0,0.0,0.0,0.0,1.0,0.0,5.37
STU-14485,-0.16870104025015445,-0.37318656766987723,0.8666186313368229,-0.7654266479512839,0.6,0.6648330058939095,-0.6954519286125505,0.0,1.0,0.0,1.0,0.0,0.0,0.0,4.77
STU-11929,-0.7103763542193161,0.0,-2.601400705607631,2.3610503418645745,1.0,-0.14459724950884087,-0.46747265400115146,0.0,1.0,1.0,0.0,0.0,0.0,0.0,3.46
STU-14822,1.0535406938341085,1.0623345717266302,1.5043247977216152,0.9042102785472365,0.0,0.7497053045186644,-0.19113413932066786,1.0,0.0,0.0,0.0,0.0,1.0,0.0,5.69
STU-12423,0.03963561896875452,1.0623345717266302,1.5043247977216152,-0.929116542706041,-0.2,-0.40392927308447946,0.2394933793897525,1.0,0.0,0.0,0.0,1.0,0.0,0.0,4.17
STU-13876,0.10908117204172377,1.0623345717266302,1.5043247977216152,-0.04519111103035332,1.0,1.4632612966601182,0.4099021301093841,1.0,0.0,0.0,1.0,0.0,0.0,0.0,4.59
STU-10355,1.7896635564075856,1.0623345717266302,0.9138561251431042,-0.9454855321815171,0.0,1.3862475442043223,0.6102475532527346,1.0,0.0,0.0,1.0,0.0,0.0,0.0,5.03
STU-10941,-0.8076001285214738,-0.46012253256826385,-0.7975189108802802,-0.5935522584587891,-0.4,-1.2353634577603145,0.37766263672999445,0.0,1.0,0.0,0.0,0.0,1.0,0.0,2.99
STU-10730,0.45630893740657125,1.0623345717266302,0.13345336288517154,-0.3562019110643915,0.2,0.40078585461689603,1.8883131836499714,0.0,1.0,0.0,0.0,0.0,0.0,1.0,4.3
STU-10223,1.7896635564075856,1.0623345717266302,1.5043247977216152,0.18397474162630664,0.6,1.4428290766208256,0.7553252734599887,0.0,1.0,1.0,0.0,0.0,0.0,0.0,5.85
STU-14173,0.1924158357292866,0.1132237483318429,0.42081478354004703,-0.5280763005568863,0.0,0.028290766208251432,-0.9786989061600462,0.0,1.0,0.0,0.0,0.0,0.0,1.0,5.19
STU-10721,0.4007524949481956,1.0623345717266302,0.5999236142221961,-0.8145336163777114,1.6,-0.24990176817288803,-0.44674726540011517,1.0,0.0,0.0,1.0,0.0,0.0,0.0,4.42
STU-11340,0.5813109329379161,0.5867014414561155,0.631415276759716,-0.5117073110814109,0.6,0.0,0.0,1.0,0.0,0.0,1.0,0.0,0.0,0.0,5.25
STU-10781,-0.4881505843858135,-0.3803713581573468,-0.5603473273945786,-0.8963785637550896,0.2,-0.6742632612966603,1.0708117443868739,1.0,0.0,0.0,0.0,0.0,0.0,1.0,3.69
STU-14310,-1.3214972212614482,-1.2511679652387118,-1.0051670607370564,0.15942125741309288,-0.2,-1.306090373280943,-1.1836499712147381,0.0,1.0,1.0,0.0,0.0,0.0,0.0,3.09
STU-13245,-0.16870104025015445,-0.2294907579204771,-0.5780613875719331,0.003915857396073449,0.4,-0.7607072691552064,-0.2118595279217041,0.0,1.0,0.0,0.0,1.0,0.0,0.0,3.43
STU-13712,0.17852672511469303,-0.20075159597059666,-0.33892157517763694,0.2740041837414225,-0.6,-0.08644400785854602,2.5653425446171565,0.0,1.0,0.0,0.0,0.0,0.0,1.0,3.85
STU-11966,-0.5992634693025648,0.9552811934633275,0.04193071863550308,0.5850149837754607,-0.2,-0.5390962671905698,-0.8543465745538286,1.0,0.0,0.0,0.0,0.0,1.0,0.0,4.7
STU-13046,-2.029841862605737,-1.3237343491621583,-3.147584227742754,-0.33983292158891615,-0.4,-0.42907662082514747,-0.45365572826712725,1.0,0.0,0.0,1.0,0.0,0.0,0.0,2.49
STU-13878,-1.4326101061781995,-1.1017243230993359,-1.1380225120672207,1.04334668908878,0.8,-0.9398821218074657,-1.0316637881404722,0.0,1.0,0.0,0.0,0.0,0.0,1.0,3.76
STU-12575,1.7896635564075856,0.25332716283750717,1.3985107533152335e-15,-0.5280763005568863,-0.2,0.3756385068762281,-0.5872193436960277,1.0,0.0,0.0,0.0,0.0,1.0,0.0,4.81
STU-14891,-0.8631565709798494,1.0623345717266302,1.3527711717597968,0.7077824048415287,-0.2,-0.8895874263261299,2.1139896373057,1.0,0.0,0.0,0.0,1.0,0.0,0.0,4.67
STU-14665,-0.8353783497506609,-0.3803713581573468,-1.1478636566101967,-2.541462006040397,-1.0,-0.7135559921414539,-0.14507772020725387,0.0,1.0,0.0,0.0,0.0,0.0,1.0,3.24
STU-10690,-0.7937110179068801,-0.5290965212479765,-1.1252290241613536,-0.42986236370403197,2.2,-0.619253438113949,-0.9971214738054118,1.0,0.0,0.0,0.0,0.0,0.0,1.0,3.04
STU-10531,-2.1270656369078944,-2.50922477959471,-0.7148532967192882,-1.2810498164287683,-0.6,-1.032612966601179,0.9556706966033391,1.0,0.0,0.0,0.0,1.0,0.0,0.0,1.58
STU-13733,0.33130694187522636,-0.7561359006520284,-0.07321067251730673,-0.4462313531795081,-1.0,0.023575638506876287,-0.37305699481865295,0.0,1.0,0.0,0.0,1.0,0.0,0.0,3.56
STU-12911,0.3174178312606327,0.9401931334396398,1.3183271658593843,0.8960257838094988,0.8,0.35520628683693517,0.5388601036269433,1.0,0.0,0.0,0.0,0.0,1.0,0.0,5.12
STU-12694,0.0,0.36684685253953314,-0.9244696754846606,1.223405573319013,-0.4,0.30648330058939116,-1.1859527921704087,1.0,0.0,1.0,0.0,0.0,0.0,0.0,3.92
STU-12843,-0.6131525799171597,0.0,-2.0867088460100294,-0.49533832160593483,0.2,-0.5406679764243615,-0.4260218767990789,0.0,1.0,0.0,0.0,0.0,0.0,1.0,2.26
STU-11959,-1.5437229910949508,-1.3517550320632912,-0.8841209828584613,-0.5117073110814109,0.6,-1.001178781925344,-0.8198042602187681,1.0,0.0,0.0,0.0,1.0,0.0,0.0,2.91
STU-11479,-0.9326021240528186,0.5076687460939459,-0.2267325273877198,0.9123947732849741,-0.4,0.5972495088408647,0.3108808290155442,1.0,0.0,0.0,0.0,0.0,0.0,1.0,4.25
STU-13252,0.0,1.0623345717266302,0.6717639693859153,0.9369482574981887,-0.8,0.9053045186640473,0.2256764536557284,1.0,0.0,0.0,1.0,0.0,0.0,0.0,4.9
STU-14695,0.6090891541671046,1.0623345717266302,1.5043247977216152,-0.7572421532135463,0.2,0.8550098231827112,0.753022452504318,0.0,1.0,0.0,1.0,0.0,0.0,0.0,5.64
STU-11213,-0.5437070268441891,-0.45796709542202274,0.10294581480194966,2.0745930260437486,-1.0,-0.11473477406679773,0.37305699481865295,1.0,0.0,1.0,0.0,0.0,0.0,0.0,4.51
STU-12050,-1.2103843363446969,-0.7123086786784614,-0.40092078579838014,0.6259374574641497,0.4,-0.5469548133595287,0.5987334484743814,1.0,0.0,0.0,1.0,0.0,0.0,0.0,3.61
STU-12957,-1.3353863318760417,-1.5651433095411509,-1.0386269521831724,-0.3725709005398675,-1.0,-0.2593320235756386,0.15659182498560753,1.0,0.0,1.0,0.0,0.0,0.0,0.0,3.36
STU-10954,1.5257704547303008,-1.525626961860066,-1.623190938035898,0.6832289206283149,-1.0,0.19332023575638516,-0.5112262521588946,0.0,1.0,0.0,1.0,0.0,0.0,0.0,3.96
STU-14044,-0.6409308011463468,1.0623345717266302,0.40802129563417977,-0.31527943737570235,-1.0,1.7068762278978393,0.02763385146804839,1.0,0.0,0.0,0.0,0.0,0.0,1.0,4.69
STU-14633,1.7896635564075856,0.10316504164938485,1.5043247977216152,-0.5608142795078377,0.4,0.9618860510805501,1.4738054116292458,1.0,0.0,0.0,0.0,1.0,0.0,0.0,5.16
STU-10032,0.22019405695847505,-0.9616209085936706,0.293864018935668,1.076084668039732,-1.0,0.0,0.16119746689694883,1.0,0.0,0.0,0.0,0.0,0.0,1.0,3.45
STU-13265,0.4701980480211648,-1.788590293701468,1.4679125629126066,-0.004268637341664224,0.0,1.0734774066797645,0.2855497985031665,1.0,0.0,1.0,0.0,0.0,0.0,0.0,4.55
STU-12774,-2.0853983050641123,0.7217755026205522,-0.9284061333018498,1.46075592071341,-1.0,0.1210216110019646,-0.6770293609671849,1.0,0.0,0.0,0.0,0.0,0.0,1.0,4.26
STU-10335,-1.1687170045009148,-1.2461386118974822,-0.26904944892251237,1.518047383877575,-0.2,-0.2593320235756386,-0.6355785837651123,1.0,0.0,0.0,0.0,0.0,0.0,1.0,4.09
STU-14735,0.7757584815422303,0.14627378457420448,-0.4028890147069748,-0.2170655005228481,0.2,-0.5265225933202358,0.6355785837651126,0.0,1.0,0.0,0.0,0.0,0.0,1.0,3.61
STU-14356,0.33130694187522636,-0.518319335516771,0.1049140437105443,0.053022825822500945,-0.4,0.088015717092338,0.9441565918249859,1.0,0.0,0.0,0.0,1.0,0.0,0.0,4.49
STU-14102,-0.9881585665111943,1.0623345717266302,0.7937941617188071,-0.7572421532135463,0.8,-0.0974459724950883,-0.8036845135290732,0.0,1.0,0.0,0.0,0.0,0.0,1.0,3.66
STU-10451,-0.26592481455231215,0.24901628854502605,1.0240769440244266,-0.6262902374097405,-0.4,0.14302554027504916,-0.7875647668393784,1.0,0.0,0.0,0.0,0.0,0.0,1.0,4.3
STU-14669,0.0,1.0623345717266302,0.5792572106819475,-1.5593226375118556,0.4,1.20392927308448,0.432930339666091,1.0,0.0,0.0,0.0,0.0,0.0,1.0,5.0
STU-10343,0.0,1.022099744996798,0.08227941126170099,-0.5608142795078377,1.0,0.620825147347741,0.11974668969487635,1.0,0.0,1.0,0.0,0.0,0.0,0.0,4.59
STU-13461,0.2618613888022571,1.0623345717266302,1.0988696425510371,0.8223653311698583,1.4,0.4526522593320238,-0.13816925734024174,1.0,0.0,0.0,1.0,0.0,0.0,0.0,5.65
STU-11464,-0.9742694558966007,-0.340855010476262,1.028997516295914,-0.929116542706041,-0.4,0.8785854616895878,-0.04375359815774313,1.0,0.0,0.0,0.0,1.0,0.0,0.0,3.83
STU-10469,-0.7798219072922853,-2.1930939981460296,-1.3348454029267245,-0.15977403735868367,-1.0,-1.031041257367387,0.2302820955670697,0.0,1.0,0.0,0.0,0.0,0.0,1.0,3.18
STU-11632,-0.3214812570106865,-0.45293774208079424,-0.6016801344750745,0.6832289206283149,-1.0,-0.11630648330058944,0.356937248128958,0.0,1.0,0.0,0.0,0.0,1.0,0.0,4.15
STU-13963,1.7896635564075856,1.0623345717266302,1.407881581200458,-1.0027769953456815,-0.4,2.440864440078586,2.80944156591825,0.0,1.0,0.0,0.0,0.0,0.0,1.0,5.72
STU-11684,1.3591011273551752,1.0623345717266302,0.49855982542955163,-0.822718111115449,-1.0,0.7151277013752455,-0.6171560161197467,1.0,0.0,0.0,1.0,0.0,0.0,0.0,4.81
STU-12133,-1.4187209955636046,-1.8884588814773011,-1.074055072537883,-1.2810498164287683,0.2,-1.7304518664047155,-0.6332757628094416,1.0,0.0,0.0,1.0,0.0,0.0,0.0,1.59
STU-12172,-1.3353863318760417,1.0623345717266302,0.7495090112754185,0.044838331084762546,0.8,0.6349705304518667,-0.3062751871042027,1.0,0.0,0.0,0.0,1.0,0.0,0.0,4.36
STU-14374,-1.1270496726571329,1.0623345717266302,1.1677576543518637,-1.6575365743647092,0.8,0.5563850687622792,-0.6010362694300518,0.0,1.0,0.0,0.0,0.0,1.0,0.0,4.68
STU-12123,-0.6409308011463468,-0.6095661747076399,1.5043247977216152,-0.6181057426720028,0.4,-0.36620825147347746,-0.0805987334484743,1.0,0.0,0.0,0.0,1.0,0.0,0.0,3.36
STU-12763,-1.3909427743344174,0.0,0.3391332838333532,0.03665383634702487,-1.0,-0.12730844793713172,1.694876223373633,1.0,0.0,0.0,0.0,1.0,0.0,0.0,3.91
STU-12016,0.91464958768817,1.0623345717266302,1.5043247977216152,1.4034644575492463,2.4,0.32534381139489205,1.2251007484168106,0.0,1.0,0.0,0.0,0.0,1.0,0.0,5.16
STU-12803,0.7340911496984495,0.0,0.7770642159957492,-0.2907259531624886,0.6,-0.05500982318271115,-0.2164651698330454,1.0,0.0,1.0,0.0,0.0,0.0,0.0,4.27
STU-13558,1.2757664636676112,1.0623345717266302,1.1441389074487238,-0.8063491216399737,0.6,1.1001964636542245,2.1093839953943583,1.0,0.0,0.0,0.0,0.0,0.0,1.0,6.53
STU-10831,0.05352472958334813,-0.09944605009726984,1.013251685027154,-1.747566016479826,-0.2,-0.015717092337917432,1.3955094991364423,1.0,0.0,0.0,0.0,0.0,0.0,1.0,4.7
STU-13988,-1.085382340813352,0.0,-0.44914239405895806,2.221913931323031,-0.4,-1.5921414538310414,-0.2256764536557282,1.0,0.0,0.0,0.0,0.0,0.0,1.0,2.44
STU-11998,0.8590931452297944,-1.518442171372596,-0.26806533446821573,-0.3562019110643915,2.4,0.13045186640471515,-0.34542314335060453,0.0,1.0,1.0,0.0,0.0,0.0,0.0,3.58
STU-14295,-0.8214892391360673,1.0623345717266302,1.5043247977216152,0.3804026153320144,-0.8,-0.15245579567779974,-0.6954519286125505,0.0,1.0,0.0,1.0,0.0,0.0,0.0,4.41
STU-13945,-0.19647926147934167,1.0623345717266302,0.8105241074418651,-0.7163196795248571,0.4,-0.025147347740668003,-0.052964881980425926,0.0,1.0,0.0,0.0,1.0,0.0,0.0,4.6
STU-14290,0.02574650835416092,1.0623345717266302,0.8154446797133524,-0.5198918058191486,0.8,0.6884086444007861,-0.9441565918249857,1.0,0.0,0.0,0.0,0.0,1.0,0.0,4.98
STU-11925,-0.29370303578149937,0.21812168944890453,-0.6872980919989576,-0.15158954262094526,-0.6,-0.031434184675834864,0.3753598157743236,1.0,0.0,0.0,0.0,0.0,1.0,0.0,4.39
STU-13280,-0.140922819020966,1.0623345717266302,-0.288731738008463,-1.9849163638742235,1.4,0.719842829076621,1.2204951065054694,0.0,1.0,0.0,0.0,0.0,0.0,1.0,4.22
STU-10011,-1.1270496726571329,-0.9587469923986821,-3.2804396790729182,1.1170071417284204,0.2,-1.4255402750491162,-0.356937248128958,1.0,0.0,0.0,0.0,0.0,0.0,1.0,2.23
STU-10869,1.4563249016573316,0.8137408208601684,-0.1607968589497859,-0.08611358471904242,-0.2,0.9886051080550101,-0.8244099021301095,0.0,1.0,0.0,0.0,0.0,0.0,1.0,6.17
STU-12058,-0.9881585665111943,-1.5011986742026684,-1.825918515621187,1.5016783944020997,0.6,-0.9713163064833007,-0.06908462867012087,1.0,0.0,0.0,0.0,1.0,0.0,0.0,2.51
STU-12912,-0.26592481455231215,0.9164833248309889,0.690462144017568,-0.2661724689492756,1.8,-0.02200392927308457,-0.4513529073114566,1.0,0.0,0.0,0.0,0.0,1.0,0.0,4.8
STU-10407,-3.0437469374710915,-0.004606815662665236,0.9856964803068234,1.7553977312719735,0.0,-0.5768172888015718,0.541162924582614,1.0,0.0,0.0,1.0,0.0,0.0,0.0,3.54
STU-12684,-1.1270496726571329,1.0623345717266302,0.3971960366369071,0.1921592363640443,0.8,-0.969744597249509,-0.2210708117443869,1.0,0.0,0.0,1.0,0.0,0.0,0.0,4.36
STU-10246,-0.557596137458784,-0.18997441023939227,-0.7768525073400329,-0.8881940690173519,-0.4,-0.2609037328094303,0.568796776050662,0.0,1.0,0.0,0.0,0.0,1.0,0.0,4.17
STU-10250,-0.08536637656259037,-1.787871814652721,-0.5485379539430079,0.1921592363640443,0.0,-1.5874263261296662,1.1445020149683363,1.0,0.0,0.0,0.0,1.0,0.0,0.0,3.97
STU-14631,-0.6131525799171597,-0.7870304997481489,-0.4648882253277194,1.1661141101548478,0.4,-0.3159135559921415,-0.4997121473805412,0.0,1.0,0.0,0.0,0.0,0.0,1.0,3.9
STU-10434,-1.363164553105229,-2.061612332225328,-0.6321876825582964,1.5917078365172157,-0.4,-0.47151277013752463,0.0,1.0,0.0,0.0,1.0,0.0,0.0,0.0,2.86
STU-13703,0.0,0.48970676987527084,1.5043247977216152,0.6177529627264121,1.2,-0.3237721021611003,1.1951640759930917,0.0,1.0,0.0,0.0,1.0,0.0,0.0,4.51
STU-13724,-1.0020476771257878,1.0623345717266302,-0.3556515209006949,0.29855766795463623,-1.0,0.9493123772102164,-0.40299366724237196,1.0,0.0,1.0,0.0,0.0,0.0,0.0,4.34
STU-11326,0.4285307161773828,0.16998359318285536,-1.0297699220944945,-0.4707848373927218,-0.2,0.1241650294695483,0.26482440990213024,0.0,1.0,0.0,0.0,0.0,0.0,1.0,4.27
STU-14661,0.4285307161773828,1.0623345717266302,1.5043247977216152,-0.41349337422855664,1.2,-0.35049115913556006,0.31318364997121484,0.0,1.0,0.0,0.0,0.0,1.0,0.0,4.6
STU-11627,-0.9881585665111943,-0.6921912653135452,1.3985107533152335e-15,0.6095684679886744,0.8,-0.0722986247544203,-0.782959124928037,1.0,0.0,0.0,0.0,1.0,0.0,0.0,3.27
STU-12306,-2.168732968751675,-1.5895715971985487,1.3985107533152335e-15,-0.2579879742115372,1.4,0.0,-0.29476108232584924,1.0,0.0,0.0,0.0,1.0,0.0,0.0,1.44
STU-12405,1.1090971362924842,-1.9294121872558803,-1.848553148070029,1.1906675943680622,0.6,-1.3736738703339886,1.1352907311456537,0.0,1.0,0.0,0.0,1.0,0.0,0.0,5.05
STU-12139,-1.7937269821576405,-1.790745730847709,-1.0711027291749904,-1.788488490168515,0.8,-0.9493123772102163,0.8336211859527923,1.0,0.0,1.0,0.0,0.0,0.0,0.0,2.67
STU-11358,0.08130295081253533,-0.12171890060842702,1.1234725039084752,-0.037006616292615646,0.4,-0.17760314341846745,2.0426021876799085,1.0,0.0,0.0,1.0,0.0,0.0,0.0,4.3
STU-10956,0.34519605248981994,1.0623345717266302,1.5043247977216152,0.7077824048415287,-0.8,1.7571709233791755,-0.06217616580310872,1.0,0.0,0.0,1.0,0.0,0.0,0.0,5.03
STU-12457,0.08130295081253533,0.5055133089477047,0.2584358985809574,1.6653682891568562,0.0,0.18703339882121803,0.3914795624640185,1.0,0.0,0.0,0.0,1.0,0.0,0.0,4.52
STU-10938,0.8174258133860123,0.8065560303726979,1.4068974667461613,-0.5526297847701,0.2,-0.5155206286836935,0.38457109959700636,1.0,0.0,1.0,0.0,0.0,0.0,0.0,5.41
STU-14234,-1.363164553105229,-0.31642672281886375,1.3985107533152335e-15,0.6423064469396258,1.2,-1.232220039292731,0.7276914219919405,0.0,1.0,1.0,0.0,0.0,0.0,0.0,1.84
STU-11535,-1.8770616458452034,-0.948688285716224,0.005518483826494457,1.0597156785642567,1.6,0.0,1.7593552101324124,0.0,1.0,0.0,0.0,0.0,1.0,0.0,3.42
STU-10222,-0.9464912346674123,-0.24386033889541733,-0.727646784625157,-1.264680826953293,0.4,-1.633005893909627,-1.0224525043177892,1.0,0.0,0.0,0.0,0.0,1.0,0.0,2.21
STU-11859,1.081318915063297,1.0623345717266302,-0.18835206367011653,-0.3070949426379647,0.0,1.1096267190569746,0.8198042602187681,0.0,1.0,0.0,0.0,0.0,1.0,0.0,5.18
STU-11717,-0.11314459779177881,-1.6635749392194898,0.3037051634786426,0.9942397206623538,0.2,-0.47308447937131637,-0.8382268278641336,1.0,0.0,0.0,0.0,1.0,0.0,0.0,3.41
STU-13844,-1.1687170045009148,-0.02616118712507607,0.15215153751682559,-1.1255444164117496,0.6,0.23104125736738718,0.07829591249280367,1.0,0.0,0.0,1.0,0.0,0.0,0.0,4.0
STU-10403,-0.5159288056150019,1.0623345717266302,0.690462144017568,-1.7066435427911368,-0.6,1.0404715127701376,-0.7852619458837076,1.0,0.0,0.0,0.0,1.0,0.0,0.0,4.02
STU-14294,-0.7937110179068801,1.0623345717266302,-0.37434969553234754,1.951825604977682,-0.4,-0.25147347740667975,0.16119746689694883,0.0,1.0,0.0,0.0,0.0,0.0,1.0,5.01
STU-13642,0.1924158357292866,1.0623345717266302,1.2868355033218644,0.020284846871549526,0.2,1.5072691552062873,-0.95797351755901,1.0,0.0,0.0,0.0,1.0,0.0,0.0,4.85
STU-14159,-1.5853903229387316,-0.580108533709013,0.606812415402278,-0.40530887949081895,-1.0,-0.17760314341846745,1.7132987910189985,0.0,1.0,0.0,0.0,0.0,0.0,1.0,3.26
STU-13801,0.0,1.0623345717266302,0.9856964803068234,-1.968547374398748,0.4,0.6616895874263261,-0.48589522164651705,1.0,0.0,1.0,0.0,0.0,0.0,0.0,5.44
STU-11445,-0.5298179162295955,1.0623345717266302,1.2691214431445084,-2.197713227055407,-1.0,0.7811394891944993,-0.1934369602763385,1.0,0.0,1.0,0.0,0.0,0.0,0.0,5.08
STU-12410,-1.5715012123241379,-1.860438198576168,-2.234326014154657,0.5604614995622477,-0.6,-1.0750491159135562,-0.0990213010938399,1.0,0.0,0.0,0.0,0.0,1.0,0.0,2.43
STU-10763,1.7896635564075856,1.0623345717266302,-0.10962290732631536,0.6750444258905772,-0.2,1.7838899803536348,0.4605641911341394,0.0,1.0,0.0,0.0,0.0,0.0,1.0,6.32
STU-13533,0.5813109329379161,-0.8560044884278615,-0.36549266544366954,0.0,-1.0,0.5673870333988212,-0.75993091537133,1.0,0.0,0.0,0.0,1.0,0.0,0.0,4.63
STU-13296,1.0257624726049213,1.0623345717266302,-0.47669759877928863,0.22489721531499574,-0.4,0.42593320235756404,1.390903857225101,1.0,0.0,1.0,0.0,0.0,0.0,0.0,5.18
STU-12894,-0.2520357039377173,0.6535199929895871,-0.20212966603028185,-0.45441584791724576,1.2,-0.9021611001964639,-0.43523316062176165,1.0,0.0,0.0,0.0,0.0,0.0,1.0,3.5
STU-10582,1.5813268971886765,0.6348395377221646,-0.048607811159868765,-1.2401273427400792,-0.2,0.7387033398821221,0.7000575705238918,0.0,1.0,0.0,0.0,0.0,1.0,0.0,5.13
STU-13500,-0.015920823489621122,-0.9379110999850196,-0.48949108668515734,0.3804026153320144,0.0,-0.8298624754420433,0.0,0.0,1.0,0.0,0.0,0.0,0.0,1.0,3.71
STU-12433,0.03963561896875452,-0.18135266165442795,0.06554946553864302,-0.5198918058191486,1.4,0.8471512770137524,-0.13126079447322958,1.0,0.0,0.0,0.0,0.0,1.0,0.0,4.85
STU-14955,0.5813109329379161,0.7756614312765773,1.4757854785469866,-1.264680826953293,-0.2,0.4385068762278981,-0.4099021301093841,1.0,0.0,0.0,0.0,0.0,0.0,1.0,5.18
STU-14679,1.1229862469070777,1.0623345717266302,1.5043247977216152,-0.3889398900153429,0.2,1.8546168958742635,0.18883131836499722,1.0,0.0,1.0,0.0,0.0,0.0,0.0,5.74
STU-13169,-1.2659407788030725,1.0623345717266302,-1.2285610418625927,0.5931994785131991,1.0,0.0,0.432930339666091,0.0,1.0,0.0,0.0,1.0,0.0,0.0,2.76
STU-11412,-0.6270416905317532,0.02844322057969634,1.3655646596656654,-0.9864080058702062,0.8,0.0,-0.21876799078871625,1.0,0.0,0.0,0.0,0.0,0.0,1.0,3.88
STU-12317,-0.08536637656259037,0.0,-0.47276114096209937,1.6326303102059054,-0.2,0.25461689587426345,2.80944156591825,0.0,1.0,0.0,0.0,0.0,0.0,1.0,4.83
STU-11060,0.0,1.0623345717266302,1.5043247977216152,0.8796567943340234,1.0,1.2840864440078588,-0.8221070811744388,0.0,1.0,0.0,0.0,0.0,1.0,0.0,5.18
STU-14385,0.09519206142713017,-0.7985261645281017,-1.039611066637469,2.164622468158866,-1.0,-1.0671905697445974,-0.3246977547495683,1.0,0.0,0.0,0.0,0.0,0.0,1.0,3.74
STU-13828,-1.4742774380219803,-2.106876512296389,-0.5692043574832552,-0.9536700269192547,1.0,-0.6302554027504912,-0.35002878526194586,1.0,0.0,0.0,0.0,0.0,1.0,0.0,2.62
STU-13248,0.10908117204172377,-1.6405836096595858,-1.379130553370113,-1.2401273427400792,-0.4,-0.4086444007858546,1.275762809441566,0.0,1.0,0.0,0.0,1.0,0.0,0.0,3.15
STU-12357,-0.8353783497506609,-0.48742473642064954,0.7337631800066585,0.3558491311188014,0.8,-0.5909626719056975,-0.2026482440990213,0.0,1.0,1.0,0.0,0.0,0.0,0.0,4.57
STU-13520,-0.07147726594799676,-0.27619189608903155,0.641256421302692,0.5277235206112962,-0.2,-0.4762278978388998,0.3914795624640185,1.0,0.0,0.0,0.0,0.0,0.0,1.0,3.99
STU-10419,-1.1964952257301034,1.0623345717266302,-0.8664069226811066,0.34766463638106304,-0.8,-0.3064833005893909,-0.5273459988485896,1.0,0.0,0.0,0.0,0.0,0.0,1.0,4.13
STU-12020,1.6924397821054278,1.0623345717266302,0.7386837522781459,1.730844247058759,-0.2,1.3422396856581535,-0.2118595279217041,1.0,0.0,0.0,1.0,0.0,0.0,0.0,5.65
STU-13435,0.22019405695847505,0.20015971323022952,1.5043247977216152,0.6259374574641497,-1.0,1.1882121807465622,-0.42141623488773744,1.0,0.0,0.0,0.0,0.0,0.0,1.0,4.29
STU-12526,0.6368673753962918,0.0,0.7504931257297165,-0.2170655005228481,0.8,0.6632612966601181,0.5227403569372483,1.0,0.0,1.0,0.0,0.0,0.0,0.0,5.49
STU-11431,-1.765948760928452,0.7440483531317085,-1.8249344011668889,2.0254860576173224,1.6,0.012573673870334002,-0.7852619458837076,1.0,0.0,0.0,0.0,1.0,0.0,0.0,3.08
STU-14371,-2.18262207936627,-2.1428004647337393,-1.4401456495365597,0.044838331084762546,0.2,-0.9021611001964639,-0.16119746689694883,0.0,1.0,0.0,0.0,0.0,0.0,1.0,2.39
STU-10270,-0.8492674603652558,-2.223270118193403,1.2632167564187229,0.9042102785472365,0.2,-1.1850687622789786,-0.12895797351755894,0.0,1.0,0.0,0.0,0.0,0.0,1.0,3.21
STU-11124,-0.4603723631566263,0.05933781967581785,0.9502683599521128,-0.3725709005398675,0.0,0.3457760314341849,1.4300518134715028,1.0,0.0,0.0,0.0,0.0,1.0,0.0,4.38
STU-10852,1.5396595653448957,1.0623345717266302,0.20037314577740348,0.18397474162630664,-1.0,1.0561886051080553,0.9142199194012667,0.0,1.0,0.0,0.0,1.0,0.0,0.0,5.42
STU-10901,0.33130694187522636,0.16639119793912058,-0.4383171350616854,2.4428952892419526,0.2,-0.7842829076620826,-0.7760506620610248,0.0,1.0,0.0,0.0,0.0,1.0,0.0,5.58
STU-13491,0.7618693709276366,1.0623345717266302,0.1669132543312875,-1.264680826953293,0.4,0.8345776031434187,0.3684513529073116,0.0,1.0,0.0,0.0,0.0,0.0,1.0,4.48
STU-14751,0.6090891541671046,0.0047334119710454444,0.6461769935741793,0.9287637627604509,0.0,0.5218074656188606,0.14968336211859537,1.0,0.0,0.0,1.0,0.0,0.0,0.0,5.04
STU-14014,0.05352472958334813,0.0,-0.726662670170859,-0.8963785637550896,1.2,-0.6003929273084481,-0.47898675877950486,1.0,0.0,0.0,0.0,1.0,0.0,0.0,3.09
STU-10593,1.3591011273551752,1.0623345717266302,0.38637077763963446,-1.3628947638061473,0.0,1.0483300589390965,0.0,0.0,1.0,0.0,0.0,0.0,1.0,0.0,4.91
STU-11687,-0.9187130134382251,-1.608252052465971,-1.0199287775515198,0.012100352133811124,0.4,-0.9540275049115914,-0.2579159470351181,1.0,0.0,0.0,0.0,0.0,0.0,1.0,2.19
STU-13121,-3.00207960562731,-1.0866362630756483,-1.8042679976266418,0.17579024688856823,0.0,-0.8267190569744598,-0.6954519286125505,1.0,0.0,0.0,0.0,0.0,0.0,1.0,2.84
STU-11498,0.05352472958334813,0.18004229986531342,-1.6871583775652372,0.42950958375844195,-1.0,0.176031434184676,1.324122049510651,1.0,0.0,0.0,0.0,0.0,1.0,0.0,3.69
STU-10510,1.0118733619903277,1.0623345717266302,1.1746464555319471,-1.3137877953797197,1.2,1.2353634577603148,-0.4951065054691998,0.0,1.0,1.0,0.0,0.0,0.0,0.0,5.89
STU-14183,0.2618613888022571,0.6039449386260441,1.5043247977216152,1.3625419838605564,0.4,1.2243614931237725,-0.4237190558434082,1.0,0.0,0.0,1.0,0.0,0.0,0.0,5.13
STU-13581,-1.765948760928452,1.0623345717266302,0.11573930270781695,-1.1091754269362735,-0.2,0.2829076620825149,-0.9625791594703512,1.0,0.0,0.0,1.0,0.0,0.0,0.0,3.09
STU-12129,0.6368673753962918,-0.2733179798940441,-1.1084990784382955,-0.004268637341664224,0.4,-0.9414538310412576,0.6632124352331606,1.0,0.0,1.0,0.0,0.0,0.0,0.0,3.19
STU-10390,0.24797227818766227,1.0623345717266302,-0.5583790984859826,1.640814804943643,0.6,0.40078585461689603,-0.6931491076568798,0.0,1.0,0.0,0.0,0.0,0.0,1.0,4.61
STU-10574,-0.3770376994690622,0.42001430214681185,-0.24838304538226508,-0.02063762681713957,0.0,0.2907662082514735,0.6747265400115143,1.0,0.0,0.0,0.0,1.0,0.0,0.0,4.49
STU-12767,-0.16870104025015445,-0.2460157760416574,-0.21197081057325648,-0.3070949426379647,-0.6,-1.0734774066797645,0.7691421991940129,0.0,1.0,1.0,0.0,0.0,0.0,0.0,4.08
STU-11937,0.22019405695847505,-0.29056147706397173,0.3411015127419493,-1.4447397111835254,0.2,0.0,0.40299366724237196,1.0,0.0,0.0,0.0,0.0,0.0,1.0,4.77
STU-14010,1.7896635564075856,1.0623345717266302,-0.8841209828584613,-0.4789693321304595,-0.6,0.7921414538310415,-0.5020149683362118,1.0,0.0,0.0,0.0,0.0,0.0,1.0,4.61
STU-14848,-1.0159367877403815,-0.20506247026307883,0.1265645617050896,-1.5756916269873311,-0.6,-0.41178781925343805,0.19573978123200936,0.0,1.0,0.0,0.0,1.0,0.0,0.0,4.19
STU-14011,-0.4464832525420327,-0.7302706548971364,-0.31628694272879365,-1.0436994690343706,0.4,-0.950884086444008,-0.27633851468048365,0.0,1.0,0.0,1.0,0.0,0.0,0.0,3.77
STU-11150,0.9285386983027636,0.008325807214780243,0.9837282513982274,0.5850149837754607,-0.2,0.24361493123772118,1.4645941278065633,0.0,1.0,0.0,0.0,0.0,0.0,1.0,5.96
STU-13651,-0.6409308011463468,1.0623345717266302,-1.841664346889947,0.2740041837414225,0.4,1.1269155206286838,-0.06678180771445022,1.0,0.0,1.0,0.0,0.0,0.0,0.0,4.74
STU-14882,1.7896635564075856,1.0623345717266302,1.2179474915210378,-0.2907259531624886,0.8,1.2432220039292736,-0.48589522164651705,1.0,0.0,0.0,1.0,0.0,0.0,0.0,5.05
STU-13794,-1.5576121017095443,1.0623345717266302,-0.1293051964122646,-0.45441584791724576,0.4,0.3803536345776032,0.17040875071963163,1.0,0.0,0.0,0.0,1.0,0.0,0.0,3.99
STU-10494,-0.5020396950004083,-1.826669683285059,-0.030893750982512767,-0.6672127110984296,-1.0,-0.8927308447937132,-0.33621185952792176,1.0,0.0,1.0,0.0,0.0,0.0,0.0,2.97
STU-10435,0.23408316757306866,-0.9695241781298874,0.19545257350591616,0.9696862364491393,1.2,0.42907662082514747,-0.3707541738629821,1.0,0.0,0.0,0.0,0.0,0.0,1.0,4.41
STU-13045,-0.140922819020966,0.4178588650005708,0.35389500064781654,-0.07792908998130474,-0.6,0.0,-0.6885434657455384,1.0,0.0,0.0,0.0,0.0,0.0,1.0,4.3
STU-13425,1.3868793485843625,-0.3580985076461896,0.453290560531865,1.739028741796498,0.2,-1.1850687622789786,-0.4191134139320668,1.0,0.0,0.0,0.0,0.0,1.0,0.0,4.58
STU-11146,0.5674218223233225,0.9330083429521703,-0.9244696754846606,-0.3480174163266538,0.4,-0.10530451866404716,0.4997121473805412,0.0,1.0,0.0,0.0,0.0,0.0,1.0,4.21
STU-12411,-0.08536637656259037,1.0623345717266302,0.6609387103886427,0.8632878048585481,0.2,1.4978388998035366,-0.36154289004029927,1.0,0.0,0.0,1.0,0.0,0.0,0.0,5.95
STU-13476,-0.30759214639609295,1.0623345717266302,0.7859212460844271,-0.9618545216569924,0.8,0.669548133595285,-0.15889464594127797,0.0,1.0,0.0,0.0,0.0,1.0,0.0,4.37
STU-12872,-0.2381465933231237,-0.3013386627951772,-0.36942912326086025,-0.15158954262094526,0.0,0.029862475442043148,-0.9833045480713875,1.0,0.0,0.0,0.0,1.0,0.0,0.0,4.23
STU-13130,0.6785347072400738,-0.4047996458147451,1.3985107533152335e-15,-0.7654266479512839,-0.8,-0.40707269155206294,0.19804260218768002,0.0,1.0,0.0,0.0,0.0,0.0,1.0,3.9
STU-13931,-1.7242814290846713,-2.2900886697268743,-1.647793799393336,-0.8472715953286628,0.4,-1.7304518664047155,1.2043753598157745,0.0,1.0,0.0,0.0,0.0,0.0,1.0,2.38
STU-13115,-0.668709022375534,-0.2000331169218493,-0.42257130379292546,0.9369482574981887,-0.8,0.09430255402750487,0.19804260218768002,1.0,0.0,1.0,0.0,0.0,0.0,0.0,3.66
STU-10294,0.011857397739566082,1.0623345717266302,0.40703718117988175,1.5753388470417402,-0.6,0.4385068762278981,-0.7760506620610248,0.0,1.0,0.0,0.0,1.0,0.0,0.0,4.82
STU-14185,-1.5992794335533265,0.4264806135855351,-0.693202778724743,1.739028741796498,-0.6,0.48408644400785866,0.3937823834196892,1.0,0.0,0.0,0.0,0.0,0.0,1.0,4.08
STU-11784,0.011857397739566082,0.48395893748529495,-1.531668293786228,1.1415606259416349,0.2,-0.707269155206287,-0.8290155440414508,0.0,1.0,0.0,1.0,0.0,0.0,0.0,3.89
STU-11157,0.8035367027714188,-1.8309805575775413,-0.9490725368420986,-0.22524999526058578,0.2,-1.0467583497053048,-0.5020149683362118,1.0,0.0,0.0,0.0,0.0,0.0,1.0,3.08
STU-12760,-1.2381625575738842,1.0623345717266302,-0.5377126949457353,-1.0846219427230603,0.0,0.0,-0.04375359815774313,0.0,1.0,0.0,0.0,0.0,0.0,1.0,3.88
STU-13823,1.0257624726049213,0.41426646975683595,0.8243017098020304,-0.675397205836168,-1.0,0.5563850687622792,-1.0869314910765688,1.0,0.0,0.0,0.0,0.0,1.0,0.0,3.97
STU-11147,0.8035367027714188,0.1240009340630473,1.3985107533152335e-15,2.1073310049947005,-1.0,0.40235756385068777,-0.9856073690270581,1.0,0.0,0.0,0.0,0.0,1.0,0.0,4.89
STU-11063,-0.9742694558966007,0.39630449353816094,0.4936392531580643,-0.7326886690003325,-0.2,-0.22946954813359519,1.8353483016695453,0.0,1.0,0.0,0.0,0.0,1.0,0.0,3.7
STU-10491,-2.4465151810435533,-0.5369997907841935,-0.5485379539430079,-1.452924205921263,0.6,-0.3159135559921415,-0.4122049510650548,1.0,0.0,0.0,0.0,1.0,0.0,0.0,3.48
STU-10746,-0.5714852480733775,0.026287783433455256,-1.605476877858542,-0.7081351847871195,1.2,-0.2939096267190569,-0.7415083477259644,1.0,0.0,1.0,0.0,0.0,0.0,0.0,3.65
STU-11923,-0.30759214639609295,-0.4989204012006023,-1.0799597592636683,1.7553977312719735,1.0,-0.5485265225933204,-0.16119746689694883,1.0,0.0,0.0,0.0,1.0,0.0,0.0,3.53
STU-10815,0.386863384333602,1.0623345717266302,1.3985107533152335e-15,0.5686459942999853,-1.0,1.8640471512770143,1.1329879101899831,1.0,0.0,0.0,0.0,0.0,1.0,0.0,6.14
STU-12060,-1.6409467653971073,-0.6706368938511355,-0.8919938984928413,0.8796567943340234,-1.0,-0.9477406679764244,-0.5434657455382844,1.0,0.0,0.0,0.0,1.0,0.0,0.0,3.33
STU-11930,0.0,-0.8093033502593061,0.08621586907889169,0.6095684679886744,-0.2,-0.6428290766208252,0.2717328727691424,1.0,0.0,1.0,0.0,0.0,0.0,0.0,3.56
STU-12658,0.34519605248981994,1.0623345717266302,0.008470827189387124,-1.4038172374948363,1.0,1.0247544204322203,-0.8313183649971215,0.0,1.0,1.0,0.0,0.0,0.0,0.0,3.76
STU-10790,0.011857397739566082,1.0623345717266302,1.5043247977216152,0.3640336258565391,-0.8,1.1096267190569746,0.8796776050662061,1.0,0.0,0.0,0.0,1.0,0.0,0.0,4.72
STU-11849,-0.2242574827085301,-0.9515622019112124,-0.9343108200276352,0.805996341694383,-0.4,-0.5359528487229863,0.8382268278641336,0.0,1.0,0.0,0.0,0.0,1.0,0.0,4.16
STU-12070,1.7896635564075856,1.0623345717266302,1.4236274124692194,-0.12703605840773224,0.0,0.9304518664047152,0.03454231433506054,0.0,1.0,0.0,0.0,0.0,1.0,0.0,6.45
STU-14782,-1.0159367877403815,0.468152398412861,-0.31825517163738826,-0.6917661953116434,-0.6,-1.0483300589390965,-0.44674726540011517,1.0,0.0,0.0,1.0,0.0,0.0,0.0,3.67
STU-13614,0.10908117204172377,1.0623345717266302,-0.21098669611895984,-1.518400163823166,0.4,0.6836935166994107,-0.4997121473805412,1.0,0.0,0.0,0.0,0.0,0.0,1.0,4.76
STU-11176,0.9007604770735764,1.0623345717266302,1.127408961725666,-0.09429807945678081,-0.4,0.48565815324165035,-0.9211283822682788,1.0,0.0,0.0,0.0,0.0,0.0,1.0,4.68
STU-10932,-0.2242574827085301,1.0623345717266302,0.29484813338996463,0.9042102785472365,-1.0,0.9524557956777998,0.9556706966033391,1.0,0.0,1.0,0.0,0.0,0.0,0.0,4.63
STU-12499,-0.05758815533340317,0.0,-0.46390411087342137,-1.4774776901344768,2.0,0.3332023575638509,-0.17040875071963163,1.0,0.0,1.0,0.0,0.0,0.0,0.0,4.46
STU-12876,-0.9742694558966007,-2.526468276764638,1.5043247977216152,-0.5280763005568863,-1.0,-0.9445972495088409,0.15659182498560753,1.0,0.0,1.0,0.0,0.0,0.0,0.0,3.08
STU-13111,0.24797227818766227,0.32733050485844833,1.3985107533152335e-15,-0.5362607952946247,-0.8,8.677064113386582,-0.18192285549798506,1.0,0.0,0.0,0.0,1.0,0.0,0.0,4.94
STU-10339,-1.5715012123241379,-2.1219645723200764,-1.5926833899526747,1.2479590575322261,-0.2,-1.4648330058939099,-0.5043177892918826,0.0,1.0,1.0,0.0,0.0,0.0,0.0,2.91
STU-13548,1.081318915063297,0.0,0.5881142407706255,0.06939181529797629,1.2,0.7607072691552067,-0.5411629245826137,0.0,1.0,1.0,0.0,0.0,0.0,0.0,5.91
STU-14328,-0.30759214639609295,1.0623345717266302,0.3342127115618659,0.7978118469566453,0.2,1.477406679764244,1.3103051237766266,0.0,1.0,0.0,1.0,0.0,0.0,0.0,5.58
STU-10822,0.6646455966254802,0.792904928446505,1.5043247977216152,-0.2907259531624886,-0.6,0.3316306483300589,-0.23719055843408185,1.0,0.0,0.0,0.0,0.0,0.0,1.0,4.65
STU-11127,-1.363164553105229,1.0623345717266302,-0.24247835865647976,-1.141913405887225,0.0,0.39764243614931233,-0.6563039723661486,1.0,0.0,1.0,0.0,0.0,0.0,0.0,3.44
STU-14694,0.3590851631044136,0.18291621606030187,-0.17162211794705856,-0.9373010374437787,0.2,0.0,-0.04605641911341398,1.0,0.0,0.0,0.0,1.0,0.0,0.0,4.29
STU-14247,1.081318915063297,1.0623345717266302,0.858745715702443,-0.32346393211344004,0.2,0.9571709233791753,-0.6102475532527347,0.0,1.0,0.0,0.0,1.0,0.0,0.0,4.75
STU-14642,-0.4742614737712199,0.6707634901595146,-0.2444465875650744,0.42132508902070354,-0.6,-0.017288801571709148,-0.08750719631548647,1.0,0.0,0.0,1.0,0.0,0.0,0.0,3.96
STU-12207,-0.4048159206982506,-1.2181179289963493,-0.7000915799048263,1.8454271733870893,-0.8,-1.2856581532416504,-0.7276914219919401,1.0,0.0,1.0,0.0,0.0,0.0,0.0,3.0
STU-12214,-1.0576041195841634,-0.5096975869318067,-0.27692236455689234,-0.6426592268852166,-0.2,-0.26561886051080547,-0.6079447322970639,1.0,0.0,0.0,0.0,1.0,0.0,0.0,2.3
STU-10197,-1.0714932301987572,0.0,-0.727646784625157,-1.2974188059042444,-1.0,-0.7685658153241651,1.6994818652849744,0.0,1.0,1.0,0.0,0.0,0.0,0.0,3.85
STU-12613,1.0257624726049213,-0.004606815662665236,-1.0474839822718505,0.0,1.2,-0.11630648330058944,-1.0270581462291308,1.0,0.0,0.0,1.0,0.0,0.0,0.0,4.01
STU-11536,-0.9048239028236315,0.19800427608398843,0.020280200640957792,0.42132508902070354,-0.2,-0.2451866404715129,1.4116292458261372,1.0,0.0,0.0,0.0,0.0,0.0,1.0,4.06
STU-11392,1.6229942290324586,1.0623345717266302,1.3645805452113675,-0.4626003426549834,1.2,0.29233791748526516,-0.07599309153713302,0.0,1.0,0.0,0.0,1.0,0.0,0.0,5.28
STU-12358,0.45630893740657125,1.0623345717266302,1.5043247977216152,-0.1843275215718967,0.6,0.40707269155206294,-0.7253886010362696,1.0,0.0,0.0,0.0,0.0,1.0,0.0,5.29
STU-10930,-0.29370303578149937,-0.6799771214848461,0.23186480831492337,0.2821886784791602,-1.0,-0.869155206286837,1.662636729994243,1.0,0.0,0.0,0.0,0.0,0.0,1.0,3.05
STU-14461,-0.140922819020966,-0.5944781146839533,-0.4235554182472235,0.2658196890036848,1.0,-0.020432220039292577,0.0,1.0,0.0,0.0,1.0,0.0,0.0,0.0,4.06
STU-14432,0.49797626925035327,-0.3415734895250094,1.5043247977216152,0.10212979424892772,-0.2,0.11944990176817287,-0.029936672423719037,1.0,0.0,0.0,0.0,0.0,0.0,1.0,4.57
STU-14920,0.0,0.7799723055690585,-0.5603473273945786,-1.371079258543885,-0.8,0.5658153241650296,1.4738054116292458,1.0,0.0,0.0,0.0,0.0,0.0,1.0,5.25
STU-13444,0.9424278089173572,-1.47677038654527,-0.6016801344750745,1.8863496470757792,-0.8,-0.6648330058939097,0.06908462867012087,1.0,0.0,0.0,0.0,0.0,1.0,0.0,4.57
STU-13339,0.08130295081253533,0.3603805411008109,0.7022715174691372,1.3216195101718666,0.8,0.1210216110019646,-0.025331030512377537,0.0,1.0,0.0,0.0,0.0,1.0,0.0,4.79
STU-12474,0.09519206142713017,-0.04484164239249743,1.3985107533152335e-15,-0.5362607952946247,-0.8,0.0,1.232009211283823,1.0,0.0,0.0,0.0,1.0,0.0,0.0,4.22
STU-14599,0.4701980480211648,0.2806293666898939,1.1598847387174838,-0.4626003426549834,1.2,0.2797642436149312,-0.2510074841681059,1.0,0.0,0.0,0.0,0.0,1.0,0.0,5.03
STU-13366,0.8452040346152008,-1.8439131804549873,-0.5593632129402806,-0.8309026058531868,0.8,-0.5092337917485267,-0.9694876223373634,0.0,1.0,0.0,1.0,0.0,0.0,0.0,3.82
STU-14986,1.0674298044487034,1.0623345717266302,1.5043247977216152,-0.1434050478832076,1.0,1.043614931237721,0.28324697754749584,1.0,0.0,0.0,0.0,0.0,0.0,1.0,5.96
STU-12257,-0.5437070268441891,-0.2560744827241154,0.7308108366437659,-0.5526297847701,-0.2,0.37092337917485263,1.0685089234312033,1.0,0.0,0.0,0.0,0.0,0.0,1.0,4.59
STU-14566,0.6924238178546674,1.0623345717266302,-1.0189446630972216,1.8945341418135169,0.2,0.2954813359528489,-0.07138744962579152,0.0,1.0,0.0,0.0,0.0,0.0,1.0,4.84
STU-14554,-1.085382340813352,0.29212503146984564,0.251547097400874,-1.6084296059382825,-1.0,0.22789783889980375,-0.3385146804835924,1.0,0.0,0.0,0.0,0.0,1.0,0.0,3.9
STU-10969,-0.0020317128750275202,-0.5635835155878317,1.5043247977216152,0.10212979424892772,2.0,0.6726915520628683,-0.9165227403569373,1.0,0.0,0.0,0.0,0.0,0.0,1.0,4.68
STU-11429,1.1090971362924842,0.17573142557283125,1.305533677953517,-0.08611358471904242,1.0,-0.5280943025540275,-0.048359240069084625,1.0,0.0,0.0,0.0,0.0,1.0,0.0,5.62
STU-14042,-0.9603803452820071,-2.5271867558133847,-1.1626253734246588,0.3967716048074905,0.8,-1.582711198428291,-0.38457109959700636,0.0,1.0,0.0,0.0,1.0,0.0,0.0,3.19
STU-14688,0.8313149240006059,0.3934305773431725,-1.2315133852254854,0.470432057447131,0.4,-0.0722986247544203,2.1393206678180774,0.0,1.0,0.0,0.0,0.0,0.0,1.0,4.38
STU-12048,-0.1270337084063724,1.0494019488491837,-0.21590726839044716,2.541109226094806,-0.8,0.7371316306483301,-0.895797351755901,1.0,0.0,0.0,1.0,0.0,0.0,0.0,5.01
STU-10551,0.5952000435525098,0.2641043485687126,0.3411015127419493,0.5768304890377229,-0.8,-0.12416502946954802,-0.17040875071963163,1.0,0.0,0.0,0.0,1.0,0.0,0.0,4.24
STU-11468,0.386863384333602,-0.15405045780204224,-0.5337762371285445,1.1251916364661594,-0.6,0.14302554027504916,0.5434657455382845,1.0,0.0,0.0,0.0,0.0,1.0,0.0,3.64
STU-12832,-0.1270337084063724,-0.3365441361837798,0.5664637227760801,0.7732583627434315,-0.2,-0.9445972495088409,0.0,0.0,1.0,0.0,0.0,1.0,0.0,0.0,3.93
STU-12407,-0.8353783497506609,0.733271167400504,0.9896329381240128,1.3052505206963911,0.4,0.15717092337917488,-0.8704663212435234,0.0,1.0,0.0,1.0,0.0,0.0,0.0,5.35
STU-13587,-0.8909347922090366,0.4149849488055823,1.3985107533152335e-15,-1.5265846585609042,0.8,0.14616895874263258,-0.6148531951640761,1.0,0.0,0.0,0.0,0.0,0.0,1.0,4.03
STU-10888,-0.557596137458784,1.0623345717266302,1.5043247977216152,-0.2579879742115372,-1.0,0.8314341846758353,-0.4605641911341394,1.0,0.0,1.0,0.0,0.0,0.0,0.0,5.56
STU-11277,-0.07147726594799676,0.05215302918834724,1.1175678171826897,-0.05337560576809099,0.4,-0.6082514734774067,0.6079447322970639,0.0,1.0,0.0,0.0,1.0,0.0,0.0,5.1
STU-11635,1.7896635564075856,1.0623345717266302,1.3084860213164096,1.3052505206963911,-0.2,0.845579567779961,0.7645365572826712,1.0,0.0,0.0,0.0,1.0,0.0,0.0,6.39
STU-12751,0.49797626925035327,-0.19428528453187344,1.3852469487516161,-1.6329830901514961,-0.4,0.05500982318271115,-0.6563039723661486,0.0,1.0,0.0,0.0,1.0,0.0,0.0,5.12
STU-13197,0.5952000435525098,1.0623345717266302,1.0860761546451698,0.8796567943340234,1.0,1.2777996070726918,0.34081750143926326,0.0,1.0,0.0,0.0,0.0,1.0,0.0,5.97
STU-12679,0.0,1.0623345717266302,1.3311206537652513,-1.412001732232574,1.6,2.0762278978389,-0.7438111686816351,1.0,0.0,0.0,0.0,0.0,0.0,1.0,5.45
STU-12341,1.234099131823829,-1.6477684001470558,-0.02400494980243081,0.8223653311698583,0.2,-0.21375245579567775,2.1208981001727123,1.0,0.0,0.0,0.0,1.0,0.0,0.0,3.95
STU-13510,0.8035367027714188,-0.6548303547787016,-0.10174999169193397,0.9533172469736639,-1.0,0.02200392927308457,0.7023603914795625,1.0,0.0,0.0,0.0,0.0,1.0,0.0,4.78
STU-14780,0.3035287206460379,1.0623345717266302,-0.10076587723763734,0.5850149837754607,1.4,1.0106090373280947,0.3246977547495683,0.0,1.0,0.0,0.0,1.0,0.0,0.0,5.3
STU-12827,-0.4048159206982506,1.0623345717266302,0.29484813338996463,-0.06974459524356708,0.2,1.0923379174852657,-0.24870466321243528,1.0,0.0,0.0,0.0,0.0,1.0,0.0,5.01
STU-11867,1.4979922335011138,1.0623345717266302,0.8193811375305431,0.7978118469566453,0.6,1.958349705304519,2.457109959700633,1.0,0.0,0.0,0.0,0.0,0.0,1.0,6.43
STU-11926,0.0,-0.9637763457399116,0.16789736878558553,-0.176143026834159,1.0,-0.32534381139489205,1.7040875071963155,0.0,1.0,0.0,0.0,0.0,1.0,0.0,4.47
STU-11291,-0.3631485888544686,1.0623345717266302,1.0476956909275665,0.45406306797165497,0.0,0.3332023575638509,0.5895221646516984,1.0,0.0,1.0,0.0,0.0,0.0,0.0,4.52
STU-11177,0.3729742737190084,-1.173572227974036,0.7642707280898818,2.009117068141847,-0.8,10.87147196709099,0.2855497985031665,0.0,1.0,0.0,0.0,0.0,0.0,1.0,4.86
STU-11912,1.5118813441157073,1.0623345717266302,0.39522780772831245,-1.9521783849232721,-0.2,1.4648330058939096,0.0,0.0,1.0,0.0,0.0,0.0,0.0,1.0,5.8
STU-14344,-0.19647926147934167,1.0551497812391606,0.3883390065482291,-1.4611087006590013,0.8,0.9728880157170924,-0.27403569372481285,0.0,1.0,0.0,0.0,1.0,0.0,0.0,3.42
STU-13954,-1.3909427743344174,-0.4241985801309138,0.038978375272610416,-1.6002451112005447,1.6,-1.0090373280943028,0.5872193436960277,1.0,0.0,1.0,0.0,0.0,0.0,0.0,3.58
STU-14734,0.3729742737190084,-0.046997079538738516,-0.2670812200139177,-1.788488490168515,-1.0,-0.5280943025540275,0.0,1.0,0.0,0.0,0.0,0.0,0.0,1.0,3.82
STU-14835,-0.015920823489621122,0.7074059216456121,0.9128720106888062,0.1512367626753552,0.8,0.8738703339882125,0.041450777202072686,1.0,0.0,0.0,0.0,0.0,1.0,0.0,4.39
STU-13104,0.7202020390838558,1.0623345717266302,1.5043247977216152,-0.028822121554877973,0.8,0.1587426326129666,-0.6401842256764537,0.0,1.0,1.0,0.0,0.0,0.0,0.0,5.62
STU-11605,-1.6687249866262956,-3.214052726415517,-1.742268787005897,0.5031700363980824,2.8,-1.7304518664047155,-0.8543465745538286,1.0,0.0,0.0,0.0,0.0,0.0,1.0,1.12
STU-10916,0.011857397739566082,1.0623345717266302,1.0683620944678138,-0.3971243847530813,-0.4,0.0,-0.4375359815774324,1.0,0.0,0.0,0.0,0.0,1.0,0.0,5.14
STU-10233,0.9563169195319521,1.0386247631179792,0.48773456643227897,-0.8390871005909244,1.8,-0.2420432220039292,-0.5227403569372482,0.0,1.0,0.0,1.0,0.0,0.0,0.0,4.62
STU-14411,0.386863384333602,1.0623345717266302,1.5043247977216152,-0.5444452900323623,1.4,0.4935166994106092,1.641911341393207,1.0,0.0,0.0,0.0,0.0,0.0,1.0,4.72
STU-14653,1.7896635564075856,1.0623345717266302,1.4315003281035994,-0.5444452900323623,0.6,0.6082514734774069,-0.386873920552677,0.0,1.0,0.0,0.0,1.0,0.0,0.0,5.75
STU-13052,0.011857397739566082,0.0,-0.3822226111667275,-0.32346393211344004,-0.8,0.9477406679764244,0.050662061024755276,1.0,0.0,0.0,0.0,0.0,1.0,0.0,5.15
STU-12450,-0.7798219072922853,0.033472573920925876,1.3985107533152335e-15,-3.1471146166329977,0.6,0.6899803536345775,-0.4421416234887738,1.0,0.0,0.0,0.0,0.0,0.0,1.0,4.14
STU-12570,0.6368673753962918,1.0623345717266302,0.48773456643227897,-0.5117073110814109,1.4,0.9367387033398822,-0.0023028209556706478,1.0,0.0,0.0,0.0,0.0,0.0,1.0,5.23
STU-10657,-1.0298258983549764,-2.4122301080138646,-1.61433390794722,0.7978118469566453,0.8,-0.18546168958742631,-0.048359240069084625,1.0,0.0,0.0,1.0,0.0,0.0,0.0,2.16
STU-10762,0.08130295081253533,-0.18997441023939227,0.26040412748955205,0.25763519426594716,0.2,-0.4432220039292732,0.6102475532527346,0.0,1.0,0.0,0.0,1.0,0.0,0.0,4.5
STU-14652,1.150764468136266,-0.4967649640543612,-1.6379526548503613,1.7226597523210212,0.2,0.1728880157170923,1.9389752446747273,1.0,0.0,0.0,0.0,0.0,0.0,1.0,4.46
STU-10502,1.7896635564075856,-0.9767089686173571,-0.20409789493887648,-0.33983292158891615,0.6,0.2813359528487232,1.1583189407023606,1.0,0.0,0.0,0.0,1.0,0.0,0.0,4.22
STU-12195,0.5813109329379161,0.0,-0.5819978453891238,1.788135710222924,0.8,0.0,-0.17962003454231443,1.0,0.0,0.0,0.0,1.0,0.0,0.0,5.0
STU-12386,-0.6409308011463468,1.0235367030942917,1.5043247977216152,0.33129564690558766,0.4,0.5469548133595287,0.33390903857225107,1.0,0.0,0.0,1.0,0.0,0.0,0.0,4.85
STU-14283,0.05352472958334813,0.0,1.0841079257365753,-1.4611087006590013,1.6,-0.0722986247544203,0.30397236614853207,1.0,0.0,0.0,0.0,0.0,1.0,0.0,4.54
STU-10445,0.12297028265631738,-0.07286232529363049,1.2671532142359136,-0.3562019110643915,0.8,-0.5516699410609038,0.4052964881980426,1.0,0.0,0.0,0.0,0.0,0.0,1.0,3.89
STU-10056,-0.43259414192743784,1.0623345717266302,-1.2374180719512706,0.4868010469226064,0.8,0.5909626719056975,-0.3937823834196892,0.0,1.0,0.0,0.0,0.0,0.0,1.0,4.16
STU-11043,1.4285466804281444,-1.0076035677134785,0.04586717645269377,1.3379884996473435,-0.2,-0.4667976424361495,-0.568796776050662,1.0,0.0,0.0,0.0,1.0,0.0,0.0,4.03
STU-13264,1.4146575698135508,0.0,0.6501134513913687,-0.2743569636870133,0.0,0.43379174852652264,-0.66090961427749,1.0,0.0,0.0,0.0,0.0,0.0,1.0,7.82423796163143
STU-10330,-0.6825981329901288,0.9078615762460247,0.34995854283062583,-0.6017367531965275,0.4,0.3269155206286838,-0.6332757628094416,1.0,0.0,0.0,0.0,0.0,0.0,1.0,3.43
STU-12168,0.08130295081253533,-0.3113973694776352,-0.37828615334953686,-1.641167584889234,-1.0,-0.6145383104125738,2.5008635578583767,1.0,0.0,0.0,0.0,0.0,0.0,1.0,4.35
STU-11825,1.0952080256778904,1.0623345717266302,0.4149100968142631,2.385603826077787,0.2,-0.06444007858546172,-0.44674726540011517,1.0,0.0,1.0,0.0,0.0,0.0,0.0,4.8
STU-12660,-1.3492754424906355,0.107475915941866,0.0005979115550071455,-0.3643864058021299,0.0,-0.38821218074656205,0.8612550374208405,1.0,0.0,0.0,0.0,0.0,1.0,0.0,4.18
STU-14923,1.2479882424384239,0.8863072047836148,-0.48653874332226466,-0.48715382686819714,0.8,0.5689587426326133,-0.7046632124352332,0.0,1.0,0.0,0.0,1.0,0.0,0.0,4.28
STU-11723,-1.0576041195841634,-1.4753334284477753,-1.4184951315420145,-0.6508437216229542,0.6,-1.3108055009823185,0.20495106505469216,0.0,1.0,0.0,0.0,0.0,0.0,1.0,2.47
STU-14833,1.7479962245638034,0.3064946124447859,0.8774438903340956,-0.06974459524356708,-0.6,-0.09901768172888002,0.3799654576856651,1.0,0.0,0.0,0.0,1.0,0.0,0.0,5.27
STU-13094,1.567437786574083,0.3955860144894136,0.5389085180557496,-0.6099212479342652,-0.8,1.18664047151277,0.6309729418537708,0.0,1.0,1.0,0.0,0.0,0.0,0.0,5.16
STU-10292,-1.5853903229387316,0.5946047109923325,-2.006995575211931,0.7487048785302177,-0.4,0.5438113948919452,-0.013816925734024092,1.0,0.0,0.0,1.0,0.0,0.0,0.0,3.78
STU-14066,1.7896635564075856,0.8022451560802156,1.5043247977216152,0.1921592363640443,-0.4,-0.0974459724950883,1.2642487046632125,0.0,1.0,0.0,0.0,0.0,0.0,1.0,6.11
STU-11913,-2.2659567430538328,-0.7590098168470159,-2.7145738678518456,0.7978118469566453,1.0,-1.5968565815324167,1.1905584340817505,0.0,1.0,0.0,1.0,0.0,0.0,0.0,2.48
STU-13458,1.4979922335011138,0.5989155852848146,0.5162738856069062,-0.5689987742455761,0.8,-0.24047151277013745,-0.6056419113413932,1.0,0.0,0.0,0.0,0.0,1.0,0.0,4.85
STU-14788,0.6368673753962918,0.0,0.09408878471327166,-0.8636405848041382,-0.4,-1.290373280943026,-0.11974668969487615,1.0,0.0,0.0,1.0,0.0,0.0,0.0,3.8
STU-12851,-0.5020396950004083,0.0600562987245642,0.18561142896294014,-0.4380468584417704,0.6,-0.5280943025540275,-0.5918249856073691,1.0,0.0,1.0,0.0,0.0,0.0,0.0,4.38
STU-10123,1.1785426893654534,1.0623345717266302,1.5043247977216152,-1.412001732232574,-1.0,0.6161100196463655,-0.7161773172135867,1.0,0.0,0.0,0.0,0.0,0.0,1.0,5.01
STU-14959,-0.5714852480733775,-1.3179865167721823,-0.726662670170859,1.1415606259416349,0.2,-0.39607072691552064,0.44905008635578597,1.0,0.0,0.0,0.0,0.0,1.0,0.0,3.1
STU-12975,1.7896635564075856,1.0623345717266302,1.297660762319137,-0.04519111103035332,-0.2,0.8235756385068764,0.3684513529073116,1.0,0.0,0.0,1.0,0.0,0.0,0.0,5.3
STU-14110,-1.2937190000322598,-0.3365441361837798,-0.9195491032131718,0.7650738680056939,0.0,0.011001964636542285,-0.6286701208981003,1.0,0.0,0.0,0.0,0.0,0.0,1.0,3.07
STU-14561,-0.09925548717718521,0.16064336554914468,-2.1870885203483756,-0.9127475532305657,-0.4,0.15559921414538316,0.5066206102475533,1.0,0.0,0.0,0.0,1.0,0.0,0.0,3.48
STU-11010,-0.3214812570106865,-0.7719424397244623,1.3985107533152335e-15,0.9942397206623538,-0.2,-0.5108055009823184,0.13816925734024194,1.0,0.0,1.0,0.0,0.0,0.0,0.0,3.56
STU-14747,-0.18259015086474806,0.23105431232635104,0.6363358490312048,0.003915857396073449,-0.8,-0.34420432220039293,-0.6977547495682211,1.0,0.0,0.0,0.0,0.0,0.0,1.0,4.79
STU-11906,-2.168732968751675,-0.13177760729088506,-2.1969296648913508,0.0,0.8,-1.0436149312377212,-0.27864133563615434,1.0,0.0,0.0,0.0,0.0,0.0,1.0,3.24
STU-13914,0.9424278089173572,1.0623345717266302,1.0722985522850046,1.8863496470757792,-0.4,0.7638506876227901,0.0,0.0,1.0,0.0,0.0,0.0,0.0,1.0,5.98
STU-10644,0.8035367027714188,0.6987841730606478,0.21611897704616342,-2.3941411007611157,1.2,0.28762278978389005,-0.39838802533103046,0.0,1.0,0.0,0.0,0.0,1.0,0.0,5.28
STU-11200,-1.1548278938863212,-0.47592907164069775,0.48379810861508826,0.8551033101208104,-0.4,-0.881728880157171,-0.38457109959700636,1.0,0.0,0.0,0.0,0.0,0.0,1.0,3.95
STU-12099,-1.113160562042539,-1.16782439558406,-1.8702036660645756,0.0,0.4,-1.2919449901768174,-0.3822682786413357,1.0,0.0,0.0,0.0,1.0,0.0,0.0,2.2
STU-14621,-0.2242574827085301,-0.07717319958611266,0.03799426081831239,0.6586754364151012,0.2,-0.8031434184675835,0.31778929188255617,1.0,0.0,0.0,0.0,0.0,1.0,0.0,4.29
STU-14416,1.7896635564075856,-1.7670359222390581,1.3985107533152335e-15,-0.2170655005228481,0.8,-0.744990176817289,-0.584916522740357,1.0,0.0,0.0,0.0,0.0,1.0,0.0,3.49
STU-12530,0.13685939327091098,-0.3128343275751289,-0.1785109191271405,1.2152210785812754,0.8,-0.4463654223968566,0.6862406447898676,1.0,0.0,0.0,0.0,0.0,0.0,1.0,4.59
STU-10006,0.48408715863575846,-0.5176008564680237,-0.11159113623490999,0.4868010469226064,1.4,0.32534381139489205,0.8336211859527923,1.0,0.0,0.0,0.0,0.0,0.0,1.0,5.49
STU-11470,0.17852672511469303,-1.5364041475912709,-0.45996765305623066,0.8141808364321206,0.4,-0.5406679764243615,0.6309729418537708,1.0,0.0,1.0,0.0,0.0,0.0,0.0,3.09
STU-10726,-1.1548278938863212,-2.2857777954343925,0.4345923859002124,-0.24980347947379952,0.4,-0.5202357563850689,-0.5895221646516984,1.0,0.0,0.0,0.0,0.0,1.0,0.0,2.46
STU-13160,-0.5714852480733775,-0.35378763335370744,-1.3053219692977993,0.2330817100527334,0.6,-0.8000000000000002,0.49050086355785844,1.0,0.0,0.0,0.0,0.0,0.0,1.0,3.47
STU-13554,0.8313149240006059,1.0623345717266302,0.24564241067508868,-0.23343448999832417,0.2,0.6145383104125738,-0.8151986183074267,1.0,0.0,0.0,0.0,0.0,0.0,1.0,5.21
STU-12678,0.6090891541671046,0.20518906657145802,1.5043247977216152,1.0679001733019944,-0.6,0.0,-0.025331030512377537,0.0,1.0,0.0,0.0,0.0,1.0,0.0,4.95
STU-14511,0.7202020390838558,-1.5989118248322598,-0.4294601049730088,-0.4789693321304595,0.4,-1.7304518664047155,1.91594703511802,1.0,0.0,0.0,0.0,1.0,0.0,0.0,2.6
STU-12326,-2.04373097322033,1.0623345717266302,0.6943986018347572,0.1921592363640443,0.4,-0.1100196463654223,0.09671848013816925,1.0,0.0,0.0,1.0,0.0,0.0,0.0,3.29
STU-14560,0.1924158357292866,1.0623345717266302,-0.1991773226673892,-0.8309026058531868,-0.8,0.14302554027504916,-0.14507772020725387,1.0,0.0,0.0,0.0,0.0,0.0,1.0,4.63
STU-13377,1.2618773530530174,1.0623345717266302,0.5674478372303782,-0.9127475532305657,0.8,0.0,-0.27403569372481285,1.0,0.0,0.0,0.0,0.0,1.0,0.0,5.18
STU-12976,1.4424357910427381,-0.603818342317664,0.9069673239630223,0.42950958375844195,1.2,0.12259332023575631,0.47668393782383434,1.0,0.0,0.0,0.0,1.0,0.0,0.0,4.83
STU-14316,-1.779837871543047,-0.7934968111868721,-0.020068491985240123,-0.3643864058021299,0.4,-1.1174852652259333,-0.15198618307426603,1.0,0.0,1.0,0.0,0.0,0.0,0.0,2.9
STU-12348,0.6229782647816982,1.0623345717266302,-0.16374920231267856,-0.659028216360692,0.2,1.070333988212181,0.7184801381692575,0.0,1.0,0.0,0.0,0.0,1.0,0.0,5.36
STU-10597,-0.39092681008365704,0.5392818242388137,0.17773851332856017,-0.20069651104737277,0.2,0.20746561886051088,-0.9142199194012667,1.0,0.0,0.0,0.0,0.0,0.0,1.0,3.74
STU-12505,-0.05758815533340317,0.3589435830033162,0.6865256862003772,-0.24161898473606186,0.8,-0.1964636542239686,2.5377086931491077,1.0,0.0,0.0,0.0,1.0,0.0,0.0,4.66
STU-11144,1.4563249016573316,-1.3381039301370985,1.4206750691063268,0.6750444258905772,0.2,0.07858546168958744,-0.49740932642487046,1.0,0.0,0.0,0.0,0.0,0.0,1.0,5.43
STU-13058,-1.2659407788030725,0.6808221968419728,-1.0425634100003616,0.012100352133811124,-1.0,0.28919449901768174,-0.14738054116292454,1.0,0.0,0.0,0.0,1.0,0.0,0.0,3.55
STU-11734,-1.8076160927722342,-0.15979829019201813,-0.5741249297547438,0.9123947732849741,-0.2,-0.06915520628683687,-0.33390903857225107,0.0,1.0,0.0,0.0,0.0,1.0,0.0,2.73
STU-10488,-1.6409467653971073,-1.1146569459767812,-2.438037706194243,0.0284693416092872,-1.0,-1.5056974459724954,-0.5734024179620035,1.0,0.0,0.0,0.0,0.0,1.0,0.0,1.65
STU-13005,0.4701980480211648,-0.3983333343760218,-0.4087937014327601,0.03665383634702487,-0.6,-0.1964636542239686,-0.052964881980425926,0.0,1.0,0.0,0.0,0.0,0.0,1.0,4.47
STU-10295,-1.1548278938863212,-0.8524120931841267,-0.7601225616169749,0.0,0.0,-0.33634577603143434,0.30857800805987334,0.0,1.0,0.0,0.0,0.0,1.0,0.0,4.12
STU-11870,-0.3770376994690622,-0.40336268771725137,-0.4196189604300328,-0.675397205836168,1.4,0.0,1.1836499712147381,0.0,1.0,0.0,0.0,0.0,1.0,0.0,4.07
STU-10446,-0.27981392516690573,0.3783425173194859,0.6077965298565761,0.6750444258905772,0.6,0.0,1.7455382843983884,0.0,1.0,0.0,0.0,0.0,1.0,0.0,4.45
STU-13513,0.9007604770735764,-0.8804327760852597,-2.1162322796389543,0.22489721531499574,-0.2,0.0,-0.8681635002878527,1.0,0.0,0.0,0.0,0.0,0.0,1.0,3.41
STU-11704,-0.4742614737712199,0.07155196350451597,0.19643668796021277,-1.6247985954137585,-0.4,0.4762278978388998,0.0,1.0,0.0,0.0,0.0,0.0,1.0,0.0,3.66
STU-14615,0.10908117204172377,1.0623345717266302,-0.35073094862920623,0.41314059428296585,-0.6,0.4762278978388998,-0.7184801381692574,1.0,0.0,0.0,0.0,0.0,0.0,1.0,4.51
STU-13676,0.011857397739566082,1.0623345717266302,0.08129529680740437,0.7814428574811692,1.2,0.8000000000000004,0.2855497985031665,0.0,1.0,0.0,0.0,0.0,0.0,1.0,4.96
STU-14776,0.9979842513757329,-0.667762977656147,0.6776686561116992,-1.452924205921263,-0.2,-1.1960707269155206,-1.1145653425446174,1.0,0.0,0.0,0.0,0.0,1.0,0.0,2.67
STU-14592,0.2618613888022571,0.9840203554132069,-0.3900955268011075,0.7732583627434315,0.2,0.9005893909626719,-0.3200921128382268,1.0,0.0,0.0,0.0,0.0,0.0,1.0,4.43
STU-12037,-2.668740950877056,-0.8998317104014285,0.2791023021212046,1.3952799628115085,0.0,0.0,1.8445595854922285,1.0,0.0,0.0,0.0,0.0,1.0,0.0,2.2
STU-10399,0.05352472958334813,-0.6763847262411113,1.3985107533152335e-15,0.5195390258735578,-0.2,-0.42907662082514747,0.08520437535981581,1.0,0.0,0.0,0.0,1.0,0.0,0.0,3.53
STU-13897,0.386863384333602,-0.6993760558010149,-2.14181925545069,-0.11885156366999385,-0.6,0.0,-0.7115716753022453,0.0,1.0,0.0,1.0,0.0,0.0,0.0,3.87
STU-11185,0.5396436010941341,1.0623345717266302,0.6176376743995508,-0.6835817005739057,0.0,0.42121807465618866,-0.6102475532527347,1.0,0.0,0.0,0.0,0.0,0.0,1.0,4.94
STU-13345,-0.8214892391360673,0.0,-0.6321876825582964,0.7405203837924801,0.0,0.12730844793713172,0.03684513529073118,0.0,1.0,0.0,0.0,0.0,0.0,1.0,4.35
STU-11606,-2.7520756145646197,0.33667073249216,0.35979968737360185,-0.5362607952946247,0.2,0.27662082514734776,-0.36614853195164077,1.0,0.0,0.0,0.0,0.0,0.0,1.0,3.33
STU-10352,-0.5020396950004083,-0.5592726412953496,0.49855982542955163,-0.09429807945678081,-1.0,-0.9650294695481337,0.0,0.0,1.0,0.0,0.0,0.0,1.0,0.0,3.45
STU-10808,1.0118733619903277,-1.5708911419311267,-0.3408898040862316,-0.09429807945678081,0.4,-0.16188605108055001,0.59412780656304,1.0,0.0,0.0,0.0,1.0,0.0,0.0,3.14
STU-12178,-0.26592481455231215,0.13405964074550533,-0.3084140270944136,0.45406306797165497,0.0,-0.4888015717092338,0.34542314335060453,1.0,0.0,0.0,0.0,0.0,0.0,1.0,3.79
STU-13330,-1.4326101061781995,-0.23164619506671819,-0.07517890142590138,-0.028822121554877973,0.4,0.969744597249509,-0.9902130109383996,1.0,0.0,0.0,0.0,1.0,0.0,0.0,3.88
STU-14945,1.2479882424384239,0.7785353474715647,0.26630881421533736,-0.4626003426549834,-0.4,0.921021611001965,-0.29245826137017844,0.0,1.0,0.0,0.0,0.0,1.0,0.0,4.55
STU-13438,1.2479882424384239,0.7383005207417326,1.5043247977216152,-1.2564963322155551,-0.6,0.13202357563850686,0.2717328727691424,1.0,0.0,0.0,0.0,0.0,0.0,1.0,5.07
STU-14182,-0.04369904471880956,-0.4960464850056139,0.8056035351703777,0.6423064469396258,0.4,1.0074656188605113,-0.7852619458837076,1.0,0.0,0.0,0.0,0.0,0.0,1.0,4.85
STU-14929,1.7896635564075856,1.0623345717266302,1.3985107533152335e-15,-0.037006616292615646,-1.0,1.0231827111984284,0.0,1.0,0.0,0.0,0.0,0.0,0.0,1.0,5.18
STU-13079,-2.2659567430538328,-0.974553531471116,-1.556271155143666,-0.16795853209642134,-0.2,-1.444400785854617,0.0,0.0,1.0,1.0,0.0,0.0,0.0,0.0,2.61
STU-11598,-0.5298179162295955,-0.40695508296098615,0.30567339238723723,-1.3792637532816225,1.2,-0.42121807465618866,0.508923431203224,0.0,1.0,0.0,0.0,0.0,0.0,1.0,4.23
STU-12486,-0.5992634693025648,0.34672943917461807,1.1303613050885586,0.17579024688856823,0.8,-0.5092337917485267,0.918825561312608,1.0,0.0,0.0,0.0,1.0,0.0,0.0,3.95
STU-10544,0.6090891541671046,0.4983285184602351,1.5043247977216152,-0.2579879742115372,-0.6,-0.1948919449901769,1.4392630972941858,0.0,1.0,0.0,0.0,0.0,0.0,1.0,5.31
STU-13261,0.9563169195319521,0.024132346287214175,-1.3131948849321793,0.4049560995452282,0.6,0.13516699410609032,0.009211283822682796,0.0,1.0,0.0,0.0,0.0,1.0,0.0,3.79
STU-11251,-0.0020317128750275202,0.545748135677537,1.3985107533152335e-15,-0.9945925006079438,0.8,0.6412573673870335,-0.0898100172711571,1.0,0.0,0.0,0.0,1.0,0.0,0.0,4.24
STU-12488,1.0257624726049213,1.0623345717266302,0.8154446797133524,0.32311115216785,1.0,0.1367387033398823,-0.531951640759931,1.0,0.0,1.0,0.0,0.0,0.0,0.0,4.21
STU-13303,-0.6548199117609405,-0.35450611240245483,0.1314851339765769,-0.3725709005398675,-0.2,-0.9555992141453833,0.43523316062176187,1.0,0.0,1.0,0.0,0.0,0.0,0.0,3.0
STU-11620,-1.4881665486365752,-0.9723980943248749,-0.8231058866920161,0.2821886784791602,-1.0,-1.0231827111984284,-0.6540011514104779,1.0,0.0,0.0,0.0,0.0,1.0,0.0,2.61
STU-13526,-0.07147726594799676,0.24901628854502605,1.3985107533152335e-15,0.33948014164332535,-0.6,-0.4243614931237721,-0.4122049510650548,1.0,0.0,0.0,0.0,1.0,0.0,0.0,4.21
STU-12442,1.4285466804281444,0.12040853881931249,0.6914462584718646,-0.9209320479683033,0.8,-0.034577603143418574,0.33160621761658043,1.0,0.0,0.0,0.0,0.0,1.0,0.0,4.14
STU-14048,0.7618693709276366,1.0623345717266302,1.5043247977216152,0.200343731101782,2.0,1.1332023575638508,0.13586643638457108,1.0,0.0,0.0,1.0,0.0,0.0,0.0,5.56
STU-13456,1.2618773530530174,1.0623345717266302,1.3985107533152335e-15,-0.8881940690173519,-0.8,0.5705304518664049,-0.12435233160621764,0.0,1.0,0.0,0.0,0.0,1.0,0.0,4.9
STU-12778,0.5257544904795405,-1.5938824714910307,-0.04762369670557075,0.06120732056023862,0.2,-0.15245579567779974,0.1404720782959126,0.0,1.0,1.0,0.0,0.0,0.0,0.0,3.84
STU-12166,0.5257544904795405,1.0623345717266302,-0.8053918265146601,0.9451327522359263,-0.2,1.4208251473477411,0.2671272308578009,1.0,0.0,0.0,0.0,0.0,0.0,1.0,5.35
STU-12490,0.3035287206460379,-0.2769103751377789,0.2141507481375688,0.2330817100527334,-0.2,0.0,-0.9188255613126081,1.0,0.0,0.0,0.0,1.0,0.0,0.0,4.04
STU-10891,0.0,0.14124443123297595,-0.0456554677969761,2.6556921524231365,-0.4,0.4165029469548135,-0.31548647092688553,0.0,1.0,0.0,0.0,0.0,0.0,1.0,4.47
STU-10893,1.7479962245638034,1.0623345717266302,1.256327955238641,-0.7408731637380709,1.0,0.6066797642436149,-0.5411629245826137,0.0,1.0,1.0,0.0,0.0,0.0,0.0,5.65
STU-10049,-0.5437070268441891,0.8999583067098077,1.3985107533152335e-15,-2.819734827123484,0.8,0.946168958742633,0.5503742084052965,0.0,1.0,0.0,0.0,0.0,0.0,1.0,4.19
STU-12582,0.3729742737190084,-0.8833066922802472,-0.8024394831517674,-0.675397205836168,-0.2,-0.4432220039292732,0.20495106505469216,1.0,0.0,0.0,0.0,1.0,0.0,0.0,3.36
STU-13034,-0.1270337084063724,-0.2201505302867654,-1.8928382985134176,0.4786165521848687,-0.6,-0.47151277013752463,-0.5457685664939551,1.0,0.0,0.0,1.0,0.0,0.0,0.0,3.27
STU-11976,-1.8492834246160161,-0.9292893514000553,-1.274814421214576,0.6832289206283149,-0.4,-0.42907662082514747,-0.48589522164651705,1.0,0.0,1.0,0.0,0.0,0.0,0.0,3.23
STU-12011,-0.9048239028236315,-2.223270118193403,-0.9234855610303626,1.0106087101378292,1.8,-0.35049115913556006,0.4812895797351756,1.0,0.0,0.0,0.0,1.0,0.0,0.0,3.03
STU-12083,-0.8492674603652558,-2.0881960570289673,-1.4824625710713522,0.6504909416773635,0.8,-1.4695481335952851,0.3822682786413357,1.0,0.0,0.0,0.0,0.0,1.0,0.0,2.44
STU-12302,-0.2242574827085301,-0.7920598530893784,-1.3348454029267245,1.0269776996133044,1.4,-0.6239685658153243,-0.6632124352331606,0.0,1.0,1.0,0.0,0.0,0.0,0.0,3.2
STU-13936,0.9840951407611392,-0.09657213390228139,0.13738982070236225,0.7487048785302177,0.6,0.3347740667976426,0.24870466321243528,1.0,0.0,0.0,0.0,0.0,1.0,0.0,4.64
STU-14288,-0.26592481455231215,-1.5378411056887646,1.2012175457979797,0.830549825907596,-0.8,-0.49666011787819264,-0.5112262521588946,1.0,0.0,1.0,0.0,0.0,0.0,0.0,4.32
STU-11237,-2.140954747522488,-0.06495905575741352,-2.519719205900937,0.33129564690558766,0.0,-0.3457760314341846,0.06908462867012087,0.0,1.0,0.0,0.0,0.0,0.0,1.0,3.27
STU-14836,0.6507564860108854,0.10532047879562594,-0.7876777663373055,1.46075592071341,1.4,0.0990176817288803,1.5521013241220496,0.0,1.0,0.0,1.0,0.0,0.0,0.0,4.04
STU-11955,1.7896635564075856,0.28350328288488136,-0.07714713033449601,-1.0846219427230603,1.4,0.5343811394891946,0.3385146804835924,0.0,1.0,0.0,0.0,0.0,1.0,0.0,4.88
STU-11765,0.05352472958334813,0.5428742194825485,-1.2492274454028414,-1.346525774330671,-1.0,-0.045579567779960584,-0.386873920552677,0.0,1.0,0.0,0.0,0.0,1.0,0.0,4.41
STU-14095,-1.3353863318760417,0.5795166509686459,-0.669584031821603,-0.7572421532135463,-0.2,0.7088408644400787,-0.3062751871042027,1.0,0.0,1.0,0.0,0.0,0.0,0.0,4.09
STU-13647,-1.0714932301987572,-0.8380425122091865,-0.9972941451026764,-0.1352205531454699,-0.6,-0.3944990176817289,-0.22337363270005756,0.0,1.0,0.0,1.0,0.0,0.0,0.0,2.9
STU-12707,0.1924158357292866,0.3711577268320153,0.68947802956327,-0.7245041742625948,-0.2,0.12259332023575631,-0.4997121473805412,1.0,0.0,0.0,0.0,0.0,0.0,1.0,3.5
STU-11787,-0.4742614737712199,-0.17704178736194578,-1.4568755952596177,0.020284846871549526,-1.0,-0.045579567779960584,0.5826137017846864,0.0,1.0,0.0,0.0,1.0,0.0,0.0,3.37
STU-12867,0.23408316757306866,1.0623345717266302,1.3340729971281442,1.370726478598294,1.8,0.11787819253438116,-0.508923431203224,1.0,0.0,0.0,0.0,1.0,0.0,0.0,4.36
STU-10780,-0.557596137458784,-0.7963707273818605,-0.3753338099866442,-1.141913405887225,0.8,-0.9603143418467585,-0.5112262521588946,0.0,1.0,0.0,0.0,1.0,0.0,0.0,3.28
STU-14426,1.73410711394921,-1.2145255337526144,-0.3723814666237515,-0.48715382686819714,1.2,-0.2829076620825146,-0.023028209556706886,0.0,1.0,0.0,0.0,0.0,0.0,1.0,3.54
STU-11806,-0.04369904471880956,0.46599696126661994,-0.09781353387474469,-0.028822121554877973,0.2,0.6223968565815327,0.05757052389176742,1.0,0.0,0.0,0.0,0.0,0.0,1.0,4.43
STU-10188,1.4702140122719252,1.0623345717266302,1.0181722572986414,0.200343731101782,0.8,2.557170923379176,-0.11053540587219335,0.0,1.0,1.0,0.0,0.0,0.0,0.0,5.55
STU-12489,0.1924158357292866,0.13908899408673486,-0.9156126453959826,-1.1500979006249632,-0.6,-0.550098231827112,0.753022452504318,1.0,0.0,0.0,1.0,0.0,0.0,0.0,3.17
STU-13446,0.553532711708729,1.0623345717266302,-0.120448166323588,-0.33983292158891615,-0.2,-0.11787819253438116,0.7253886010362695,1.0,0.0,1.0,0.0,0.0,0.0,0.0,5.23
STU-12453,-1.0298258983549764,-1.777813107970263,-0.7699637061599495,0.41314059428296585,-0.8,-1.1992141453831042,1.7455382843983884,1.0,0.0,1.0,0.0,0.0,0.0,0.0,2.89
STU-14789,-1.1826061151155085,-0.7496695892133052,1.3985107533152335e-15,-0.5362607952946247,1.4,-1.0561886051080551,0.6908462867012093,0.0,1.0,1.0,0.0,0.0,0.0,0.0,3.39
STU-11253,-1.4326101061781995,-0.19428528453187344,-0.635140025921189,0.6750444258905772,-0.4,-0.37406679764243606,-0.023028209556706886,1.0,0.0,1.0,0.0,0.0,0.0,0.0,3.68
STU-13545,0.6368673753962918,0.9488148820246042,0.5585908071417002,-0.7163196795248571,0.4,0.33634577603143434,1.308002302820956,0.0,1.0,0.0,0.0,0.0,1.0,0.0,3.68
STU-14824,-0.140922819020966,0.5931677528948387,-0.5416491527629259,-0.9782235111324685,0.2,-0.06601178781925343,-0.10362694300518141,1.0,0.0,0.0,0.0,0.0,0.0,1.0,3.56
STU-13072,1.7896635564075856,1.0623345717266302,-0.12832108195796796,0.3558491311188014,0.4,0.09744597249508859,1.8169257340241798,1.0,0.0,0.0,0.0,1.0,0.0,0.0,5.27
STU-14289,-0.557596137458784,0.34313704393088224,1.3985107533152335e-15,1.2970660259586535,-0.8,0.43693516699410606,2.470926885434658,1.0,0.0,0.0,0.0,0.0,0.0,1.0,5.21
STU-13961,0.011857397739566082,-0.9235415190100794,0.025200772912445102,-2.0012853533496995,0.4,-0.40392927308447946,-0.1128382268278642,1.0,0.0,0.0,0.0,1.0,0.0,0.0,3.81
STU-13237,-0.8492674603652558,-1.7239271793142381,0.3962119221826091,0.3149266574301116,0.6,-0.5893909626719058,-0.22797927461139905,1.0,0.0,0.0,0.0,1.0,0.0,0.0,3.59
STU-12631,0.34519605248981994,0.8633158752237113,-0.1253687385950753,-1.1664668901004387,0.4,0.8550098231827112,0.5734024179620034,1.0,0.0,1.0,0.0,0.0,0.0,0.0,4.66
STU-13187,0.5396436010941341,1.0623345717266302,0.7180173487378986,1.4525714259756723,0.4,0.0015717092337917153,0.478986758779505,1.0,0.0,1.0,0.0,0.0,0.0,0.0,5.3
STU-12813,1.2063209105946417,0.0,1.5043247977216152,-0.6835817005739057,-0.2,0.5611001964636544,-0.42141623488773744,0.0,1.0,0.0,0.0,1.0,0.0,0.0,4.75
STU-13764,-0.3214812570106865,1.0623345717266302,-0.6804092908188757,-1.035514974296633,-0.6,0.3599214145383106,0.0,1.0,0.0,0.0,0.0,0.0,1.0,0.0,4.24
STU-11204,-1.6548358760117021,-0.08866886436606443,-0.9451360790249078,1.7144752575832836,0.2,-0.004715127701375146,-0.03223949337938968,0.0,1.0,1.0,0.0,0.0,0.0,0.0,3.88
STU-13588,0.8035367027714188,0.9983899363881471,-0.021052606439538143,-0.7245041742625948,-1.0,0.5233791748526524,-0.3016695451928612,1.0,0.0,0.0,0.0,0.0,1.0,0.0,5.12
STU-14105,0.16463761450009942,1.0623345717266302,1.155948280900293,1.5262318786153128,1.2,0.7056974459724953,-0.4237190558434082,1.0,0.0,0.0,0.0,1.0,0.0,0.0,5.38
STU-14697,0.4285307161773828,1.0623345717266302,1.1677576543518637,1.1906675943680622,0.0,0.3677799607072692,0.9740932642487047,1.0,0.0,0.0,0.0,0.0,1.0,0.0,4.61
STU-12293,0.23408316757306866,1.0623345717266302,0.4277035847201304,-0.2170655005228481,0.6,0.07701375245579573,0.08290155440414516,1.0,0.0,0.0,0.0,0.0,1.0,0.0,4.36
STU-10707,-0.8631565709798494,0.28134784573864025,-0.8565657781381306,-0.298910447900227,1.2,0.029862475442043148,-0.584916522740357,1.0,0.0,0.0,0.0,1.0,0.0,0.0,4.13
STU-11612,0.0,-1.0844808259294072,-0.8851050973127593,0.8387343206453336,0.4,-0.43379174852652264,0.29015544041450775,1.0,0.0,0.0,0.0,0.0,0.0,1.0,3.73
STU-12773,-0.5298179162295955,-2.668008649367797,1.3985107533152335e-15,-0.23343448999832417,2.0,-1.519842829076621,0.4237190558434082,1.0,0.0,0.0,0.0,1.0,0.0,0.0,2.69
STU-14757,1.4146575698135508,-0.1382439187296073,1.5043247977216152,-0.45441584791724576,1.0,0.8534381139489198,0.38457109959700636,1.0,0.0,0.0,0.0,0.0,1.0,0.0,5.43
STU-12286,-1.279829889417666,-2.1772874590735958,-2.267785905600772,0.2740041837414225,-1.0,-0.3756385068762281,0.4421416234887738,1.0,0.0,0.0,0.0,0.0,0.0,1.0,2.03
STU-11458,1.3452120167405803,1.0623345717266302,-0.036798437708298104,-0.15977403735868367,-0.6,1.526129666011788,-0.33621185952792176,0.0,1.0,0.0,0.0,0.0,0.0,1.0,5.63
STU-11400,-0.07147726594799676,-0.17416787116695734,-0.06829010024581941,-0.004268637341664224,0.8,-0.36306483300589404,0.32239493379389766,1.0,0.0,1.0,0.0,0.0,0.0,0.0,4.13
STU-14510,-0.9187130134382251,-1.2834995224323271,-0.9667865970194531,0.6750444258905772,1.4,-0.4888015717092338,0.4099021301093841,1.0,0.0,1.0,0.0,0.0,0.0,0.0,2.99
STU-11891,-0.7798219072922853,-2.6205890321504945,-1.0779915303550722,0.45406306797165497,0.8,-1.7304518664047155,-0.4145077720207254,1.0,0.0,0.0,0.0,1.0,0.0,0.0,2.16
STU-10717,0.0,-0.8164881407467767,-1.4657326253482956,2.0664085313060108,0.6,-1.1332023575638508,1.1537132987910192,1.0,0.0,0.0,0.0,0.0,0.0,1.0,3.99
STU-12273,-0.4464832525420327,0.0,0.2554835552180647,1.518047383877575,-0.8,0.0,1.6672423719055844,0.0,1.0,1.0,0.0,0.0,0.0,0.0,4.3
STU-14151,1.2896555742822047,0.0,0.07145415226442835,0.6013839732509367,-0.8,-1.7304518664047155,0.2510074841681059,1.0,0.0,0.0,0.0,1.0,0.0,0.0,4.64
STU-11292,1.0674298044487034,0.17573142557283125,-0.24149424420218174,-2.3368496375969507,2.2,0.7056974459724953,-0.009211283822682796,0.0,1.0,1.0,0.0,0.0,0.0,0.0,4.82
STU-13829,0.09519206142713017,0.6563939091845744,1.5043247977216152,-0.05337560576809099,-0.2,0.2703339882121809,1.0592976396085207,1.0,0.0,0.0,0.0,0.0,1.0,0.0,4.79
STU-10723,0.3174178312606327,-2.107594991345136,-0.8181853144205273,0.6259374574641497,2.0,-0.957170923379175,-0.6447898675877951,1.0,0.0,0.0,1.0,0.0,0.0,0.0,2.92
STU-14951,-1.3492754424906355,1.0623345717266302,-0.10863879287201733,1.7144752575832836,0.6,-0.7402750491159137,-0.5964306275187105,1.0,0.0,0.0,0.0,1.0,0.0,0.0,4.29
STU-14779,-0.5853743586879712,-0.11381563107221006,0.9532207033150055,-0.4707848373927218,-0.2,0.6176817288801573,0.8267127230857804,1.0,0.0,0.0,0.0,1.0,0.0,0.0,3.81
STU-14407,0.6090891541671046,1.0623345717266302,0.7662389569984764,0.7814428574811692,-1.0,0.1728880157170923,-0.02072538860103624,1.0,0.0,0.0,0.0,1.0,0.0,0.0,5.42
STU-10457,-1.363164553105229,0.5881383995536102,0.44344941598889037,0.2903731732168986,-1.0,-0.3913555992141455,0.29476108232584924,0.0,1.0,0.0,0.0,0.0,0.0,1.0,4.25
STU-12079,0.1507485038855058,1.0623345717266302,1.5043247977216152,-0.78179563742676,-0.6,0.0,-0.531951640759931,0.0,1.0,0.0,0.0,0.0,1.0,0.0,4.93
STU-10915,-0.6964872436047225,-0.12171890060842702,-2.6811139764057303,-1.2319428480023416,0.4,-0.10687622789783888,0.35002878526194603,1.0,0.0,0.0,1.0,0.0,0.0,0.0,3.11
STU-10038,1.317433795511393,1.0623345717266302,1.5043247977216152,1.1988520891058,0.0,0.7921414538310415,0.23488773747841118,0.0,1.0,0.0,0.0,0.0,0.0,1.0,6.48
STU-14240,-0.5853743586879712,0.8209256113476381,1.433468557012194,-1.2728653216910306,-0.6,-0.1948919449901769,0.11974668969487635,1.0,0.0,0.0,1.0,0.0,0.0,0.0,4.47
STU-13336,0.8868713664589816,0.8877441628811086,1.350802942851202,1.1415606259416349,-1.0,-0.01886051080550086,0.6240644789867589,0.0,1.0,0.0,0.0,0.0,1.0,0.0,5.7
STU-10566,-0.8909347922090366,0.782846221764047,0.4326241569916177,1.2725125417454406,0.6,0.21846758349705317,1.786989061600461,1.0,0.0,0.0,0.0,0.0,1.0,0.0,4.55
STU-10432,-1.1826061151155085,0.4559382545841619,0.5241468012412875,-0.6017367531965275,0.4,-0.31434184675834975,0.40759930915371345,1.0,0.0,0.0,0.0,1.0,0.0,0.0,3.95
STU-11161,-1.2937190000322598,0.19297492274275993,-0.6390764837383798,-0.8636405848041382,-1.0,0.09744597249508859,1.2297063903281524,1.0,0.0,0.0,0.0,0.0,0.0,1.0,3.68
STU-11482,0.20630494634388147,0.14124443123297595,-1.742268787005897,0.17579024688856823,-1.0,0.037721021611002006,0.6470926885434658,0.0,1.0,1.0,0.0,0.0,0.0,0.0,4.07
STU-11931,1.73410711394921,1.0623345717266302,-0.10371822060053001,0.17579024688856823,0.0,1.0640471512770142,-0.22797927461139905,1.0,0.0,0.0,1.0,0.0,0.0,0.0,4.64
STU-12590,-1.3353863318760417,-0.021850312832593904,-0.120448166323588,1.0597156785642567,0.8,-0.543811394891945,2.067933218192286,0.0,1.0,0.0,0.0,0.0,0.0,1.0,3.86
STU-11404,0.0,-0.052744911928714396,0.11180284489062627,-1.7721195006930395,-0.4,-0.19017681728880145,-0.12204951065054699,1.0,0.0,0.0,0.0,0.0,0.0,1.0,3.7
STU-12301,-1.4881665486365752,0.38480882875820815,-0.7414243869853209,-0.33983292158891615,0.6,-1.131630648330059,1.8077144502014972,1.0,0.0,0.0,0.0,0.0,1.0,0.0,2.8
STU-12604,1.7479962245638034,0.7418929159854684,0.293864018935668,1.2561435522699638,0.0,0.3803536345776032,-0.6977547495682211,0.0,1.0,0.0,0.0,1.0,0.0,0.0,5.72
STU-13692,-0.9187130134382251,-0.9515622019112124,-1.5592234985065587,-1.2073893637891278,0.4,-0.3489194499017683,-0.49740932642487046,1.0,0.0,0.0,1.0,0.0,0.0,0.0,2.53
STU-13040,1.7202180033346162,1.0623345717266302,1.4797219363641771,0.07757631003571397,-1.0,1.0043222003929273,-0.24870466321243528,1.0,0.0,0.0,0.0,0.0,0.0,1.0,6.15
STU-12015,0.6646455966254802,-0.11309715202346268,-1.9991226595775493,1.1170071417284204,0.8,0.7811394891944993,0.0,0.0,1.0,0.0,0.0,0.0,0.0,1.0,4.08
STU-12153,1.2896555742822047,0.978272523023231,1.181535256712029,-0.6835817005739057,2.0,0.3787819253438115,-0.0023028209556706478,1.0,0.0,0.0,0.0,0.0,1.0,0.0,4.35
STU-10456,0.7618693709276366,1.0623345717266302,0.8016670773531871,0.6914134153660526,2.4,0.12730844793713172,0.34542314335060453,1.0,0.0,0.0,0.0,0.0,1.0,0.0,6.25
STU-13251,-0.09925548717718521,1.0623345717266302,1.2031857747065744,1.1579296154171101,0.0,0.34420432220039293,-1.073114565342545,0.0,1.0,0.0,0.0,0.0,1.0,0.0,4.94
STU-12329,-2.6270736190332746,-0.0822025529273422,-3.0944420472106873,0.8223653311698583,2.2,-0.4919449901768172,0.9925158318940703,1.0,0.0,0.0,0.0,0.0,1.0,0.0,2.36
STU-14799,0.4007524949481956,0.4609676079253904,0.7160491198293025,-1.4774776901344768,1.0,0.03929273084479372,1.727115716753023,1.0,0.0,0.0,0.0,1.0,0.0,0.0,4.98
STU-12703,-0.6131525799171597,0.0,-0.38025438225813285,0.25763519426594716,-1.0,-0.46994106090373294,-0.46286701208981,1.0,0.0,0.0,0.0,1.0,0.0,0.0,3.79
STU-10789,1.7896635564075856,0.12615637120928838,0.7012874030148406,0.12668327846214147,0.0,0.22632612966601176,0.08981001727115731,1.0,0.0,0.0,0.0,0.0,1.0,0.0,4.74
STU-10493,-1.8631725352306099,-0.3135528066238763,-0.1253687385950753,0.13486777319987914,-1.0,-0.11944990176817287,1.073114565342545,1.0,0.0,0.0,0.0,0.0,0.0,1.0,3.27
STU-12206,0.0,-0.8890545246702231,-1.2472592164942453,-1.3301567848551958,0.4,-0.46994106090373294,0.3431203223949339,0.0,1.0,0.0,0.0,0.0,1.0,0.0,3.44
STU-13883,-2.057620083834924,0.9236681153184586,-0.1470192565896206,-1.5593226375118556,-0.2,0.0031434184675834306,-0.07369027058146216,0.0,1.0,0.0,0.0,0.0,1.0,0.0,3.26
STU-12564,0.6368673753962918,-1.518442171372596,-0.7059962666306102,-0.9127475532305657,1.0,-0.35834970530451865,0.3293033966609098,0.0,1.0,0.0,0.0,0.0,1.0,0.0,3.44
STU-11407,-0.2381465933231237,-0.9465328485699829,-1.3899558123673856,0.8632878048585481,0.8,-0.40235756385068777,-0.36384571099597013,1.0,0.0,1.0,0.0,0.0,0.0,0.0,3.77
STU-12727,0.02574650835416092,-0.5096975869318067,1.028013401841616,-0.4626003426549834,0.4,0.3646365422396858,-0.013816925734024092,1.0,0.0,0.0,1.0,0.0,0.0,0.0,4.15
STU-12330,-1.04371500896957,-1.0816069097344196,0.8331587398907084,-0.8063491216399737,-0.2,0.0,0.31778929188255617,0.0,1.0,0.0,1.0,0.0,0.0,0.0,3.95
STU-14266,-0.15481192963556084,0.19081948559651885,-0.685329863090363,-1.42837072170805,-0.4,0.47465618860510805,0.9441565918249859,0.0,1.0,0.0,0.0,1.0,0.0,0.0,4.72
STU-13443,0.16463761450009942,0.0,0.6855415717460807,-0.9945925006079438,0.2,0.009430255402750571,0.4651698330454809,1.0,0.0,0.0,0.0,0.0,0.0,1.0,4.11
STU-12637,0.4007524949481956,0.5400003032875611,-0.3025093403686283,0.0,-1.0,0.0,-0.47898675877950486,1.0,0.0,1.0,0.0,0.0,0.0,0.0,5.57
STU-10466,0.6507564860108854,0.4228882183417993,0.30665750684153525,-0.6181057426720028,10.4,0.42436149312377236,0.36614853195164077,1.0,0.0,0.0,1.0,0.0,0.0,0.0,4.24
STU-13170,-0.349259478239875,0.11969005977056513,0.3922754643654198,-2.4596170586630186,-0.2,-0.056581532416502864,-0.13126079447322958,1.0,0.0,1.0,0.0,0.0,0.0,0.0,3.73
STU-12109,-0.4464832525420327,1.0623345717266302,0.6550340236628573,0.18397474162630664,1.4,0.056581532416502864,-0.0805987334484743,1.0,0.0,0.0,0.0,0.0,0.0,1.0,5.14
STU-12055,1.7896635564075856,1.0623345717266302,0.5044645121553369,-0.7490576584758085,-1.0,0.30648330058939116,1.658031088082902,1.0,0.0,0.0,0.0,0.0,0.0,1.0,4.67
STU-10845,-0.2520357039377173,1.0623345717266302,-0.39698432798118943,-1.264680826953293,1.0,0.5658153241650296,0.0,0.0,1.0,0.0,0.0,0.0,1.0,0.0,4.83
STU-14399,-0.27981392516690573,-1.5011986742026684,-1.0140240908257345,-0.5198918058191486,0.4,-0.4542239685658155,0.9717904432930341,1.0,0.0,0.0,1.0,0.0,0.0,0.0,3.53
STU-11258,-1.8770616458452034,0.9969529782906533,0.12754867615938761,-0.2743569636870133,0.8,-0.4903732809430255,1.5313759355210133,1.0,0.0,0.0,0.0,0.0,1.0,0.0,2.82
STU-10681,-0.2520357039377173,0.2949989476648331,-0.23854190083928906,-0.45441584791724576,-1.0,0.09115913555992144,0.8290155440414511,0.0,1.0,1.0,0.0,0.0,0.0,0.0,3.91
STU-14870,1.0257624726049213,0.5953231900410798,1.3990245511117814,-0.5362607952946247,-0.6,0.7842829076620826,0.7000575705238918,0.0,1.0,0.0,0.0,0.0,1.0,0.0,5.87
STU-12231,-0.557596137458784,0.15130313791543298,0.3342127115618659,0.5440925100867715,1.2,-0.07544204322200401,-0.14968336211859518,1.0,0.0,0.0,0.0,0.0,0.0,1.0,3.7
STU-13946,-1.529833880480356,-3.6386738442249946,-3.513674804741431,-1.8539644480704178,0.6,-1.6298624754420434,0.6563039723661488,0.0,1.0,0.0,0.0,1.0,0.0,0.0,1.0
STU-11293,-1.3076081106468547,-0.8366055541116928,-0.652854086098545,0.7732583627434315,0.2,-0.1728880157170923,-0.27403569372481285,1.0,0.0,0.0,0.0,0.0,0.0,1.0,3.13
STU-14211,0.2618613888022571,0.450190422194186,0.9414113298634348,0.4868010469226064,-1.0,0.4573673870333989,0.677029360967185,0.0,1.0,0.0,0.0,0.0,1.0,0.0,4.69
STU-11766,-0.5714852480733775,0.511979620386428,-0.18539972030722388,0.8960257838094988,0.6,-0.5280943025540275,0.01842256764536559,0.0,1.0,0.0,0.0,0.0,1.0,0.0,3.67
STU-13457,-2.4604042916581474,-1.3258897863083994,0.030121345183932415,-0.028822121554877973,0.8,-1.3862475442043225,0.9004029936672427,1.0,0.0,0.0,0.0,0.0,0.0,1.0,1.46
STU-13840,1.7896635564075856,1.0623345717266302,-1.3043378548435025,1.4034644575492463,-1.0,1.3328094302554028,-0.42141623488773744,1.0,0.0,0.0,0.0,0.0,0.0,1.0,5.68
STU-10275,0.23408316757306866,0.14483682647671076,1.3419459127625242,-0.8881940690173519,0.0,-0.19174852652259344,-0.568796776050662,1.0,0.0,1.0,0.0,0.0,0.0,0.0,4.37
STU-13523,0.6646455966254802,0.8202071322988906,0.2141507481375688,1.1988520891058,0.6,0.9068762278978393,-0.6148531951640761,1.0,0.0,0.0,0.0,0.0,0.0,1.0,3.69
STU-12095,-1.3353863318760417,-0.20434399121433147,0.23383303722351942,-0.7081351847871195,1.0,-0.059724950884086296,0.16580310880829013,0.0,1.0,0.0,0.0,0.0,0.0,1.0,3.97
STU-11007,-0.5298179162295955,-1.5299378361525477,-0.8319629167806927,-0.10248257419451849,0.0,-0.5925343811394892,0.6747265400115143,1.0,0.0,0.0,0.0,1.0,0.0,0.0,3.55
STU-11011,0.16463761450009942,-1.4135442302555332,-0.7748842784314368,-1.051883963772109,0.6,-0.9744597249508843,-0.32239493379389744,0.0,1.0,0.0,0.0,0.0,1.0,0.0,3.08
STU-12381,1.234099131823829,-0.19428528453187344,1.152995937537402,1.5835233417794778,-1.0,-0.6145383104125738,0.30166954519286143,1.0,0.0,0.0,0.0,1.0,0.0,0.0,4.39
STU-14588,-0.9881585665111943,0.1311857245505179,-1.5513505828721788,-0.16795853209642134,-0.4,-0.1100196463654223,0.17040875071963163,1.0,0.0,0.0,1.0,0.0,0.0,0.0,2.64
STU-13793,0.8313149240006059,1.0623345717266302,1.5043247977216152,0.5359080153490339,0.4,0.8911591355599215,-0.4075993091537133,1.0,0.0,0.0,0.0,0.0,1.0,0.0,4.87
STU-10499,-0.27981392516690573,-0.289124518966478,0.099993471439057,-0.5198918058191486,0.2,0.671119842829077,0.4928036845135293,1.0,0.0,0.0,1.0,0.0,0.0,0.0,3.55
STU-14357,-0.8909347922090366,-0.6562673128761952,-1.1724665179676348,-2.181344237579932,-0.8,-1.2055009823182714,-0.455958549222798,1.0,0.0,0.0,0.0,0.0,0.0,1.0,2.62
STU-13439,0.13685939327091098,0.0,-0.296604653642843,-0.42167786896629433,-0.4,0.028290766208251432,0.05987334484743807,0.0,1.0,0.0,0.0,1.0,0.0,0.0,3.65
STU-12030,-0.5159288056150019,-0.5463400184179041,-0.717805640082181,-0.31527943737570235,-0.4,-0.06286836935167,-0.6770293609671849,0.0,1.0,1.0,0.0,0.0,0.0,0.0,4.16
STU-14004,-0.16870104025015445,1.0623345717266302,1.0595050643791373,0.0,-0.4,1.3469548133595284,-0.531951640759931,1.0,0.0,0.0,0.0,0.0,0.0,1.0,5.03
STU-13788,1.3591011273551752,-1.806552269920143,-1.0031988318284617,-1.0682529532475844,-0.8,-1.0546168958742634,-0.052964881980425926,0.0,1.0,0.0,0.0,1.0,0.0,0.0,3.69
STU-14438,1.7896635564075856,1.0623345717266302,1.4787378219098792,-1.3137877953797197,0.6,1.7241650294695485,0.009211283822682796,1.0,0.0,0.0,0.0,0.0,0.0,1.0,5.64
STU-12061,-0.09925548717718521,-0.2560744827241154,-0.306445798185819,0.7568893732679555,1.0,-0.6632612966601179,0.37305699481865295,1.0,0.0,0.0,1.0,0.0,0.0,0.0,3.94
STU-10497,0.23408316757306866,0.9876127506569417,0.21710309150046145,-0.11066706893225617,0.0,-0.4306483300589392,1.1122625215889468,1.0,0.0,0.0,0.0,0.0,0.0,1.0,4.42
STU-12973,1.2479882424384239,-0.6648890614611596,-0.6036483633836691,0.8632878048585481,1.6,-0.2970530451866406,-0.013816925734024092,1.0,0.0,0.0,0.0,0.0,0.0,1.0,4.45
STU-13098,-0.9603803452820071,-0.3695941724261424,0.3548791151021132,0.6750444258905772,-0.2,-0.42907662082514747,-0.050662061024755276,1.0,0.0,0.0,0.0,0.0,0.0,1.0,3.81
STU-11809,0.91464958768817,-0.09010582246355917,1.1598847387174838,-0.5280763005568863,0.8,0.6868369351669941,0.3062751871042027,0.0,1.0,0.0,0.0,0.0,0.0,1.0,4.65
STU-12439,0.1924158357292866,-1.0859177840269019,-1.3200836861122625,0.699597910103791,-0.8,-1.1269155206286838,0.0,1.0,0.0,0.0,0.0,0.0,0.0,1.0,3.78
STU-10797,0.0,1.0623345717266302,1.3985107533152335e-15,1.7635822260097112,-1.0,0.5296660117878195,-0.6954519286125505,1.0,0.0,0.0,0.0,1.0,0.0,0.0,5.96
STU-11936,-1.113160562042539,1.0623345717266302,0.2328489227692214,0.06120732056023862,-0.4,-0.006286836935166861,1.32181922855498,1.0,0.0,0.0,0.0,0.0,1.0,0.0,3.31
STU-11034,1.6924397821054278,-2.364810490796563,0.1265645617050896,-0.2661724689492756,0.4,-0.9681728880157173,0.16810592976396097,0.0,1.0,0.0,0.0,1.0,0.0,0.0,4.14
STU-11104,0.386863384333602,0.16495423984162685,-1.082912102626561,-0.7326886690003325,-0.6,-0.12730844793713172,-0.4444444444444444,1.0,0.0,0.0,0.0,1.0,0.0,0.0,3.9
STU-12868,-0.29370303578149937,-0.9637763457399116,-2.004043231849038,-1.3628947638061473,-1.0,-1.7304518664047155,-0.08520437535981581,1.0,0.0,1.0,0.0,0.0,0.0,0.0,2.45
STU-12087,-0.2381465933231237,-0.41916922678968527,1.4728331351840953,0.03665383634702487,-0.6,-0.3347740667976423,-0.9556706966033394,1.0,0.0,0.0,0.0,1.0,0.0,0.0,4.03
STU-12686,-0.8631565709798494,1.0623345717266302,1.2022016602522778,0.1512367626753552,0.0,0.08644400785854629,-0.9464594127806563,1.0,0.0,0.0,1.0,0.0,0.0,0.0,4.76
STU-11184,1.48410312288652,-0.3063680161364057,-1.882013039516145,0.09394529951119004,-0.2,0.06129666011787829,0.736902705814623,0.0,1.0,1.0,0.0,0.0,0.0,0.0,4.73
STU-12937,1.7896635564075856,-1.5795128905160911,-2.343562718581681,0.25763519426594716,0.8,-0.3756385068762281,0.5595854922279795,0.0,1.0,0.0,0.0,1.0,0.0,0.0,3.46
STU-13928,0.9702060301465456,1.0623345717266302,0.7790324449043438,1.4525714259756723,1.8,0.04086444007858543,1.918249856073691,1.0,0.0,0.0,0.0,1.0,0.0,0.0,5.31
STU-11823,-1.04371500896957,-0.3660017771824066,-2.540385609441185,0.7732583627434315,-0.2,-0.4322200392927309,-0.17962003454231443,1.0,0.0,0.0,1.0,0.0,0.0,0.0,2.92
STU-13543,-1.04371500896957,1.0623345717266302,0.5034803977010389,-0.20069651104737277,0.2,0.793713163064833,0.45365572826712725,1.0,0.0,0.0,0.0,0.0,0.0,1.0,4.47
STU-11821,-1.2103843363446969,-0.31427128567262264,0.37160906082517114,-1.1173599216740118,-1.0,-0.4793713163064832,0.44444444444444464,1.0,0.0,0.0,0.0,1.0,0.0,0.0,3.42
STU-12053,-0.8492674603652558,-0.4263540172771549,0.38145020536814717,1.1251916364661594,1.2,0.2860510805500983,0.2302820955670697,1.0,0.0,0.0,0.0,0.0,1.0,0.0,4.51
STU-13979,0.44241982679197767,-0.5607095993928444,-1.0789756448093704,0.830549825907596,1.0,0.029862475442043148,0.029936672423719037,1.0,0.0,0.0,0.0,1.0,0.0,0.0,4.42
STU-12697,-0.9464912346674123,-0.3580985076461896,-0.9106920731244953,0.6668599311528396,-0.4,-0.22946954813359519,2.80944156591825,0.0,1.0,1.0,0.0,0.0,0.0,0.0,3.67
STU-10239,-0.8492674603652558,0.24686085139878497,-1.5503664684178822,-1.1500979006249632,0.4,0.0,0.5112262521588946,1.0,0.0,0.0,0.0,0.0,1.0,0.0,4.04
STU-12529,-0.7381545754485045,-1.0190992324934303,-1.5277318359690388,0.699597910103791,-0.8,0.3646365422396858,-0.05757052389176742,0.0,1.0,0.0,0.0,0.0,0.0,1.0,3.06
STU-14007,1.7896635564075856,1.0623345717266302,1.5043247977216152,-0.06974459524356708,1.0,1.1803536345776033,1.3103051237766266,0.0,1.0,0.0,0.0,0.0,0.0,1.0,5.09
STU-14647,-0.9048239028236315,-2.3375082869441766,0.4031007233626925,1.1497451206793725,0.2,-1.5056974459724954,-0.6125503742084053,0.0,1.0,1.0,0.0,0.0,0.0,0.0,3.6
STU-11462,-0.3214812570106865,1.0623345717266302,1.5043247977216152,0.9451327522359263,0.2,1.3390962671905702,1.0800230282095569,1.0,0.0,0.0,0.0,1.0,0.0,0.0,5.16
STU-12971,1.7896635564075856,1.0623345717266302,1.5043247977216152,0.020284846871549526,-0.4,2.436149312377211,0.20495106505469216,0.0,1.0,0.0,0.0,1.0,0.0,0.0,6.5
STU-11839,1.7896635564075856,1.0623345717266302,1.5043247977216152,-0.1843275215718967,1.6,1.3595284872298627,0.5135290731145653,1.0,0.0,0.0,0.0,0.0,1.0,0.0,6.58
STU-14150,0.34519605248981994,0.07227044255326333,1.3985107533152335e-15,0.21671272057725732,-1.0,-0.5548133595284872,0.7484168105929767,1.0,0.0,0.0,0.0,0.0,0.0,1.0,4.6
STU-12379,1.3591011273551752,-0.8028370388205828,0.14821507969963488,1.0024242154000915,1.6,-0.2907662082514735,0.0,1.0,0.0,0.0,0.0,0.0,0.0,1.0,4.11
STU-10998,-2.2381785218246457,-1.1311819640979626,-0.25133538874515776,-0.9618545216569924,0.2,-0.8518664047151279,1.5474956822107082,1.0,0.0,0.0,0.0,0.0,1.0,0.0,3.06
STU-14245,0.5118653798649468,1.0623345717266302,1.2189316059753343,0.1921592363640443,-0.2,0.6412573673870335,-0.23719055843408185,0.0,1.0,0.0,0.0,0.0,1.0,0.0,6.26
STU-10939,-1.0159367877403815,0.643461286307129,1.4610237617325246,-1.3628947638061473,0.8,0.14616895874263258,-0.5135290731145654,1.0,0.0,0.0,0.0,0.0,1.0,0.0,4.14
STU-12077,1.7896635564075856,1.0623345717266302,1.5013724543587226,-1.1255444164117496,1.0,0.5406679764243615,0.6056419113413932,1.0,0.0,0.0,0.0,1.0,0.0,0.0,4.57
STU-13600,-0.4048159206982506,-0.18494505689816274,1.003410540484178,-0.675397205836168,-0.2,-0.7795677799607074,-0.5227403569372482,1.0,0.0,0.0,0.0,0.0,1.0,0.0,3.76
STU-13597,0.7618693709276366,-0.5815454918065067,-0.4196189604300328,1.1661141101548478,0.0,1.2589390962671907,-0.42141623488773744,0.0,1.0,0.0,0.0,0.0,1.0,0.0,5.76
STU-10206,0.20630494634388147,1.0077301640218577,0.5172580000612043,1.5262318786153128,0.2,0.16974459724950888,-0.18652849740932637,1.0,0.0,0.0,0.0,0.0,0.0,1.0,4.24
STU-10886,-0.4048159206982506,1.0070116849731114,1.5043247977216152,-0.31527943737570235,-0.8,0.40235756385068777,0.320092112838227,1.0,0.0,0.0,1.0,0.0,0.0,0.0,3.9
STU-14772,-0.4048159206982506,-0.05202643287996805,-0.6105371645637511,1.6981062681078083,-0.2,-0.23104125736738718,-0.3937823834196892,0.0,1.0,0.0,0.0,1.0,0.0,0.0,3.65
STU-10826,-1.2242734469592904,0.8166147370551559,0.13738982070236225,-0.23343448999832417,0.6,0.5029469548133598,-0.03223949337938968,1.0,0.0,0.0,0.0,0.0,1.0,0.0,4.43
STU-12443,0.0,1.0623345717266302,1.3985107533152335e-15,1.1415606259416349,1.2,1.0656188605108057,-0.630972941853771,1.0,0.0,0.0,1.0,0.0,0.0,0.0,5.28
STU-11747,-1.1964952257301034,-0.4572486163732764,-1.867251322701683,0.7896273522189069,0.8,-0.3803536345776032,-0.8405296488198044,0.0,1.0,1.0,0.0,0.0,0.0,0.0,3.51
STU-14268,0.20630494634388147,0.15058465886668665,-0.5947913332949911,-0.2170655005228481,-0.2,-0.7669941060903734,-0.31778929188255617,1.0,0.0,0.0,0.0,1.0,0.0,0.0,4.0
STU-12602,0.06741384019794172,-0.6009444261226765,-0.19228852148730582,-0.05337560576809099,1.6,-0.011001964636542285,0.45826137017846874,1.0,0.0,0.0,0.0,0.0,1.0,0.0,3.42
STU-14084,-0.15481192963556084,-0.5211932517117595,-0.17162211794705856,-0.15977403735868367,1.0,-0.7591355599214147,1.1652274035693726,0.0,1.0,0.0,0.0,0.0,0.0,1.0,3.95
STU-13753,1.1090971362924842,0.0,0.4847822230693863,1.468940415451149,0.0,0.5029469548133598,1.172135866436385,0.0,1.0,0.0,0.0,0.0,1.0,0.0,4.88
STU-12002,-0.5298179162295955,1.0623345717266302,1.1923605157093018,1.346172994385081,0.2,0.26561886051080547,-0.24640184225676443,1.0,0.0,0.0,0.0,1.0,0.0,0.0,5.23
STU-10651,1.3452120167405803,1.0623345717266302,1.2710896720531029,1.6571837944191186,-1.0,1.6377210216110023,1.0247553252734602,0.0,1.0,0.0,1.0,0.0,0.0,0.0,6.24
STU-10945,1.7896635564075856,1.0623345717266302,1.5043247977216152,-1.9849163638742235,0.4,0.9053045186640473,0.3822682786413357,1.0,0.0,0.0,0.0,0.0,1.0,0.0,5.68
STU-11919,-0.349259478239875,-1.1455515450729028,-2.004043231849038,-0.8963785637550896,0.0,-0.10216110019646372,0.7276914219919405,1.0,0.0,0.0,0.0,0.0,0.0,1.0,3.1
STU-11079,0.4701980480211648,0.0,0.5585908071417002,-0.004268637341664224,1.0,0.9383104125736741,-0.36154289004029927,1.0,0.0,0.0,0.0,0.0,1.0,0.0,5.62
STU-10885,-0.9742694558966007,-1.4293507693279683,-0.46685645423631406,0.6259374574641497,1.6,-1.108055009823183,0.6493955094991364,1.0,0.0,0.0,0.0,0.0,0.0,1.0,2.23
STU-12649,-0.04369904471880956,0.6765113225494905,0.6373199634855014,-1.0600684585098468,-1.0,-0.31434184675834975,-0.19113413932066786,0.0,1.0,0.0,0.0,1.0,0.0,0.0,4.32
STU-14586,1.1785426893654534,1.0623345717266302,0.1491991941539329,-0.3725709005398675,0.4,-0.20432220039292717,2.1853770869314912,0.0,1.0,0.0,0.0,0.0,0.0,1.0,5.01
STU-13856,1.7896635564075856,-1.0686742868569732,0.04094660418120506,0.8223653311698583,0.8,-0.25147347740667975,1.298791018998273,1.0,0.0,1.0,0.0,0.0,0.0,0.0,4.4
STU-12338,-0.4881505843858135,-0.9235415190100794,-2.4508311941001106,0.41314059428296585,-1.0,-0.6554027504911593,-0.2671272308578009,1.0,0.0,0.0,0.0,1.0,0.0,0.0,3.33
STU-10656,0.7757584815422303,0.009762765312273958,0.6205900177624434,0.8960257838094988,-0.2,-0.762278978388998,0.0069084628670121485,1.0,0.0,0.0,0.0,1.0,0.0,0.0,4.52
STU-10873,-0.39092681008365704,-1.7361413231429372,-1.9400757923196987,-0.2907259531624886,0.8,-0.3693516699410609,-0.04375359815774313,0.0,1.0,1.0,0.0,0.0,0.0,0.0,3.85
STU-13932,0.02574650835416092,-1.4343801226691968,0.40703718117988175,1.100638152252945,0.2,-0.9650294695481337,-0.3016695451928612,0.0,1.0,0.0,0.0,0.0,0.0,1.0,4.51
STU-14622,-0.30759214639609295,0.4976100394114878,1.5043247977216152,-0.8881940690173519,-0.8,0.3834970530451866,0.0,1.0,0.0,1.0,0.0,0.0,0.0,0.0,4.42
STU-12128,1.7896635564075856,0.9315713848546766,-0.635140025921189,-0.028822121554877973,-1.0,0.7104125736738707,-0.2832469775474956,0.0,1.0,0.0,0.0,0.0,1.0,0.0,5.11
STU-14677,-2.140954747522488,-0.14471023016833054,0.268277043123932,1.4853094049266244,0.6,0.0,0.0,1.0,0.0,0.0,0.0,0.0,0.0,1.0,2.67
STU-13657,-1.4603883274073866,-1.1527363355603724,1.3985107533152335e-15,-2.287742669170524,2.2,-1.4931237721021613,-0.5710995970063328,0.0,1.0,0.0,0.0,1.0,0.0,0.0,2.43
STU-14340,0.10908117204172377,0.2073445037176991,0.018311971732363146,0.0,-1.0,0.14302554027504916,1.284974093264249,1.0,0.0,0.0,0.0,0.0,0.0,1.0,3.92
STU-12869,1.6646615608762405,-0.3458843638174905,0.9591253900407894,0.3149266574301116,-0.2,0.31434184675834975,-1.0892343120322396,1.0,0.0,0.0,0.0,0.0,1.0,0.0,5.08
STU-10240,-1.3492754424906355,-0.25391904557787437,-1.5877628176811873,0.200343731101782,-0.6,0.05500982318271115,0.0,1.0,0.0,0.0,0.0,1.0,0.0,0.0,2.52
STU-14820,1.6368833396470521,1.0623345717266302,1.0506480342904594,-0.176143026834159,-0.6,0.21846758349705317,0.0,0.0,1.0,0.0,0.0,0.0,1.0,0.0,5.83
STU-14096,0.7479802603130431,1.0623345717266302,1.5043247977216152,1.1088226469906828,1.2,1.1834970530451867,0.37075417386298226,0.0,1.0,1.0,0.0,0.0,0.0,0.0,5.92
STU-12820,0.8035367027714188,0.926542031513447,-0.19720909375879453,-0.33164842685117846,0.6,0.594106090373281,1.0362694300518138,1.0,0.0,0.0,0.0,0.0,0.0,1.0,4.27
STU-10699,-2.2659567430538328,-1.7634435269953228,-0.9825324282882131,1.8045046996984009,-0.6,-0.7056974459724953,1.3862982153137597,1.0,0.0,0.0,0.0,0.0,0.0,1.0,3.03
STU-14198,1.6368833396470521,1.0623345717266302,1.5043247977216152,-0.659028216360692,0.2,1.1614931237721022,0.4283246977547497,0.0,1.0,0.0,0.0,1.0,0.0,0.0,5.39
STU-14162,-0.29370303578149937,-2.034310128372942,-0.306445798185819,1.493493899664362,0.2,-0.21060903732809433,0.8658606793321822,1.0,0.0,0.0,0.0,0.0,0.0,1.0,3.7
STU-13612,-1.0020476771257878,0.027006262482202625,-1.7776969073606077,0.7159668995792663,1.0,-0.4667976424361495,0.6954519286125506,1.0,0.0,0.0,0.0,0.0,0.0,1.0,3.71
STU-14029,1.1785426893654534,0.6463352025021164,-1.8633148648844922,-0.9945925006079438,-1.0,-0.35049115913556006,1.662636729994243,1.0,0.0,0.0,1.0,0.0,0.0,0.0,4.23
STU-10214,0.0,-0.2618223151140923,1.5043247977216152,0.9696862364491393,0.0,0.0,0.4997121473805412,1.0,0.0,0.0,0.0,0.0,1.0,0.0,5.56
STU-12596,0.33130694187522636,0.2238695218388804,0.5841777829534361,0.012100352133811124,-0.6,0.9477406679764244,0.2579159470351181,0.0,1.0,0.0,0.0,0.0,0.0,1.0,4.58
STU-13166,1.7896635564075856,1.0623345717266302,1.5043247977216152,-1.0436994690343706,0.0,1.3155206286836936,-0.5549798503166379,1.0,0.0,0.0,0.0,0.0,0.0,1.0,4.88
STU-13054,0.17852672511469303,0.0,0.18659554341723816,0.4786165521848687,0.8,-0.337917485265226,1.390903857225101,0.0,1.0,0.0,0.0,1.0,0.0,0.0,4.19
STU-12371,-2.835410278252183,-2.0781373503465095,-1.1084990784382955,0.17579024688856823,1.2,-1.6660117878192537,0.6240644789867589,1.0,0.0,0.0,0.0,0.0,0.0,1.0,2.3
STU-10235,0.4285307161773828,1.0623345717266302,1.5043247977216152,1.2806970364831782,0.2,1.5151277013752456,0.15428900402993667,1.0,0.0,0.0,0.0,1.0,0.0,0.0,5.68
STU-13551,0.8452040346152008,-1.7066836821443099,1.1205201605455826,0.6832289206283149,1.4,-0.029862475442043148,1.5221646516983307,1.0,0.0,0.0,0.0,0.0,0.0,1.0,4.1
STU-13740,1.2618773530530174,1.0623345717266302,-0.11946405186928997,0.21671272057725732,0.2,0.7717092337917489,-0.5342544617156016,0.0,1.0,0.0,1.0,0.0,0.0,0.0,4.99
STU-10455,0.3174178312606327,1.0623345717266302,1.1126472449112026,-0.41349337422855664,-1.0,1.6628683693516702,-0.19573978123200916,1.0,0.0,1.0,0.0,0.0,0.0,0.0,5.51
STU-13332,-0.0020317128750275202,-0.3243299923550807,-0.6302194536497018,0.18397474162630664,-0.8,0.0,1.5981577432354637,0.0,1.0,0.0,0.0,1.0,0.0,0.0,4.23
STU-11819,0.6090891541671046,-2.001978571179327,-0.014163805259456187,-0.48715382686819714,9.4,-0.6774066797642436,0.29015544041450775,1.0,0.0,0.0,0.0,0.0,0.0,1.0,3.41
STU-14249,-0.04369904471880956,0.3093685286397733,-0.1824473769443312,0.8223653311698583,-0.4,-0.18546168958742631,1.4162348877374784,0.0,1.0,0.0,0.0,0.0,0.0,1.0,4.85
STU-14854,-1.2103843363446969,0.633402579624671,0.21316663368327077,-0.012453132079401899,0.6,-0.3567779960707269,-0.2440990213010938,1.0,0.0,0.0,0.0,0.0,0.0,1.0,3.8
STU-12817,1.2618773530530174,1.0623345717266302,0.6845574572917826,0.17579024688856823,3.4,0.43693516699410606,-0.6563039723661486,0.0,1.0,0.0,0.0,1.0,0.0,0.0,5.82
STU-12313,-0.18259015086474806,0.28278480383613497,1.5043247977216152,1.1497451206793725,-1.0,-0.5799607072691553,-0.43523316062176165,1.0,0.0,0.0,0.0,0.0,0.0,1.0,4.28
STU-13114,-0.8214892391360673,-2.297991939263092,-0.4560311952390414,0.5604614995622477,2.2,-1.6282907662082517,-1.070811744386874,1.0,0.0,0.0,0.0,0.0,0.0,1.0,2.9
STU-13694,1.2479882424384239,1.0623345717266302,0.35094265728492385,0.8714722995962858,0.2,0.9068762278978393,-0.029936672423719037,1.0,0.0,0.0,0.0,0.0,0.0,1.0,5.11
STU-11224,-1.529833880480356,1.0623345717266302,-1.1370383976129241,1.0924536575152073,-0.4,0.44793713163064836,0.7691421991940129,1.0,0.0,0.0,0.0,0.0,0.0,1.0,2.87
STU-14388,-0.3214812570106865,0.6211884357959718,1.295692533410541,-1.641167584889234,1.2,0.47308447937131637,0.44905008635578597,1.0,0.0,0.0,0.0,0.0,0.0,1.0,4.99
STU-10756,-0.15481192963556084,0.0,-2.0493124967467233,0.6259374574641497,0.0,0.28762278978389005,0.0,0.0,1.0,0.0,0.0,0.0,1.0,0.0,4.78
STU-11965,0.05352472958334813,-0.6203433604388452,0.24367418176649405,0.5277235206112962,0.4,-0.3536345776031435,-0.49280368451352907,1.0,0.0,0.0,0.0,1.0,0.0,0.0,3.72
STU-11042,-0.43259414192743784,1.0623345717266302,1.5043247977216152,-0.6672127110984296,1.0,1.1473477406679764,0.3960852043753598,1.0,0.0,0.0,0.0,0.0,0.0,1.0,5.01
STU-13156,-1.8909507564597983,-0.544184581271663,-1.7816333651777985,-0.8636405848041382,-1.0,-1.7257367387033402,1.1375935521013243,0.0,1.0,0.0,0.0,0.0,1.0,0.0,2.56
STU-12812,0.5813109329379161,0.4509089012429323,-1.4312886194478818,-0.42167786896629433,-1.0,-0.10530451866404716,-0.5987334484743811,1.0,0.0,0.0,1.0,0.0,0.0,0.0,4.09
STU-12780,1.73410711394921,1.0623345717266302,1.3985107533152335e-15,0.5359080153490339,-0.6,0.34734774066797663,-0.052964881980425926,0.0,1.0,1.0,0.0,0.0,0.0,0.0,5.17
STU-13239,0.16463761450009942,-2.043650356006653,-1.2905602524833373,0.0,0.2,-0.8927308447937132,-0.6355785837651123,0.0,1.0,0.0,0.0,0.0,0.0,1.0,3.37
STU-11343,1.7896635564075856,-1.1750091860715295,-0.6705681462758997,0.06939181529797629,1.2,0.0,-0.7322970639032815,0.0,1.0,0.0,0.0,1.0,0.0,0.0,4.73
STU-11816,0.011857397739566082,-0.6706368938511355,-0.7512655315282969,-0.659028216360692,-0.4,0.619253438113949,0.895797351755901,0.0,1.0,0.0,0.0,1.0,0.0,0.0,4.04
STU-13865,-0.557596137458784,-0.19356680548312707,0.6914462584718646,-0.6262902374097405,-0.6,-0.4620825147347741,0.8267127230857804,1.0,0.0,0.0,1.0,0.0,0.0,0.0,3.7
STU-13036,-0.8492674603652558,1.0623345717266302,0.8164287941676505,-0.3070949426379647,0.0,0.5532416502946955,2.0057570523891775,1.0,0.0,0.0,0.0,0.0,1.0,0.0,4.64
STU-12574,1.4702140122719252,-1.1484254612678901,1.1136313593655005,1.1988520891058,-0.4,-0.5893909626719058,-0.9349453080023029,0.0,1.0,0.0,0.0,1.0,0.0,0.0,4.17
STU-14207,-0.39092681008365704,-0.20793638645806728,1.135281877360046,-0.7245041742625948,0.0,0.07858546168958744,-0.3822682786413357,0.0,1.0,0.0,1.0,0.0,0.0,0.0,4.46
STU-14514,0.6785347072400738,1.0623345717266302,0.8725233180626083,0.11031428898666538,0.0,0.9304518664047152,-0.3707541738629821,1.0,0.0,0.0,0.0,0.0,1.0,0.0,5.06
STU-13697,0.05352472958334813,-1.2669745043111458,-0.708948609993503,0.33129564690558766,1.6,-1.4302554027504912,0.09441565918249861,1.0,0.0,1.0,0.0,0.0,0.0,0.0,3.65
STU-11698,0.4701980480211648,-0.31642672281886375,1.3985107533152335e-15,1.3625419838605564,0.6,-0.13831041257367374,0.24409902130109398,1.0,0.0,0.0,0.0,0.0,1.0,0.0,4.31
STU-10616,1.5396595653448957,1.0623345717266302,-1.5021448601573029,0.9615017417114017,-0.8,0.5783889980353635,0.16119746689694883,1.0,0.0,1.0,0.0,0.0,0.0,0.0,5.05
STU-13580,-0.8631565709798494,-1.2669745043111458,-0.6656475740044123,-1.9194404059723207,-0.4,-0.8361493123772102,-0.7553252734599886,0.0,1.0,0.0,0.0,1.0,0.0,0.0,3.28
STU-10156,1.48410312288652,1.0623345717266302,1.0880443835537645,0.7978118469566453,0.4,0.7717092337917489,-0.4812895797351756,0.0,1.0,1.0,0.0,0.0,0.0,0.0,5.82
STU-11183,1.4424357910427381,-0.7582913377982695,1.3985107533152335e-15,-0.298910447900227,1.0,-0.048722986247544293,0.06447898675877957,1.0,0.0,0.0,0.0,0.0,1.0,0.0,4.76
STU-11041,0.4146416055627892,1.0623345717266302,1.045727462018972,0.9123947732849741,0.4,0.46365422396856604,0.5503742084052965,1.0,0.0,0.0,1.0,0.0,0.0,0.0,5.99
STU-13437,1.3729902379697687,1.0623345717266302,1.0142357994814506,-0.3725709005398675,0.0,0.18703339882121803,0.35463442717328736,1.0,0.0,0.0,0.0,0.0,1.0,0.0,5.12
STU-10366,-0.7798219072922853,-0.5944781146839533,-2.227437212974574,0.42132508902070354,0.2,-0.7669941060903734,-0.24640184225676443,0.0,1.0,1.0,0.0,0.0,0.0,0.0,1.65
STU-13744,0.34519605248981994,-1.9064208576959762,-2.4793705132747386,-2.664229427106465,0.4,-0.8345776031434186,0.5204375359815777,1.0,0.0,1.0,0.0,0.0,0.0,0.0,2.62
STU-13256,-0.3214812570106865,-0.7697870025782212,-1.726522955737137,-0.49533832160593483,0.0,-0.2609037328094303,-0.08290155440414496,1.0,0.0,0.0,0.0,0.0,1.0,0.0,3.38
STU-14746,0.16463761450009942,0.0,-0.0899406182403647,0.0,0.2,0.0,-0.2440990213010938,1.0,0.0,0.0,0.0,0.0,1.0,0.0,5.2
STU-14123,0.1924158357292866,0.07155196350451597,1.279946702141781,0.5031700363980824,1.0,-0.5595284872298626,0.04605641911341398,1.0,0.0,0.0,0.0,0.0,1.0,0.0,3.79
STU-12676,1.5535486759594892,1.0623345717266302,1.5043247977216152,-0.5689987742455761,-0.8,0.14302554027504916,-0.5457685664939551,1.0,0.0,0.0,0.0,1.0,0.0,0.0,4.61
STU-12047,-0.7103763542193161,0.9545627144145801,0.7288426077351712,0.0284693416092872,0.4,0.3300589390962672,1.611974668969488,0.0,1.0,0.0,1.0,0.0,0.0,0.0,4.41
STU-11573,-1.04371500896957,1.0249736611917863,-0.39600021352689285,-1.4447397111835254,-0.2,0.3080550098231829,-0.8267127230857801,1.0,0.0,0.0,0.0,1.0,0.0,0.0,3.83
STU-12663,1.7896635564075856,1.0623345717266302,1.5043247977216152,0.6423064469396258,-0.4,1.5151277013752456,-0.47898675877950486,1.0,0.0,0.0,0.0,0.0,0.0,1.0,6.15
STU-13790,0.33130694187522636,1.0608976136291364,0.026184887366743122,-1.321972290117458,1.4,0.2609037328094303,0.9533678756476685,0.0,1.0,0.0,0.0,0.0,1.0,0.0,4.22
STU-11496,0.7618693709276366,1.0623345717266302,0.15707210978831287,-1.2073893637891278,-1.0,0.17760314341846772,0.10362694300518141,1.0,0.0,0.0,0.0,0.0,0.0,1.0,5.73
STU-11961,-1.085382340813352,1.0623345717266302,-1.5424935527835009,-0.8636405848041382,1.4,-0.031434184675834864,0.0,1.0,0.0,1.0,0.0,0.0,0.0,0.0,3.49
STU-11035,-0.9742694558966007,-1.4559344941316066,-1.632047968124576,0.06939181529797629,-0.4,-1.7304518664047155,0.7737478411053542,1.0,0.0,0.0,0.0,0.0,1.0,0.0,3.26
STU-14314,-1.2937190000322598,0.7260863769130335,0.4001483799997998,-1.5593226375118556,-0.2,-0.7889980353634578,0.0,1.0,0.0,0.0,0.0,0.0,0.0,1.0,2.7
STU-13033,0.7896475921568251,0.5400003032875611,1.384262834297318,-0.45441584791724576,0.2,-0.17445972495088402,-0.8911917098445598,0.0,1.0,0.0,0.0,0.0,0.0,1.0,5.04
STU-10894,-0.26592481455231215,1.0623345717266302,-0.2926681958256537,1.0024242154000915,0.8,0.4683693516699412,0.02072538860103624,1.0,0.0,0.0,0.0,0.0,0.0,1.0,5.09
STU-11756,-0.11314459779177881,-0.25822991987035654,1.3114383646793022,0.33129564690558766,-0.2,-0.3929273084479372,-0.4812895797351756,1.0,0.0,0.0,0.0,0.0,1.0,0.0,4.19
STU-14979,1.3035446848967995,-0.570049827026555,-0.6892663209075537,0.9205792680227133,0.4,-0.7638506876227898,2.80944156591825,1.0,0.0,1.0,0.0,0.0,0.0,0.0,3.84
STU-10670,-0.9048239028236315,-0.4967649640543612,1.0604891788334339,-1.2892343111665066,-1.0,-0.3646365422396858,0.5112262521588946,1.0,0.0,0.0,0.0,0.0,0.0,1.0,3.16
STU-10465,-1.696503207855483,1.0623345717266302,1.3985107533152335e-15,-0.7408731637380709,-0.4,1.0247544204322203,0.9810017271157171,1.0,0.0,0.0,0.0,0.0,1.0,0.0,3.93
STU-12277,-2.68263006149165,-1.4968877999101862,-1.23348161413408,-2.4678015534007565,1.0,-0.9996070726915521,-0.43523316062176165,0.0,1.0,0.0,0.0,0.0,0.0,1.0,1.76
STU-12900,-0.6270416905317532,0.5565253214087413,0.5349720602385603,0.2330817100527334,1.0,-0.63811394891945,-1.1813471502590676,1.0,0.0,1.0,0.0,0.0,0.0,0.0,3.78
STU-14964,1.7896635564075856,1.0623345717266302,1.2199157204296323,0.805996341694383,0.2,1.3579567779960708,-0.04375359815774313,0.0,1.0,1.0,0.0,0.0,0.0,0.0,5.74
STU-12441,-0.5714852480733775,0.25332716283750717,1.3985107533152335e-15,-1.0846219427230603,0.8,-0.05186640471512772,-0.6217616580310881,1.0,0.0,0.0,0.0,1.0,0.0,0.0,4.26
STU-13820,1.1368753575216726,-1.4918584465689566,-0.3280963161803643,1.4034644575492463,-1.0,-0.2530451866404715,0.0,0.0,1.0,1.0,0.0,0.0,0.0,0.0,4.47
STU-14814,0.5257544904795405,1.0623345717266302,1.5043247977216152,0.6832289206283149,1.0,1.471119842829077,-0.538860103626943,1.0,0.0,0.0,0.0,0.0,0.0,1.0,5.99
STU-11091,1.5257704547303008,1.0623345717266302,1.5043247977216152,-0.42167786896629433,-0.2,0.13045186640471515,0.7138744962579162,0.0,1.0,1.0,0.0,0.0,0.0,0.0,4.67
STU-10653,1.0118733619903277,1.0623345717266302,0.7603342702726912,-1.2483118374778168,-1.0,1.2023575638506878,0.33160621761658043,1.0,0.0,0.0,0.0,0.0,1.0,0.0,5.49
STU-12008,0.12297028265631738,-0.49460952690812016,1.5043247977216152,1.1497451206793725,1.0,-0.5673870333988212,0.30166954519286143,1.0,0.0,0.0,0.0,1.0,0.0,0.0,3.87
STU-13750,0.0,1.0450910745567026,0.9059832095087242,0.21671272057725732,-1.0,-0.6868369351669943,-0.729994242947611,0.0,1.0,0.0,0.0,0.0,0.0,1.0,3.89
STU-11640,-0.09925548717718521,-0.058492744318690275,0.8203652519848397,0.18397474162630664,1.0,-0.9980353634577604,-0.6263672999424295,0.0,1.0,0.0,0.0,0.0,1.0,0.0,4.16
STU-13454,0.3174178312606327,0.8913365581248444,-0.051560154522761435,0.5931994785131991,2.0,0.7497053045186644,-0.44674726540011517,1.0,0.0,0.0,0.0,0.0,0.0,1.0,5.0
STU-12225,0.5674218223233225,-0.9034241056451633,0.26926115757823005,-0.3889398900153429,0.0,-0.7827111984282908,0.4881980426021878,0.0,1.0,0.0,0.0,1.0,0.0,0.0,4.25
STU-11772,-0.9742694558966007,1.0623345717266302,0.8705550891540136,0.18397474162630664,-0.8,1.0420432220039295,0.9441565918249859,1.0,0.0,0.0,0.0,1.0,0.0,0.0,4.26
STU-10043,-1.3353863318760417,-3.545271567887885,-0.6371082548297851,0.6423064469396258,-0.2,-1.519842829076621,-0.7737478411053541,1.0,0.0,1.0,0.0,0.0,0.0,0.0,1.78
STU-10958,0.0,-1.531374794250042,-1.1567206866988748,0.29855766795463623,-0.6,-1.1347740667976425,2.012665515256189,1.0,0.0,1.0,0.0,0.0,0.0,0.0,3.41
STU-11143,-0.2242574827085301,1.0623345717266302,-0.3418739185405296,0.012100352133811124,0.0,0.7387033398821221,-0.27173287276914215,1.0,0.0,0.0,0.0,0.0,0.0,1.0,4.31
STU-14953,0.6090891541671046,1.0623345717266302,0.7180173487378986,-0.3070949426379647,0.8,1.0671905697445976,0.5964306275187107,1.0,0.0,0.0,0.0,0.0,0.0,1.0,5.19
STU-12862,-0.7798219072922853,-1.7462000298253952,-1.1301495964328407,0.0,-1.0,-0.6852652259332024,0.12895797351755914,1.0,0.0,0.0,0.0,0.0,0.0,1.0,3.4
STU-10626,-1.932618088303579,-0.7144641158247025,1.3985107533152335e-15,1.3052505206963911,0.0,-0.17917485265225946,-0.1082325849165227,1.0,0.0,0.0,0.0,0.0,0.0,1.0,3.45
STU-11805,-1.3492754424906355,-1.0076035677134785,-0.4393012495159834,-0.15977403735868367,-0.4,-1.188212180746562,-0.3246977547495683,1.0,0.0,0.0,1.0,0.0,0.0,0.0,2.88
STU-12836,-0.2381465933231237,-0.5995074680251817,-0.1824473769443312,0.6177529627264121,1.0,-0.12416502946954802,1.261945883707542,0.0,1.0,0.0,0.0,1.0,0.0,0.0,3.73
STU-13929,1.6091051184178649,-0.41270291535096204,-0.10076587723763734,-0.11885156366999385,0.6,0.26876227897838917,-1.0155440414507775,1.0,0.0,0.0,0.0,0.0,1.0,0.0,3.78
STU-11262,0.3035287206460379,-0.29415387230770657,0.9286178419575676,0.8141808364321206,-0.6,0.4086444007858546,-0.6977547495682211,1.0,0.0,0.0,0.0,0.0,1.0,0.0,4.46
STU-14082,-0.11314459779177881,0.7059689635481183,-0.28971585246276105,0.3149266574301116,-0.2,0.2939096267190572,0.08520437535981581,1.0,0.0,0.0,0.0,0.0,0.0,1.0,4.59
STU-13933,0.12297028265631738,1.0623345717266302,0.022248429549552435,-1.1009909321985358,-0.2,0.35520628683693517,0.07138744962579172,1.0,0.0,0.0,0.0,0.0,0.0,1.0,4.67
STU-14348,0.02574650835416092,-0.6505194804862194,1.013251685027154,-0.9536700269192547,0.6,-0.5280943025540275,1.0293609671848014,0.0,1.0,0.0,0.0,0.0,0.0,1.0,4.0
STU-14693,-0.2242574827085301,-2.2196777229496685,-2.29238876695821,-1.1828358795759146,-0.6,-0.762278978388998,-0.8105929763960853,1.0,0.0,0.0,0.0,0.0,0.0,1.0,2.59
STU-13656,0.6090891541671046,1.0623345717266302,1.5043247977216152,-0.41349337422855664,1.6,0.32534381139489205,-0.47207829591249284,1.0,0.0,0.0,0.0,0.0,0.0,1.0,5.02
STU-14094,1.3591011273551752,1.0623345717266302,1.5043247977216152,0.0284693416092872,0.2,1.1222003929273086,-0.782959124928037,0.0,1.0,0.0,1.0,0.0,0.0,0.0,4.91
STU-14398,0.5118653798649468,1.0623345717266302,-0.50031634568243,-1.1992048690513901,0.4,1.1127701375245582,2.80944156591825,0.0,1.0,0.0,0.0,0.0,0.0,1.0,5.32
STU-10280,-1.5715012123241379,-1.856127324283686,-1.6940471787453193,-1.5593226375118556,-0.6,-0.17603143418467573,0.5826137017846864,1.0,0.0,0.0,0.0,1.0,0.0,0.0,2.47
STU-13451,-1.252051668188479,0.8942104743198318,1.5043247977216152,0.0284693416092872,1.0,-0.6255402750491161,0.4559585492227981,1.0,0.0,0.0,0.0,0.0,0.0,1.0,3.67
STU-11269,0.3035287206460379,1.0623345717266302,0.4365606148088084,1.3543574891228187,0.0,0.9273084479371319,-0.07138744962579152,1.0,0.0,1.0,0.0,0.0,0.0,0.0,5.05
STU-11956,-1.0576041195841634,0.0,-0.7660272483427588,1.0679001733019944,0.6,-0.6664047151277015,0.3246977547495683,1.0,0.0,0.0,1.0,0.0,0.0,0.0,3.05
STU-11683,-1.6826140972408892,-0.35450611240245483,-0.668599917367305,-0.07792908998130474,-0.8,-0.8581532416502948,-0.9833045480713875,1.0,0.0,0.0,0.0,0.0,1.0,0.0,3.02
STU-12914,0.0,-0.5772346175140246,-1.1311337108871389,0.3149266574301116,0.6,-0.011001964636542285,0.3293033966609098,1.0,0.0,0.0,0.0,0.0,0.0,1.0,3.96
STU-11030,1.7896635564075856,1.0623345717266302,0.6776686561116992,0.5522770048245093,0.0,1.0640471512770142,0.34542314335060453,0.0,1.0,0.0,0.0,0.0,1.0,0.0,5.59
STU-11072,0.17852672511469303,-0.6900358281673042,0.3647202596450892,-0.33164842685117846,0.2,-0.4683693516699412,-0.3707541738629821,1.0,0.0,0.0,0.0,0.0,1.0,0.0,3.66
STU-10168,-1.1409387832717277,-1.3158310796259411,-0.2611765332881324,-0.5935522584587891,0.4,-0.9603143418467585,-0.432930339666091,1.0,0.0,0.0,0.0,0.0,0.0,1.0,3.32
STU-14698,0.0,0.0399388853596481,0.5162738856069062,0.4786165521848687,-0.6,-0.05343811394891944,0.5457685664939552,1.0,0.0,1.0,0.0,0.0,0.0,0.0,4.82
STU-13633,1.2618773530530174,-0.45437470017828796,1.3985107533152335e-15,-1.1255444164117496,0.6,0.42593320235756404,0.2394933793897525,1.0,0.0,0.0,1.0,0.0,0.0,0.0,3.41
STU-11711,-1.7103923184700764,-1.3934268168906183,-1.5877628176811873,0.2412662047904711,0.0,-0.5249508840864441,-0.888888888888889,0.0,1.0,0.0,1.0,0.0,0.0,0.0,2.3
STU-14839,1.7896635564075856,-0.6634521033636649,0.8095399929875671,-1.5756916269873311,0.0,0.8895874263261301,-0.9096142774899252,1.0,0.0,0.0,0.0,0.0,0.0,1.0,5.09
STU-10324,0.7896475921568251,1.0623345717266302,0.8183970230762451,-1.1828358795759146,-0.8,0.3724950884086446,-0.4835924006908463,0.0,1.0,0.0,0.0,0.0,1.0,0.0,5.39
STU-11180,-0.8909347922090366,0.9437855286833747,0.690462144017568,0.03665383634702487,0.8,0.8157170923379176,-0.2026482440990213,0.0,1.0,0.0,0.0,0.0,1.0,0.0,4.32
STU-10660,-0.140922819020966,0.5012024346552226,0.26926115757823005,0.5195390258735578,0.6,0.35049115913556006,-0.8267127230857801,1.0,0.0,0.0,1.0,0.0,0.0,0.0,3.3
STU-11336,1.0674298044487034,0.8597234799799766,1.2622326419644263,-1.2810498164287683,-0.2,-0.3017681728880158,-0.6908462867012091,0.0,1.0,0.0,0.0,0.0,0.0,1.0,4.33
STU-10005,-0.5020396950004083,-1.9258197920121454,0.11475518825351894,0.12668327846214147,-1.0,-1.4365422396856584,1.88370754173863,1.0,0.0,1.0,0.0,0.0,0.0,0.0,3.8
STU-12993,1.0674298044487034,0.0966987302106616,-0.9795800849253204,0.044838331084762546,0.0,0.0990176817288803,0.33621185952792176,1.0,0.0,0.0,0.0,1.0,0.0,0.0,5.29
STU-11523,-0.2520357039377173,1.0623345717266302,0.7406519811867405,0.1921592363640443,0.2,0.2907662082514735,-0.33390903857225107,1.0,0.0,0.0,0.0,0.0,0.0,1.0,4.76
STU-13995,-0.43259414192743784,-0.9070165008888981,0.030121345183932415,2.1728069628966034,0.0,0.059724950884086574,2.6183074265975828,1.0,0.0,0.0,0.0,0.0,0.0,1.0,4.34
STU-10903,-1.3770536637198239,0.22099560564389298,-1.403733414727551,-0.6917661953116434,2.0,0.9477406679764244,-0.46516983304548076,0.0,1.0,0.0,1.0,0.0,0.0,0.0,3.8
STU-12788,0.7340911496984495,-0.15045806255830643,-0.44225359287887606,0.5768304890377229,0.4,0.16974459724950888,-0.2993667242371906,0.0,1.0,1.0,0.0,0.0,0.0,0.0,4.34
STU-11317,0.34519605248981994,0.6930363406706719,-0.8949462418557339,0.2821886784791602,0.2,0.08487229862475458,-0.39838802533103046,1.0,0.0,0.0,1.0,0.0,0.0,0.0,3.91
STU-13426,0.6646455966254802,0.005451891019792813,0.5881142407706255,1.5344163733530518,0.0,0.015717092337917432,1.701784686240645,1.0,0.0,0.0,0.0,1.0,0.0,0.0,4.0
STU-11370,-1.1409387832717277,-0.6375868576087729,-0.1607968589497859,-0.5444452900323623,-1.0,-0.6726915520628683,1.3862982153137597,1.0,0.0,0.0,0.0,1.0,0.0,0.0,3.27
STU-11946,-0.18259015086474806,0.0,1.3985107533152335e-15,0.2330817100527334,1.4,-0.46365422396856576,0.12895797351755914,1.0,0.0,0.0,0.0,0.0,0.0,1.0,3.85
STU-13142,-0.8631565709798494,-0.7317076129946302,-2.1162322796389543,-0.5198918058191486,-0.2,-1.0341846758349706,0.895797351755901,1.0,0.0,0.0,1.0,0.0,0.0,0.0,2.21
STU-12991,0.23408316757306866,1.0623345717266302,0.34995854283062583,0.34766463638106304,2.6,1.4475442043222004,-0.10362694300518141,1.0,0.0,0.0,0.0,0.0,1.0,0.0,5.12
STU-11691,0.6924238178546674,1.0623345717266302,0.03208957409252846,0.0,1.2,0.30648330058939116,0.8082901554404148,1.0,0.0,0.0,0.0,1.0,0.0,0.0,4.36
STU-12347,-0.140922819020966,0.0,-0.6577746583700324,0.09394529951119004,-0.2,-0.4416502946954815,-0.11514104778353484,1.0,0.0,0.0,0.0,1.0,0.0,0.0,3.66
STU-12600,0.3590851631044136,1.0623345717266302,1.5043247977216152,-0.6017367531965275,-0.4,0.619253438113949,-0.18652849740932637,0.0,1.0,0.0,0.0,1.0,0.0,0.0,4.74
STU-13292,-0.4742614737712199,0.3654098944420394,-0.0545124978856541,-1.4774776901344768,-0.2,0.21060903732809433,1.22279792746114,0.0,1.0,1.0,0.0,0.0,0.0,0.0,4.69
STU-12130,0.0,-1.659982543975755,-0.5446014961258172,-0.822718111115449,0.0,-1.068762278978389,0.8911917098445598,0.0,1.0,0.0,0.0,0.0,0.0,1.0,2.97
STU-13175,1.567437786574083,0.890618079076097,1.148075365265913,0.2658196890036848,-1.0,1.111198428290766,0.0,1.0,0.0,0.0,0.0,0.0,0.0,1.0,6.11
STU-10255,-0.7937110179068801,-3.5373682983516677,-0.727646784625157,-1.0273304795588953,0.8,-1.419253438113949,-0.25561312607944725,1.0,0.0,0.0,0.0,0.0,1.0,0.0,1.62
STU-11773,0.33130694187522636,0.705250484499371,-0.3595879787178842,-0.6835817005739057,1.2,0.5312377210216113,-0.2625215889464594,0.0,1.0,0.0,1.0,0.0,0.0,0.0,4.78
STU-12586,-0.015920823489621122,-2.4380953537687566,-1.8367437746184596,-2.2140822165308833,-0.2,-0.913163064833006,-0.14968336211859518,1.0,0.0,1.0,0.0,0.0,0.0,0.0,2.83
STU-11522,0.2618613888022571,1.0623345717266302,0.2643405853067427,-0.1352205531454699,-1.0,0.7056974459724953,-0.9740932642487047,1.0,0.0,0.0,0.0,0.0,0.0,1.0,4.67
STU-11775,-0.1270337084063724,0.8769669771499041,0.32732391038178393,-1.2564963322155551,0.0,0.7889980353634581,-0.5227403569372482,1.0,0.0,1.0,0.0,0.0,0.0,0.0,4.7
STU-11748,-2.18262207936627,0.9983899363881471,-0.49539577341094126,-1.6739055638401854,0.0,-0.24047151277013745,-0.13356361542890044,1.0,0.0,0.0,1.0,0.0,0.0,0.0,3.63
STU-12683,1.1090971362924842,-0.35450611240245483,0.7032556319234352,-1.5838761217250688,0.0,-0.42278978388998034,-0.34772596430627517,1.0,0.0,0.0,0.0,1.0,0.0,0.0,3.79
STU-14481,-1.5715012123241379,-1.2842180014810733,-0.3290804306346609,-0.42167786896629433,-0.4,-0.6035363457760315,1.3955094991364423,1.0,0.0,0.0,0.0,0.0,1.0,0.0,3.39
STU-12728,0.2896396100314443,-0.8078663921618123,0.251547097400874,0.06939181529797629,0.2,-0.6632612966601179,-0.2026482440990213,0.0,1.0,0.0,0.0,0.0,1.0,0.0,3.66
STU-14412,1.48410312288652,0.9172018038797364,1.5043247977216152,-1.3956327427570985,-1.0,0.9383104125736741,0.20495106505469216,0.0,1.0,1.0,0.0,0.0,0.0,0.0,6.84
STU-12471,-1.085382340813352,1.0623345717266302,-1.1409748554301136,0.805996341694383,-0.2,0.2640471512770137,0.4997121473805412,0.0,1.0,0.0,0.0,0.0,1.0,0.0,4.14
STU-11958,-0.05758815533340317,-0.5757976594165308,-0.8063759409689581,1.1661141101548478,1.4,0.34420432220039293,-0.17501439263097293,1.0,0.0,0.0,0.0,1.0,0.0,0.0,3.58
STU-14313,-0.2381465933231237,1.0623345717266302,0.13246924843087493,-0.675397205836168,0.6,0.6444007858546169,0.2026482440990213,1.0,0.0,0.0,0.0,0.0,1.0,0.0,4.75
STU-13751,1.234099131823829,1.0623345717266302,0.5448132047815348,1.1661141101548478,0.2,0.6789783889980352,0.4145077720207254,0.0,1.0,0.0,0.0,0.0,1.0,0.0,5.61
STU-14508,0.4007524949481956,0.27560001334866435,-0.017116148622347456,-0.45441584791724576,0.0,-0.21846758349705317,0.20955670696603346,1.0,0.0,0.0,0.0,0.0,1.0,0.0,4.44
STU-12308,1.7896635564075856,0.026287783433455256,-0.05352838343135608,-2.115868279678029,0.2,-0.14145383104125744,-0.280944156591825,1.0,0.0,0.0,0.0,1.0,0.0,0.0,4.24
STU-10879,0.05352472958334813,0.6384319329658994,-0.5613314418488752,0.22489721531499574,1.2,-0.13831041257367374,0.4122049510650548,1.0,0.0,0.0,0.0,0.0,1.0,0.0,3.8
STU-14354,0.9424278089173572,1.0623345717266302,1.5043247977216152,0.07757631003571397,0.6,1.3265225933202358,1.0408750719631552,0.0,1.0,0.0,0.0,1.0,0.0,0.0,5.54
STU-11828,0.16463761450009942,1.0623345717266302,1.5043247977216152,-0.1843275215718967,-0.2,0.12259332023575631,-1.1583189407023604,1.0,0.0,0.0,0.0,0.0,1.0,0.0,4.36
STU-12569,0.44241982679197767,0.0,-1.9036635575106902,0.38858711006975283,1.0,0.2231827111984283,0.7023603914795625,0.0,1.0,1.0,0.0,0.0,0.0,0.0,4.96
STU-10175,0.08130295081253533,-0.6368683785600265,0.6540499092085593,-0.2170655005228481,-0.4,-0.4683693516699412,0.35233160621761667,0.0,1.0,0.0,0.0,0.0,1.0,0.0,4.24
STU-11022,0.0,0.05215302918834724,-0.38419084007532217,-0.4789693321304595,-1.0,0.5060903732809432,0.14507772020725387,1.0,0.0,0.0,0.0,1.0,0.0,0.0,4.36
STU-13666,1.5257704547303008,0.8898996000273497,1.5043247977216152,-1.804857479643991,1.4,0.6113948919449904,0.0,1.0,0.0,0.0,1.0,0.0,0.0,0.0,5.71
STU-10872,-1.446499216792793,-2.0414949188604123,1.5043247977216152,-0.22524999526058578,-0.6,-1.3453831041257367,-0.5757052389176742,1.0,0.0,0.0,0.0,1.0,0.0,0.0,2.86
STU-14361,-3.0854142693148727,0.0,1.3985107533152335e-15,0.8551033101208104,-0.8,-0.38821218074656205,-0.7875647668393784,1.0,0.0,0.0,0.0,0.0,1.0,0.0,2.29
STU-10910,1.0118733619903277,1.0623345717266302,1.0043946549384761,0.200343731101782,-0.4,1.6895874263261301,-0.21876799078871625,1.0,0.0,1.0,0.0,0.0,0.0,0.0,6.11
STU-11153,-1.8492834246160161,-2.782965297167317,-1.9587739669513513,0.45406306797165497,0.6,-0.7937131630648331,0.05987334484743807,1.0,0.0,0.0,0.0,0.0,0.0,1.0,2.08
STU-12950,-0.30759214639609295,-0.44718990969081834,0.15018330860822954,0.9287637627604509,0.0,-0.38664047151277003,0.0,0.0,1.0,0.0,0.0,0.0,0.0,1.0,4.07
STU-14218,1.150764468136266,1.0623345717266302,1.5043247977216152,-1.747566016479826,-0.2,1.3783889980353639,0.5964306275187107,1.0,0.0,0.0,0.0,0.0,0.0,1.0,5.88
STU-11376,-0.19647926147934167,1.0623345717266302,0.5024962832467409,1.951825604977682,0.6,0.13516699410609032,-0.27864133563615434,1.0,0.0,0.0,0.0,1.0,0.0,0.0,4.31
STU-12393,-1.3076081106468547,0.24111301900880805,0.9030308661458316,0.5031700363980824,0.2,-0.35834970530451865,0.8819804260218771,0.0,1.0,0.0,0.0,0.0,1.0,0.0,4.3
STU-11335,-1.7381705396992648,-0.006043773760159972,-1.5730011008667242,-1.1337289111494873,0.4,-0.8141453831041259,-0.03684513529073118,1.0,0.0,0.0,0.0,1.0,0.0,0.0,2.92
STU-10482,-0.7937110179068801,0.7383005207417326,-1.0297699220944945,-0.5362607952946247,1.4,-0.3913555992141455,1.4369602763385148,1.0,0.0,0.0,0.0,0.0,1.0,0.0,4.11
STU-12853,1.6646615608762405,1.0623345717266302,0.615669445490956,-1.968547374398748,0.2,0.6899803536345775,-0.12204951065054699,1.0,0.0,0.0,1.0,0.0,0.0,0.0,4.49
STU-10942,-1.7520596503138586,0.2023151503764706,1.3985107533152335e-15,-0.8472715953286628,0.4,-1.5591355599214147,-0.7944732297063903,1.0,0.0,0.0,0.0,0.0,0.0,1.0,2.36
STU-14793,0.8035367027714188,0.16710967698786794,1.1037902148225258,2.0745930260437486,-1.0,0.2467583497053046,0.04605641911341398,1.0,0.0,0.0,0.0,0.0,1.0,0.0,4.63
STU-10992,-1.3492754424906355,-0.42491705917966116,-1.4342409628107744,-0.3971243847530813,1.2,-0.3677799607072692,1.5889464594127807,1.0,0.0,0.0,0.0,1.0,0.0,0.0,2.4
STU-14480,0.0,-0.6009444261226765,-1.2482433309485432,1.313435015434129,-1.0,0.11787819253438116,-0.08520437535981581,1.0,0.0,0.0,0.0,1.0,0.0,0.0,4.28
STU-14791,-0.877045681594443,-1.9502480796695432,-1.9991226595775493,0.5768304890377229,0.4,-1.3595284872298627,-0.0023028209556706478,0.0,1.0,0.0,1.0,0.0,0.0,0.0,2.47
STU-11070,-1.5159447698657622,0.25907499522748306,-2.3553720920332513,0.7650738680056939,0.0,-0.20746561886051088,-0.21416234887737476,1.0,0.0,0.0,0.0,1.0,0.0,0.0,2.21
STU-11477,-1.2937190000322598,1.0623345717266302,0.23580126613211408,-0.16795853209642134,1.0,0.5642436149312378,0.356937248128958,1.0,0.0,0.0,0.0,0.0,0.0,1.0,4.66
STU-10973,1.5396595653448957,1.0623345717266302,0.16396091096839485,2.6802456366363496,-0.2,0.5532416502946955,-0.2993667242371906,1.0,0.0,0.0,0.0,0.0,1.0,0.0,5.36
STU-10970,-0.27981392516690573,0.06436717301704636,-1.123260795252759,0.0,-0.8,-0.13988212180746573,-0.33160621761658027,0.0,1.0,0.0,0.0,0.0,0.0,1.0,4.2
STU-12917,-2.5437389553457113,-0.7324260920433775,-1.6005563055870546,1.1170071417284204,0.2,-1.601571709233792,-0.6424870466321244,1.0,0.0,0.0,0.0,0.0,1.0,0.0,2.04
STU-12669,-0.4048159206982506,1.0623345717266302,0.6274788189425268,0.7650738680056939,0.0,0.3913555992141455,1.0846286701208983,0.0,1.0,0.0,0.0,0.0,0.0,1.0,4.36
STU-10755,0.34519605248981994,-0.8229544521854989,-1.4982084023401137,-2.6805984165819408,-0.2,-0.4950884086444009,-0.02763385146804839,1.0,0.0,1.0,0.0,0.0,0.0,0.0,3.2
STU-13269,-0.26592481455231215,-0.5837009289527478,-1.0838962170808577,-0.4380468584417704,-0.2,-0.1713163064833006,-0.08750719631548647,0.0,1.0,0.0,0.0,0.0,0.0,1.0,3.93
STU-11901,1.7896635564075856,1.0623345717266302,1.5043247977216152,1.0187932048755668,0.0,0.6239685658153243,0.9096142774899253,1.0,0.0,0.0,0.0,0.0,1.0,0.0,6.37
STU-11294,-0.6548199117609405,-0.9264154352050679,-1.1301495964328407,1.4771249101888868,-0.2,0.21846758349705317,0.8428324697754753,1.0,0.0,0.0,0.0,0.0,1.0,0.0,3.63
STU-14874,0.6785347072400738,0.9366007381959051,0.043898947544097726,-0.05337560576809099,-0.4,0.0,-0.5780080598733449,0.0,1.0,1.0,0.0,0.0,0.0,0.0,4.68
STU-12281,0.0,1.0623345717266302,0.5428449758729402,-0.49533832160593483,0.0,0.8864440078585462,0.3062751871042027,1.0,0.0,0.0,0.0,0.0,1.0,0.0,4.62
STU-12785,-0.7381545754485045,0.5694579442861878,-0.4963798878652393,0.3558491311188014,0.0,-0.011001964636542285,-0.5457685664939551,1.0,0.0,0.0,0.0,0.0,1.0,0.0,4.19
STU-11286,-0.7242654648339096,0.7778168684228184,-1.3053219692977993,0.5440925100867715,-0.4,0.6506876227897838,-1.0961427748992516,1.0,0.0,0.0,1.0,0.0,0.0,0.0,3.29
STU-14008,0.4007524949481956,1.0623345717266302,-0.18933617812441314,-0.9618545216569924,1.8,0.38821218074656205,1.3955094991364423,0.0,1.0,0.0,0.0,0.0,0.0,1.0,3.75
STU-11689,-0.3353703676252814,0.0,0.2466265251293867,-0.7163196795248571,1.8,-0.39921414538310407,-1.093839953943581,1.0,0.0,0.0,0.0,1.0,0.0,0.0,3.52
STU-12086,0.33130694187522636,0.6829776339882138,1.5043247977216152,1.1988520891058,-0.4,0.30019646365422403,0.274035693724813,1.0,0.0,0.0,0.0,0.0,0.0,1.0,5.19
STU-14667,0.553532711708729,0.6211884357959718,0.3263397959274859,-0.12703605840773224,-0.4,0.0,-0.14507772020725387,1.0,0.0,0.0,0.0,0.0,1.0,0.0,3.61
STU-11020,-0.4048159206982506,-0.7446402358720766,-0.694186893179041,0.7405203837924801,-0.8,-0.6491159135559922,1.9435808865860684,1.0,0.0,0.0,0.0,1.0,0.0,0.0,3.55
STU-10182,1.0118733619903277,1.0623345717266302,0.6186217888538488,-1.4692931953967392,-0.4,0.820432220039293,0.0,0.0,1.0,0.0,0.0,1.0,0.0,0.0,4.95
STU-12989,0.5674218223233225,1.0623345717266302,0.1875796578715362,-1.8621489428081555,-1.0,1.1929273084479375,0.5434657455382845,1.0,0.0,0.0,0.0,0.0,0.0,1.0,4.89
STU-10820,0.24797227818766227,-1.7864348565552268,-0.5278715504027606,-1.1746513848381763,-0.6,-0.38506876227897835,0.24870466321243528,1.0,0.0,0.0,0.0,0.0,1.0,0.0,3.41
STU-14141,0.4146416055627892,-0.4788029878356862,0.10294581480194966,0.0,0.2,-0.744990176817289,0.2256764536557284,1.0,0.0,0.0,0.0,0.0,0.0,1.0,3.13
STU-11179,-0.29370303578149937,-0.0872319062685707,0.5635113794131875,0.2903731732168986,0.4,0.037721021611002006,0.24640184225676465,0.0,1.0,0.0,1.0,0.0,0.0,0.0,3.51
STU-13664,-1.252051668188479,0.0,0.9345225286833515,0.6423064469396258,0.0,-0.275049115913556,-0.36614853195164077,0.0,1.0,0.0,0.0,0.0,1.0,0.0,4.45
STU-10470,-1.8492834246160161,1.0623345717266302,0.13345336288517154,1.796320204960662,-0.2,1.1253438113948924,1.275762809441566,1.0,0.0,0.0,0.0,1.0,0.0,0.0,4.39
STU-10896,-0.4603723631566263,-1.1117830297817939,0.649129336937072,-1.518400163823166,-0.2,-0.2970530451866406,-0.9833045480713875,1.0,0.0,0.0,0.0,1.0,0.0,0.0,3.91
STU-12339,0.6090891541671046,1.0623345717266302,0.2141507481375688,-2.557830995515873,0.6,0.7292730844793712,-0.6148531951640761,0.0,1.0,0.0,0.0,0.0,1.0,0.0,3.61
STU-12927,-1.3492754424906355,0.6111297291135137,0.9099196673259136,0.6177529627264121,0.4,-0.42278978388998034,-0.22337363270005756,1.0,0.0,0.0,0.0,0.0,0.0,1.0,4.48
STU-11478,-0.0020317128750275202,-0.799244643576848,-0.38714318343821486,-0.929116542706041,1.2,-1.4994106090373283,0.0046056419113415,0.0,1.0,0.0,0.0,1.0,0.0,0.0,3.27
STU-13202,0.2618613888022571,0.19369340179150626,0.46116347616624637,0.3722181205942768,-1.0,-0.088015717092338,-0.12665515256188828,0.0,1.0,0.0,0.0,0.0,0.0,1.0,4.59
STU-10181,0.34519605248981994,0.0,-0.26511299110532305,-0.9700390163947301,0.0,0.2326129666011789,-0.5595854922279793,0.0,1.0,0.0,0.0,0.0,1.0,0.0,4.38
STU-13901,0.553532711708729,1.0623345717266302,1.0240769440244266,1.0679001733019944,-0.4,0.5689587426326133,0.22337363270005756,1.0,0.0,0.0,0.0,0.0,0.0,1.0,5.17
STU-10679,-0.7103763542193161,0.3934305773431725,1.5043247977216152,0.08576080477345237,0.2,-0.42121807465618866,-0.8267127230857801,1.0,0.0,1.0,0.0,0.0,0.0,0.0,4.3
STU-12552,0.48408715863575846,-0.9156382494738624,-0.297588768097141,-0.41349337422855664,0.8,-0.39607072691552064,0.43983880253310315,1.0,0.0,0.0,0.0,1.0,0.0,0.0,4.02
STU-14306,0.5257544904795405,0.9488148820246042,1.2917560755933515,0.5931994785131991,0.8,0.17917485265225946,0.14968336211859537,0.0,1.0,0.0,0.0,1.0,0.0,0.0,5.33
STU-11259,0.08130295081253533,1.0623345717266302,1.5043247977216152,1.0597156785642567,0.8,0.13516699410609032,0.2556131260794474,1.0,0.0,0.0,1.0,0.0,0.0,0.0,4.61
STU-13796,0.3035287206460379,0.7289602931080219,-0.9874530005597004,0.08576080477345237,0.4,0.6758349705304518,-0.6493955094991365,1.0,0.0,0.0,0.0,0.0,1.0,0.0,4.04
STU-10557,-0.5159288056150019,-0.3660017771824066,0.3834184342767418,1.951825604977682,-0.2,-0.3080550098231826,0.050662061024755276,1.0,0.0,0.0,0.0,1.0,0.0,0.0,4.33
STU-14362,-0.04369904471880956,-1.0499938315895518,-0.8575498925924286,-0.9945925006079438,-0.8,0.05343811394891944,-0.01611974668969474,1.0,0.0,1.0,0.0,0.0,0.0,0.0,3.09
STU-14180,0.7479802603130431,-0.3933039810347933,1.368517003028558,-0.4462313531795081,1.0,-0.9037328094302556,0.0,0.0,1.0,1.0,0.0,0.0,0.0,0.0,4.4
STU-10739,-0.2381465933231237,-0.12243737965717337,-0.5259033214941645,0.0,0.0,0.13516699410609032,-0.455958549222798,1.0,0.0,0.0,0.0,0.0,0.0,1.0,4.62
STU-11319,-0.3631485888544686,0.1182531016730714,-0.14406691322672793,0.2821886784791602,0.6,0.3269155206286838,0.08290155440414516,1.0,0.0,0.0,0.0,0.0,0.0,1.0,3.95
STU-13321,-0.8353783497506609,0.14339986837921603,0.7288426077351712,-1.2319428480023416,-0.6,0.2561886051080552,0.8428324697754753,0.0,1.0,1.0,0.0,0.0,0.0,0.0,3.6
STU-11211,-0.6409308011463468,-0.3365441361837798,-0.7975189108802802,-1.0846219427230603,-0.4,0.0,0.43523316062176187,1.0,0.0,0.0,0.0,0.0,1.0,0.0,4.24
STU-14842,0.2757504994168507,0.3812164335144734,1.155948280900293,0.4458785732339173,0.0,-0.015717092337917432,1.7294185377086935,1.0,0.0,0.0,0.0,0.0,1.0,0.0,4.23
STU-11188,-0.668709022375534,0.14986617981793926,0.7268743788265751,0.42950958375844195,1.8,0.2561886051080552,-0.6493955094991365,0.0,1.0,1.0,0.0,0.0,0.0,0.0,4.18
STU-10678,0.22019405695847505,1.0623345717266302,1.3985107533152335e-15,-0.3725709005398675,0.6,1.0797642436149313,-0.29015544041450775,0.0,1.0,0.0,0.0,0.0,1.0,0.0,5.03
STU-14299,1.1924317999800482,0.4932991651190056,-0.23755778638499245,0.32311115216785,-0.4,-0.30333988212180746,1.1122625215889468,0.0,1.0,0.0,0.0,1.0,0.0,0.0,5.18
STU-12861,0.13685939327091098,-1.092384095465624,-1.891854184059121,-0.7899801321644976,0.0,-1.4161100196463656,0.736902705814623,0.0,1.0,0.0,1.0,0.0,0.0,0.0,3.07
STU-12274,-1.279829889417666,-0.8847436503777409,-0.5859343032063131,0.1430522679376168,-1.0,-0.46994106090373294,-0.9234312032239494,1.0,0.0,0.0,0.0,1.0,0.0,0.0,2.74
STU-11725,1.0118733619903277,1.0623345717266302,0.4090054100884778,-0.7899801321644976,-0.8,1.2117878192534381,-0.9464594127806563,1.0,0.0,0.0,0.0,0.0,1.0,0.0,5.29
STU-13418,0.08130295081253533,-0.6066922585126524,-0.5632996707574712,-0.699950690049381,1.6,-0.8141453831041259,-0.44905008635578586,0.0,1.0,0.0,0.0,0.0,1.0,0.0,3.59
STU-13343,0.08130295081253533,-0.47664755068944514,0.3519267717392219,1.1497451206793725,1.4,-0.8031434184675835,0.18652849740932656,0.0,1.0,1.0,0.0,0.0,0.0,0.0,4.19
STU-11639,-0.41870503131284426,0.6722004482570084,1.5043247977216152,1.681737278632333,0.6,-0.3111984282907663,-0.41681059297639605,1.0,0.0,0.0,0.0,1.0,0.0,0.0,4.15
STU-12771,-0.5853743586879712,0.43222844597551097,1.5043247977216152,0.7814428574811692,1.2,0.41021611001964636,-0.4444444444444444,1.0,0.0,0.0,0.0,0.0,0.0,1.0,4.02
STU-10949,0.3590851631044136,1.0623345717266302,-0.25428773210805045,-0.7081351847871195,-0.6,1.1096267190569746,0.7967760506620611,1.0,0.0,1.0,0.0,0.0,0.0,0.0,4.31
STU-14521,-0.8631565709798494,-3.5883803108127044,-0.6371082548297851,1.9109031312889921,8.4,-1.5009823182711202,-0.12895797351755894,1.0,0.0,0.0,0.0,0.0,0.0,1.0,2.97
STU-10296,0.2757504994168507,-1.8180479347000953,-0.2936523102799503,0.7978118469566453,0.4,-1.3359528487229864,-0.45365572826712725,1.0,0.0,0.0,0.0,0.0,0.0,1.0,3.07
STU-13849,-1.3076081106468547,-0.02616118712507607,-0.28676350909986836,0.9860552259246161,-1.0,-0.957170923379175,2.80944156591825,1.0,0.0,0.0,0.0,0.0,1.0,0.0,3.26
STU-13015,0.44241982679197767,0.0837661073332151,-0.5101574902254046,-1.968547374398748,0.6,0.3222003929273086,-0.03454231433506033,1.0,0.0,0.0,0.0,0.0,0.0,1.0,4.17
STU-12380,0.011857397739566082,0.49976547655772885,1.3985107533152335e-15,-2.2304512060063586,0.6,-0.275049115913556,1.3770869314910767,0.0,1.0,0.0,0.0,1.0,0.0,0.0,3.57
STU-13335,0.7618693709276366,-0.7934968111868721,0.6550340236628573,-0.32346393211344004,1.0,1.169351669941061,2.80944156591825,1.0,0.0,0.0,0.0,1.0,0.0,0.0,4.26
STU-14884,1.0118733619903277,1.0623345717266302,0.7465566679125258,-0.40530887949081895,0.2,0.6051080550098232,0.75993091537133,0.0,1.0,0.0,0.0,0.0,1.0,0.0,4.92
STU-10952,1.7896635564075856,1.0623345717266302,-0.030893750982512767,-0.16795853209642134,0.2,1.3611001964636547,-0.4444444444444444,0.0,1.0,1.0,0.0,0.0,0.0,0.0,5.46
STU-10413,-0.9048239028236315,0.601789501479803,0.6176376743995508,0.9860552259246161,1.6,0.8377210216110021,2.3811168681635007,1.0,0.0,0.0,0.0,1.0,0.0,0.0,4.32
STU-11790,1.650772450261647,1.0623345717266302,0.707192089740626,0.0284693416092872,0.0,1.4805500982318274,0.45365572826712725,1.0,0.0,0.0,0.0,0.0,0.0,1.0,5.11
STU-12169,-0.015920823489621122,-0.12818521204714925,-0.2660971055596197,-0.24980347947379952,0.0,0.8833005893909627,1.710995970063328,1.0,0.0,0.0,0.0,0.0,0.0,1.0,3.96
STU-13974,-1.5576121017095443,-1.9538404749132778,-0.6902504353618503,1.5016783944020997,-0.6,0.0,0.49740932642487057,1.0,0.0,0.0,0.0,0.0,1.0,0.0,2.43
STU-13398,-0.349259478239875,-0.7647576492369927,-1.2413545297684614,1.518047383877575,0.4,-0.35834970530451865,1.8054116292458267,0.0,1.0,0.0,0.0,0.0,1.0,0.0,3.65
STU-13678,0.7063129284692611,0.458093691730403,0.7573819269097984,0.9451327522359263,0.6,0.2326129666011789,1.2642487046632125,0.0,1.0,1.0,0.0,0.0,0.0,0.0,4.84
STU-14349,1.5535486759594892,0.002577974824804361,-0.3280963161803643,-0.32346393211344004,-0.4,-0.10216110019646372,0.0,0.0,1.0,0.0,0.0,0.0,1.0,0.0,4.82
STU-13659,0.09519206142713017,-1.4882660513252217,-2.3858796401164746,0.2821886784791602,0.6,-1.5748526522593322,2.5192861255037418,1.0,0.0,1.0,0.0,0.0,0.0,0.0,2.39
STU-11908,1.6229942290324586,0.8000897189339746,0.8046194207160797,-0.19251201630963508,0.2,0.7277013752455798,0.7714450201496836,0.0,1.0,0.0,1.0,0.0,0.0,0.0,5.08
STU-13342,0.44241982679197767,0.8949289533685791,-0.20606612384747114,0.6341219522018882,0.6,1.164636542239686,-0.023028209556706886,1.0,0.0,0.0,0.0,0.0,1.0,0.0,4.65
STU-12310,0.386863384333602,-0.3882746276935638,-0.7670113627970568,0.200343731101782,-0.6,-0.3614931237721021,2.4502014968336217,1.0,0.0,0.0,0.0,1.0,0.0,0.0,3.07
STU-14768,1.73410711394921,1.0623345717266302,0.639288192394096,-0.40530887949081895,-0.8,0.5752455795677801,0.4283246977547497,1.0,0.0,0.0,0.0,0.0,0.0,1.0,5.84
STU-10134,-0.4603723631566263,1.0623345717266302,-1.2147834395024273,0.32311115216785,0.2,0.5438113948919452,-0.17271157167530227,0.0,1.0,0.0,0.0,1.0,0.0,0.0,4.6
STU-10353,1.4563249016573316,0.47174479365659583,1.1165837027283931,-0.06156010050582939,1.0,0.009430255402750571,-0.8405296488198044,0.0,1.0,0.0,0.0,0.0,0.0,1.0,4.6
STU-10585,-0.3770376994690622,0.9833018763644605,0.8853168059684756,0.3149266574301116,0.6,-0.7937131630648331,0.1934369602763385,1.0,0.0,0.0,0.0,0.0,1.0,0.0,4.12
STU-14083,-0.4464832525420327,0.9775540439744836,-0.46291999641912335,0.16760575215083057,0.4,-0.4526522593320235,0.15889464594127817,0.0,1.0,0.0,0.0,0.0,1.0,0.0,3.96
STU-14744,0.8174258133860123,0.7713505569840952,1.3862310632059127,0.06120732056023862,0.4,-0.41493123772102175,0.4467472654001153,0.0,1.0,1.0,0.0,0.0,0.0,0.0,4.64
STU-12063,-3.5159766983672838,-1.932286103450868,-0.8172011999662308,-0.3725709005398675,-0.6,-0.8455795677799608,-0.3822682786413357,1.0,0.0,0.0,0.0,0.0,1.0,0.0,1.4
STU-13409,-0.7103763542193161,0.6880069873294433,-1.8987429852392028,-0.15977403735868367,1.0,-0.12259332023575631,-0.5043177892918826,1.0,0.0,1.0,0.0,0.0,0.0,0.0,3.9
STU-10347,-1.0298258983549764,-0.554243287954121,0.07539061008161904,2.459264278717428,0.2,0.3489194499017683,1.2803684513529074,1.0,0.0,0.0,0.0,0.0,1.0,0.0,4.02
STU-14581,0.9007604770735764,-0.32145607616009325,0.5241468012412875,1.100638152252945,-0.4,0.176031434184676,-0.2993667242371906,1.0,0.0,0.0,0.0,1.0,0.0,0.0,3.64
STU-13233,0.4285307161773828,0.344574002028377,-0.059433070157141416,0.06939181529797629,1.2,-0.587819253438114,-0.1174438687392055,1.0,0.0,0.0,0.0,0.0,1.0,0.0,4.73
STU-13881,1.4424357910427381,-0.5822639708552542,-0.024989064256728834,0.5031700363980824,-0.2,-0.4055009823182712,0.6862406447898676,1.0,0.0,0.0,0.0,0.0,1.0,0.0,4.38
STU-10855,-0.4048159206982506,0.5213198480201386,1.2917560755933515,1.6899217733700707,-0.4,-0.10216110019646372,0.14507772020725387,1.0,0.0,0.0,0.0,0.0,1.0,0.0,4.48
STU-11557,0.2757504994168507,-0.7353000082383649,-1.0455157533632544,-1.9603628796610097,-0.6,-0.05500982318271115,0.601036269430052,1.0,0.0,1.0,0.0,0.0,0.0,0.0,3.38
STU-14305,-1.5992794335533265,-1.309364768187219,1.0565527210162446,1.0924536575152073,0.4,-0.4322200392927309,0.568796776050662,1.0,0.0,0.0,0.0,1.0,0.0,0.0,3.75
STU-10260,-1.7103923184700764,-1.5055095484951495,-0.7640590194341642,-2.0012853533496995,1.6,-1.7304518664047155,0.0069084628670121485,1.0,0.0,0.0,1.0,0.0,0.0,0.0,2.31
STU-10058,0.1507485038855058,1.0623345717266302,1.1441389074487238,1.5835233417794778,-0.8,0.6318271119842832,-0.8244099021301095,0.0,1.0,0.0,0.0,0.0,0.0,1.0,5.55
STU-14686,1.7896635564075856,1.0623345717266302,0.15215153751682559,-1.0846219427230603,-0.2,0.8958742632612969,-0.1128382268278642,0.0,1.0,0.0,0.0,0.0,0.0,1.0,5.84
STU-14413,1.2618773530530174,1.0623345717266302,1.5043247977216152,1.3052505206963911,0.2,1.1237721021611005,2.80944156591825,1.0,0.0,0.0,0.0,0.0,1.0,0.0,5.48
STU-12696,-0.2381465933231237,0.9301344267571818,0.285991103301288,-1.0682529532475844,-0.2,0.9351669941060907,0.8244099021301097,1.0,0.0,0.0,0.0,0.0,0.0,1.0,3.4
STU-12668,0.9979842513757329,-0.2129657397992958,-1.1468795421558988,0.18397474162630664,-0.4,0.5406679764243615,-0.05757052389176742,0.0,1.0,0.0,0.0,1.0,0.0,0.0,4.3
STU-11264,1.6368833396470521,1.0623345717266302,0.715065005375006,0.24945069952820875,0.8,1.2070726915520633,0.987910189982729,0.0,1.0,0.0,0.0,0.0,0.0,1.0,5.88
STU-11800,-1.6270576547825135,-1.4236029369379912,-0.5711725863918512,1.3052505206963911,0.0,-0.587819253438114,-0.07138744962579152,1.0,0.0,0.0,0.0,1.0,0.0,0.0,2.66
STU-11447,-0.41870503131284426,-0.15836133209452338,-0.7443767303482135,0.2412662047904711,1.4,-0.337917485265226,-0.5112262521588946,1.0,0.0,0.0,0.0,1.0,0.0,0.0,3.52
STU-12071,1.7896635564075856,1.0623345717266302,0.5585908071417002,0.0,0.6,0.8644400785854621,0.0,0.0,1.0,0.0,0.0,0.0,1.0,0.0,4.93
STU-11974,0.9007604770735764,1.0623345717266302,-0.2050820093931745,2.0418550470927976,0.4,0.7905697445972495,-0.7944732297063903,1.0,0.0,1.0,0.0,0.0,0.0,0.0,4.67
STU-11201,1.7896635564075856,1.0623345717266302,1.5043247977216152,0.5440925100867715,0.2,0.8974459724950884,-0.5434657455382844,0.0,1.0,0.0,0.0,0.0,1.0,0.0,7.818394560907464
STU-14533,-1.363164553105229,-0.3595354657436844,-2.544322067258375,0.16760575215083057,-0.2,0.6805500982318272,-0.44674726540011517,1.0,0.0,0.0,0.0,0.0,1.0,0.0,3.74
STU-10430,-1.3492754424906355,-1.1031612811968294,-0.7000915799048263,1.558969857566265,-0.6,-1.5481335952848725,-0.15198618307426603,1.0,0.0,1.0,0.0,0.0,0.0,0.0,2.33
STU-14875,0.6785347072400738,1.0623345717266302,0.19545257350591616,-0.07792908998130474,-1.0,0.3897838899803538,-0.5480713874496258,1.0,0.0,0.0,0.0,0.0,1.0,0.0,4.68
STU-13781,-2.377069627970584,-0.6490825223887247,0.16789736878558553,-0.3725709005398675,0.0,-1.0797642436149315,1.8238341968911922,0.0,1.0,0.0,0.0,0.0,0.0,1.0,3.14
STU-10555,-1.363164553105229,-1.7612880898490817,-1.3584641498298657,0.699597910103791,0.8,-1.5905697445972498,0.4375359815774325,1.0,0.0,0.0,1.0,0.0,0.0,0.0,2.96
STU-14961,0.13685939327091098,0.8661897914186988,0.9207449263231862,-0.15977403735868367,-0.2,0.6459724950884089,-1.0800230282095566,1.0,0.0,0.0,0.0,0.0,0.0,1.0,5.33
STU-14831,-0.7520436860630981,0.7684766407891067,-0.10371822060053001,-1.8130419743817288,0.4,-0.15088408644400775,0.9142199194012667,0.0,1.0,0.0,0.0,0.0,0.0,1.0,3.81
STU-11564,1.150764468136266,-0.06639601385490725,1.5043247977216152,-0.40530887949081895,-0.6,0.3190569744597249,0.0069084628670121485,1.0,0.0,0.0,0.0,1.0,0.0,0.0,4.22
STU-11225,-0.08536637656259037,-0.9637763457399116,1.3985107533152335e-15,1.9027186365512545,-0.2,0.0990176817288803,-0.5757052389176742,0.0,1.0,0.0,0.0,1.0,0.0,0.0,3.4
STU-12764,-0.5437070268441891,1.0623345717266302,-1.6802695763851538,3.089470373523242,0.6,0.19017681728880173,-0.729994242947611,0.0,1.0,0.0,1.0,0.0,0.0,0.0,4.23
STU-12814,-1.2381625575738842,-0.08866886436606443,0.17380205551137087,0.200343731101782,-1.0,0.1587426326129666,0.69314910765688,1.0,0.0,0.0,0.0,1.0,0.0,0.0,3.82
STU-10737,0.3729742737190084,1.0623345717266302,1.5043247977216152,1.7226597523210212,-1.0,1.1332023575638508,0.9625791594703514,1.0,0.0,0.0,0.0,0.0,0.0,1.0,5.13
STU-13900,0.7340911496984495,-0.5298150002967228,-0.4648882253277194,-0.6917661953116434,-1.0,0.2341846758349706,1.1859527921704087,1.0,0.0,0.0,0.0,0.0,1.0,0.0,4.66
STU-11077,-0.015920823489621122,1.0623345717266302,1.5043247977216152,-1.4365552164457878,-0.6,1.2495088408644404,-1.0155440414507775,1.0,0.0,0.0,0.0,1.0,0.0,0.0,5.31
STU-12062,1.3313229061259868,1.0623345717266302,-1.2305292707711888,1.2315900680567506,0.0,0.8157170923379176,0.6401842256764538,0.0,1.0,0.0,0.0,0.0,0.0,1.0,4.92
STU-12470,-0.6270416905317532,-2.9022328192593188,-0.3458103763577189,-1.8212264691194664,0.2,-1.257367387033399,0.7898675877950492,1.0,0.0,0.0,0.0,0.0,1.0,0.0,4.24
STU-10713,-1.5437229910949508,-0.5671759108315676,0.68160511392889,0.5686459942999853,-0.4,-0.8345776031434186,0.050662061024755276,1.0,0.0,0.0,0.0,0.0,0.0,1.0,3.13
STU-14258,0.4701980480211648,-0.003169857565171521,0.6845574572917826,-0.2661724689492756,0.2,0.6035363457760315,0.3385146804835924,1.0,0.0,0.0,0.0,0.0,1.0,0.0,4.65
STU-11221,0.1924158357292866,1.0623345717266302,0.9925852814869054,0.5931994785131991,-1.0,0.6978388998035364,0.9625791594703514,1.0,0.0,0.0,0.0,1.0,0.0,0.0,5.12
STU-13532,-1.2937190000322598,-2.821044686750908,-0.296604653642843,0.42950958375844195,0.0,-0.9618860510805503,-0.07829591249280367,1.0,0.0,0.0,0.0,0.0,1.0,0.0,2.13
STU-12335,-1.7103923184700764,-2.9446230831353923,-1.1724665179676348,-0.9864080058702062,1.4,-1.1410609037328097,1.1329879101899831,1.0,0.0,0.0,0.0,0.0,0.0,1.0,2.31
STU-10075,0.553532711708729,1.0623345717266302,1.5043247977216152,0.5359080153490339,-1.0,0.9540275049115913,0.8888888888888891,1.0,0.0,0.0,0.0,0.0,1.0,0.0,4.58
STU-14556,0.0,-0.9300078304488026,0.08227941126170099,0.0,-1.0,-0.6821218074656189,-0.013816925734024092,1.0,0.0,0.0,0.0,0.0,1.0,0.0,4.38
STU-14542,1.7896635564075856,1.0623345717266302,0.3470061994677332,0.7978118469566453,0.0,1.3108055009823187,-0.8013816925734025,1.0,0.0,0.0,0.0,0.0,0.0,1.0,5.2
STU-13665,-0.8353783497506609,0.6025079805285494,-1.5198589203346589,1.2561435522699638,1.0,-0.8628683693516701,0.8382268278641336,1.0,0.0,1.0,0.0,0.0,0.0,0.0,3.43
STU-14815,-0.349259478239875,0.9337268220009166,0.850872800068063,-0.78179563742676,0.8,0.5438113948919452,1.0846286701208983,1.0,0.0,0.0,0.0,0.0,0.0,1.0,4.13
STU-14841,-2.18262207936627,0.16136184459789105,-1.0130399763714364,1.9109031312889921,-0.2,-0.14459724950884087,-0.09671848013816925,1.0,0.0,0.0,1.0,0.0,0.0,0.0,3.03
STU-14585,0.3590851631044136,-0.5987889889764354,-1.1695141746047422,0.5686459942999853,0.4,-0.24047151277013745,-0.2164651698330454,0.0,1.0,0.0,1.0,0.0,0.0,0.0,3.8
STU-12094,-0.7798219072922853,-1.0974134488068537,-1.2049422949594528,-0.7572421532135463,0.6,-0.688408644400786,-0.46286701208981,0.0,1.0,0.0,0.0,0.0,0.0,1.0,2.68
STU-11027,0.5952000435525098,1.0623345717266302,1.1254407328170712,-1.2237583532646037,0.8,0.0,0.8750719631548648,1.0,0.0,0.0,0.0,0.0,1.0,0.0,4.28
STU-13708,-0.8353783497506609,1.0623345717266302,0.5546543493245095,0.11031428898666538,-1.0,1.0074656188605113,-1.0546919976971791,0.0,1.0,1.0,0.0,0.0,0.0,0.0,5.13
STU-12606,-0.4464832525420327,1.0070116849731114,-0.9008509285815193,0.3640336258565391,-1.0,0.23889980353634574,-0.987910189982729,1.0,0.0,0.0,0.0,0.0,1.0,0.0,4.4
STU-11455,0.0,0.5881383995536102,-2.9950464873266385,2.6393231629476612,0.0,0.40235756385068777,-0.630972941853771,0.0,1.0,0.0,0.0,0.0,1.0,0.0,4.74
STU-11802,0.91464958768817,0.3029022172010511,-0.22968487075061247,0.38858711006975283,-0.6,0.08172888015717086,2.5561312607944733,1.0,0.0,0.0,0.0,1.0,0.0,0.0,4.57
STU-14888,-0.26592481455231215,-0.22517988362799493,0.8046194207160797,0.6668599311528396,-0.6,-0.5013752455795678,0.5987334484743814,1.0,0.0,0.0,0.0,1.0,0.0,0.0,4.0
STU-11862,-0.015920823489621122,-0.5132899821755426,-0.14505102768102596,-0.11885156366999385,0.0,-0.9288801571709235,0.10132412204951076,1.0,0.0,0.0,0.0,0.0,0.0,1.0,3.88
STU-13672,-0.3631485888544686,-0.9939524657872857,-1.8879177262419302,-0.5362607952946247,-0.2,-1.1127701375245582,-0.2878526194588371,0.0,1.0,0.0,0.0,0.0,0.0,1.0,3.38
STU-14692,-0.6131525799171597,0.741174436936721,-0.17752680467284387,1.3543574891228187,0.0,-0.39607072691552064,0.0,0.0,1.0,0.0,0.0,0.0,0.0,1.0,3.65
STU-13371,1.2757664636676112,-0.11237867297471532,1.5043247977216152,1.5753388470417402,0.2,0.869155206286837,0.23488773747841118,0.0,1.0,1.0,0.0,0.0,0.0,0.0,5.35
STU-14497,0.2618613888022571,0.5644285909449583,-0.28676350909986836,1.1497451206793725,-0.8,-0.8330058939096269,-0.6240644789867589,0.0,1.0,0.0,0.0,1.0,0.0,0.0,3.91
STU-11342,-1.6687249866262956,0.0,-1.9085841297821788,-1.0928064374607982,-1.0,-1.2039292730844795,-0.8313183649971215,0.0,1.0,1.0,0.0,0.0,0.0,0.0,2.95
STU-11130,-1.6270576547825135,1.0623345717266302,1.5043247977216152,0.5440925100867715,0.2,0.10844793713163059,-0.9211283822682788,1.0,0.0,0.0,0.0,0.0,0.0,1.0,4.11
STU-11499,0.9285386983027636,1.0623345717266302,0.5015121687924443,0.3149266574301116,0.6,0.671119842829077,-0.23719055843408185,1.0,0.0,0.0,0.0,0.0,0.0,1.0,5.09
STU-14434,-1.7381705396992648,-1.8259512042363122,-2.1437874843592852,-0.78179563742676,-1.0,-0.6208251473477406,1.0800230282095569,1.0,0.0,0.0,1.0,0.0,0.0,0.0,2.03
STU-12259,-0.5853743586879712,0.25835651617873673,0.0015820260093051674,0.4458785732339173,0.4,-0.4557956777996072,-0.32239493379389744,1.0,0.0,0.0,0.0,0.0,0.0,1.0,3.42
STU-13195,0.33130694187522636,0.33810769058965373,-2.006995575211931,-1.6493520796269716,0.2,-0.17760314341846745,-0.31778929188255617,1.0,0.0,0.0,0.0,0.0,0.0,1.0,2.42
STU-11942,0.5674218223233225,0.0,1.157916509808889,0.7896273522189069,-0.2,-0.048722986247544293,1.5313759355210133,1.0,0.0,1.0,0.0,0.0,0.0,0.0,5.04
STU-11709,1.081318915063297,1.0623345717266302,1.3980404366574835,-0.11066706893225617,0.0,0.0,-0.16810592976396077,1.0,0.0,0.0,0.0,0.0,1.0,0.0,5.62
STU-14462,-0.015920823489621122,-2.4610866833286607,-0.9244696754846606,-1.7721195006930395,0.4,-0.8047151277013754,2.0564191134139325,0.0,1.0,0.0,0.0,0.0,1.0,0.0,2.4
STU-10354,-1.252051668188479,-0.4802399459331799,-0.660727001732925,-2.034023332300651,-0.4,0.11316306483300602,-0.6355785837651123,1.0,0.0,1.0,0.0,0.0,0.0,0.0,3.15
STU-14992,1.7896635564075856,1.0623345717266302,1.5043247977216152,-2.197713227055407,-0.2,1.1222003929273086,0.35463442717328736,0.0,1.0,0.0,0.0,0.0,1.0,0.0,5.09
STU-14662,1.5396595653448957,-0.15405045780204224,0.7308108366437659,0.6914134153660526,-0.8,0.6113948919449904,0.05526770293609678,0.0,1.0,0.0,0.0,0.0,0.0,1.0,5.04
STU-10169,0.0,0.7799723055690585,0.8833485770598809,0.7732583627434315,-1.0,0.5579567779960709,0.20955670696603346,1.0,0.0,0.0,0.0,1.0,0.0,0.0,4.64
STU-12873,0.44241982679197767,0.41426646975683595,0.9719188779466581,0.6177529627264121,0.2,-0.3190569744597249,-0.29476108232584924,1.0,0.0,0.0,0.0,0.0,1.0,0.0,4.31
STU-11170,-0.2381465933231237,0.18076077891406078,-1.252179788765734,-1.0846219427230603,-0.4,-0.8440078585461691,2.80944156591825,1.0,0.0,0.0,1.0,0.0,0.0,0.0,3.02
STU-13153,-1.0992714514279456,-1.7742207127265277,-0.9156126453959826,-1.5675071322495933,-0.6,-0.3787819253438115,-0.2579159470351181,1.0,0.0,0.0,0.0,0.0,0.0,1.0,3.28
STU-14069,-2.168732968751675,-1.1153754250255288,-2.5669566997072177,-0.5689987742455761,1.0,-0.650687622789784,0.22337363270005756,1.0,0.0,0.0,0.0,1.0,0.0,0.0,1.82
STU-13083,-0.4881505843858135,1.0623345717266302,0.08227941126170099,-0.20069651104737277,1.4,1.2149312377210215,-0.36384571099597013,1.0,0.0,0.0,0.0,0.0,1.0,0.0,5.02
STU-11786,-2.071509194449519,-0.8387609912579328,-0.50818926131681,0.3722181205942768,0.0,0.0,0.5803108808290157,0.0,1.0,0.0,0.0,0.0,0.0,1.0,3.1
STU-12799,0.16463761450009942,1.0623345717266302,0.4975757109752536,2.5001867524061177,0.0,0.2970530451866406,-0.1128382268278642,1.0,0.0,0.0,1.0,0.0,0.0,0.0,4.81
STU-10276,1.7896635564075856,1.0623345717266302,-0.5701884719375532,0.699597910103791,0.8,1.5402750491159136,-0.766839378238342,1.0,0.0,0.0,0.0,0.0,0.0,1.0,5.06
STU-11774,0.8313149240006059,1.0623345717266302,0.38145020536814717,-0.7981646269022353,1.0,0.6396856581532415,0.17501439263097293,0.0,1.0,0.0,0.0,0.0,1.0,0.0,4.45
STU-14872,0.03963561896875452,0.0,1.5043247977216152,-0.41349337422855664,-0.4,0.07072691552062886,0.09902130109384011,0.0,1.0,0.0,0.0,0.0,0.0,1.0,4.87
STU-10475,0.34519605248981994,1.0623345717266302,1.148075365265913,-0.7408731637380709,0.6,0.532809430255403,-0.789867587795049,1.0,0.0,0.0,0.0,0.0,1.0,0.0,4.66
STU-10416,1.6368833396470521,0.30146525910355637,0.30567339238723723,-1.6739055638401854,0.8,-0.18703339882121803,0.5803108808290157,0.0,1.0,0.0,0.0,1.0,0.0,0.0,4.62
STU-13762,0.34519605248981994,0.8489462942487711,1.3773740331172346,-0.22524999526058578,-1.0,0.40235756385068777,2.80944156591825,1.0,0.0,0.0,0.0,1.0,0.0,0.0,4.57
STU-14580,-0.5159288056150019,-0.3042125789901646,-2.0788359303756487,-1.739381521742088,-1.0,-1.7100196463654225,-0.2302820955670697,0.0,1.0,0.0,0.0,0.0,0.0,1.0,2.56
STU-14589,0.05352472958334813,-2.2081820581697165,0.4267194702658324,0.2412662047904711,-1.0,-0.3316306483300589,0.4881980426021878,1.0,0.0,0.0,1.0,0.0,0.0,0.0,3.88
STU-12459,0.6368673753962918,1.0623345717266302,1.5043247977216152,-0.5117073110814109,0.0,1.846758349705305,0.6240644789867589,1.0,0.0,0.0,0.0,0.0,0.0,1.0,4.95
STU-10982,1.0118733619903277,1.0623345717266302,1.1303613050885586,0.21671272057725732,1.0,0.3787819253438115,-0.4812895797351756,1.0,0.0,0.0,0.0,0.0,1.0,0.0,5.06
STU-12700,0.7896475921568251,1.0623345717266302,1.4767695930012845,0.38858711006975283,0.2,0.8785854616895878,1.0915371329879102,0.0,1.0,1.0,0.0,0.0,0.0,0.0,6.39
STU-12332,-0.4603723631566263,1.0623345717266302,0.21021429032037808,1.1333761312038972,1.0,0.6946954813359529,0.1404720782959126,0.0,1.0,0.0,1.0,0.0,0.0,0.0,4.84
STU-11578,0.0,0.007607328166032875,0.10589815816484233,0.21671272057725732,-1.0,-0.03929273084479372,0.0,1.0,0.0,0.0,0.0,0.0,0.0,1.0,3.48
STU-11118,-0.015920823489621122,-0.22230596743300648,0.4050689522712871,0.7077824048415287,1.2,0.0,0.2256764536557284,1.0,0.0,1.0,0.0,0.0,0.0,0.0,5.03
STU-11162,-0.6825981329901288,-0.6275281509263149,-1.1281813675242462,-1.6329830901514961,-1.0,-1.1049115913555994,-0.5572826712723087,0.0,1.0,0.0,1.0,0.0,0.0,0.0,2.71
STU-12625,-0.5437070268441891,0.3258935467609546,0.5743366384104601,0.33129564690558766,-0.8,1.0844793713163068,-0.9833045480713875,0.0,1.0,0.0,0.0,0.0,1.0,0.0,5.24
STU-12540,0.9563169195319521,1.0623345717266302,1.3478505994883094,-1.8457799533326802,2.0,1.4915520628683696,0.37766263672999445,1.0,0.0,0.0,0.0,0.0,1.0,0.0,5.32
STU-12285,0.8313149240006059,-0.5987889889764354,1.189408172346409,-0.2661724689492756,0.8,1.0734774066797645,2.80944156591825,0.0,1.0,0.0,1.0,0.0,0.0,0.0,5.04
STU-13539,1.1924317999800482,1.0623345717266302,-1.9233458465966409,0.08576080477345237,0.0,1.4664047151277015,1.0431778929188258,1.0,0.0,0.0,0.0,1.0,0.0,0.0,4.38
STU-12043,1.1090971362924842,-0.39402246008353964,-0.9972941451026764,-0.9864080058702062,0.2,-0.6522593320235757,0.2302820955670697,1.0,0.0,0.0,1.0,0.0,0.0,0.0,4.09
STU-11242,1.7896635564075856,0.30146525910355637,0.12754867615938761,0.9533172469736639,-0.6,0.42907662082514747,-0.37996545768566486,0.0,1.0,0.0,0.0,0.0,1.0,0.0,4.47
STU-13806,-1.1409387832717277,-1.492576925617704,-0.862470464863916,-0.8472715953286628,-0.4,-0.4573673870333989,0.011514104778353443,1.0,0.0,1.0,0.0,0.0,0.0,0.0,3.03
STU-13800,1.7896635564075856,0.0,1.5043247977216152,-0.11885156366999385,0.2,1.4726915520628685,-0.27864133563615434,0.0,1.0,1.0,0.0,0.0,0.0,0.0,5.91
STU-13463,-0.41870503131284426,0.04712367584711872,-0.6095530501094545,1.1415606259416349,1.2,-0.13673870333988203,-0.26021876799078875,0.0,1.0,0.0,0.0,1.0,0.0,0.0,4.78
STU-12041,1.5535486759594892,0.6247808310397066,1.5043247977216152,-0.5608142795078377,-0.6,1.301375245579568,-0.9303396660909615,0.0,1.0,0.0,0.0,0.0,0.0,1.0,6.39
STU-12521,-1.363164553105229,-2.5279052348621316,-1.7186500401027571,-1.2237583532646037,-1.0,-0.40235756385068777,-0.7714450201496834,1.0,0.0,0.0,0.0,1.0,0.0,0.0,2.22
STU-13070,0.5674218223233225,1.0623345717266302,1.3153748224964914,-1.5838761217250688,1.2,0.41335952848723007,-0.46747265400115146,1.0,0.0,1.0,0.0,0.0,0.0,0.0,4.12
STU-13158,0.0,0.9689322953895203,0.5320197168756676,0.17579024688856823,-1.0,0.8833005893909627,0.09441565918249861,1.0,0.0,0.0,0.0,0.0,0.0,1.0,4.74
STU-11252,-0.05758815533340317,-0.3193006390138522,0.1934843445973215,-0.9209320479683033,-0.8,-1.0514734774066798,-0.13356361542890044,1.0,0.0,0.0,0.0,1.0,0.0,0.0,3.78
STU-13864,-1.3770536637198239,-0.01969487568635282,-0.5701884719375532,-0.4462313531795081,0.6,0.08487229862475458,-0.5895221646516984,0.0,1.0,0.0,0.0,0.0,1.0,0.0,3.35
STU-13859,-0.27981392516690573,0.0,-2.048328382292426,-1.371079258543885,0.8,-1.40196463654224,0.32700057570523894,1.0,0.0,0.0,0.0,0.0,0.0,1.0,1.53
STU-12176,0.0,-1.6736336459019479,-1.6930630642910212,-2.0012853533496995,2.8,-1.0090373280943028,-0.6286701208981003,1.0,0.0,1.0,0.0,0.0,0.0,0.0,3.03
STU-10331,-0.39092681008365704,0.34170008583338857,-1.565128185232344,-1.9358093954477966,0.6,-0.900589390962672,0.0,1.0,0.0,1.0,0.0,0.0,0.0,0.0,3.57
STU-14047,-2.04373097322033,-0.32001911806259853,-0.8240900011463127,1.100638152252945,-0.4,-0.550098231827112,0.36384571099597013,0.0,1.0,1.0,0.0,0.0,0.0,0.0,3.75
STU-11388,1.6924397821054278,1.0623345717266302,0.22103954931765074,-0.42986236370403197,-1.0,0.14459724950884087,-0.050662061024755276,1.0,0.0,0.0,0.0,0.0,1.0,0.0,5.1
STU-13973,-0.16870104025015445,-0.19859615882435558,0.44344941598889037,2.9012269945552727,0.0,-0.28447937131630663,0.19804260218768002,0.0,1.0,0.0,0.0,0.0,0.0,1.0,4.33
STU-10725,0.0,0.0,-0.5849501887520165,0.053022825822500945,0.6,1.2542239685658154,-0.8635578583765113,1.0,0.0,0.0,0.0,0.0,0.0,1.0,4.35
STU-14724,0.8729822558443879,1.0623345717266302,1.5043247977216152,-0.9209320479683033,-0.2,2.183104125736739,-0.7875647668393784,1.0,0.0,0.0,0.0,0.0,1.0,0.0,6.78
STU-14122,0.7202020390838558,-0.27044406369905566,0.13443747733946956,-0.176143026834159,-0.2,0.5925343811394892,-0.4605641911341394,0.0,1.0,0.0,0.0,0.0,0.0,1.0,5.04
STU-12899,0.7202020390838558,0.9215126781722185,-0.23263721411350513,0.17579024688856823,0.0,-0.06129666011787829,1.4024179620034547,1.0,0.0,1.0,0.0,0.0,0.0,0.0,5.1
STU-12962,0.33130694187522636,0.9445040077321221,1.424611526923516,1.3379884996473435,-1.0,0.4165029469548135,-0.16810592976396077,0.0,1.0,0.0,0.0,1.0,0.0,0.0,6.02
STU-14861,-0.4464832525420327,-0.10950475677972789,1.3985107533152335e-15,0.200343731101782,0.4,-1.2463654223968568,0.0,1.0,0.0,1.0,0.0,0.0,0.0,0.0,2.36
STU-14193,0.03963561896875452,1.0623345717266302,-0.08009947369738868,0.2821886784791602,-0.6,1.0310412573673873,1.0823258491652277,1.0,0.0,0.0,0.0,0.0,0.0,1.0,4.76
STU-14111,-0.07147726594799676,0.1893825274990241,-0.5406650383086279,0.4049560995452282,-1.0,-1.100196463654224,1.466896948762234,1.0,0.0,0.0,0.0,1.0,0.0,0.0,3.16
STU-12952,-0.0020317128750275202,-0.08004711578110112,-0.2218119551162325,0.38858711006975283,1.0,-0.18546168958742631,-0.5710995970063328,1.0,0.0,0.0,0.0,0.0,1.0,0.0,4.06
STU-10805,0.6646455966254802,1.0623345717266302,1.5043247977216152,0.0,0.0,0.8141453831041261,-0.12435233160621764,1.0,0.0,0.0,0.0,0.0,0.0,1.0,4.28
STU-14797,-0.7381545754485045,1.0623345717266302,0.9069673239630223,0.2412662047904711,1.8,-0.05815324165029458,1.1099597006332758,1.0,0.0,0.0,0.0,0.0,0.0,1.0,4.39
STU-12979,0.5257544904795405,-2.0910699732239553,-1.5424935527835009,-0.5198918058191486,0.2,-1.0609037328094304,0.1128382268278642,0.0,1.0,0.0,0.0,0.0,1.0,0.0,4.12
STU-10927,0.08130295081253533,1.0623345717266302,0.6845574572917826,0.012100352133811124,-0.2,0.9115913555992141,0.2533103051237768,1.0,0.0,0.0,0.0,0.0,0.0,1.0,5.17
STU-10700,0.2618613888022571,-2.151422213318703,-0.20606612384747114,0.699597910103791,-0.6,-0.8565815324165031,1.7754749568221073,0.0,1.0,1.0,0.0,0.0,0.0,0.0,4.03
STU-12345,0.5118653798649468,-0.78918593689439,1.0230928295701287,-1.5429536480363797,-0.4,0.2719056974459726,1.8583765112262525,1.0,0.0,0.0,0.0,1.0,0.0,0.0,4.9
STU-14708,1.400768459198956,-0.9637763457399116,-0.11847993741499195,-0.2907259531624886,-0.6,-0.20117878192534375,1.609671848013817,1.0,0.0,0.0,1.0,0.0,0.0,0.0,4.12
STU-11160,0.23408316757306866,0.5759242557249111,0.9158243540516988,0.5686459942999853,0.0,0.5689587426326133,2.390328151986183,1.0,0.0,0.0,0.0,0.0,1.0,0.0,4.2
STU-14704,-0.877045681594443,-1.2231472823375789,-1.3230360294751553,-0.48715382686819714,-1.0,-1.139489194499018,1.2251007484168106,1.0,0.0,0.0,0.0,0.0,0.0,1.0,1.98
STU-14960,0.10908117204172377,0.6887254663781897,1.5043247977216152,-0.7899801321644976,0.2,0.6601178781925346,1.4392630972941858,1.0,0.0,0.0,0.0,0.0,1.0,0.0,5.01
STU-12403,0.5813109329379161,0.7993712398852282,1.5043247977216152,0.699597910103791,0.6,1.0593320235756387,-0.43062751871042027,1.0,0.0,0.0,0.0,0.0,0.0,1.0,4.99
STU-10092,-0.6964872436047225,0.29284351051859303,0.11573930270781695,0.9860552259246161,0.0,-0.24990176817288803,0.9441565918249859,1.0,0.0,1.0,0.0,0.0,0.0,0.0,4.79
STU-11866,0.6785347072400738,1.0623345717266302,1.5043247977216152,0.044838331084762546,-0.4,0.7559921414538312,1.0938399539435812,1.0,0.0,0.0,0.0,1.0,0.0,0.0,6.14
STU-10232,0.16463761450009942,0.5385633451900663,-0.3773020388952402,-1.2073893637891278,0.4,-0.30019646365422403,0.7253886010362695,0.0,1.0,0.0,0.0,0.0,1.0,0.0,4.38
STU-14750,1.7896635564075856,0.4609676079253904,0.12951690506798227,-0.42167786896629433,-0.6,0.19960707269155203,0.09671848013816925,1.0,0.0,0.0,0.0,1.0,0.0,0.0,4.77
STU-13944,-0.7659327966776918,0.23608366566757955,-0.2178754972990418,0.5031700363980824,0.0,-0.6255402750491161,0.9303396660909615,1.0,0.0,1.0,0.0,0.0,0.0,0.0,3.42
STU-12980,0.1507485038855058,1.0623345717266302,-0.30054111146003365,0.6750444258905772,0.0,0.034577603143418574,0.5664939550949915,0.0,1.0,0.0,0.0,1.0,0.0,0.0,3.76
STU-13218,-0.4603723631566263,-1.088073221173143,0.9364907575919476,0.29855766795463623,-0.4,-0.5013752455795678,-0.7645365572826713,1.0,0.0,0.0,1.0,0.0,0.0,0.0,4.22
STU-14965,0.05352472958334813,-1.3488811158683038,1.3985107533152335e-15,-0.012453132079401899,0.2,-0.9587426326129667,0.6747265400115143,0.0,1.0,0.0,1.0,0.0,0.0,0.0,3.94
STU-14317,0.9007604770735764,-0.5678943898803139,1.5043247977216152,-0.5444452900323623,-1.0,0.11630648330058944,-0.49050086355785844,0.0,1.0,0.0,0.0,1.0,0.0,0.0,4.25
STU-14420,0.17852672511469303,0.2878141571773635,0.49659159652095697,0.38858711006975283,1.0,0.26247544204322204,-0.30857800805987334,1.0,0.0,1.0,0.0,0.0,0.0,0.0,5.2
STU-10478,1.7896635564075856,1.0623345717266302,1.5043247977216152,-0.8063491216399737,0.4,2.0793713163064833,-0.9856073690270581,1.0,0.0,0.0,1.0,0.0,0.0,0.0,6.24
STU-14177,0.17852672511469303,-0.7159010739221962,-0.7679954772513549,-1.2974188059042444,-0.8,0.0,-0.8842832469775476,1.0,0.0,0.0,1.0,0.0,0.0,0.0,3.24
STU-14523,0.06741384019794172,-0.09441669675604031,-2.6880027775858126,1.7472132365342359,-0.2,-0.048722986247544293,0.30397236614853207,0.0,1.0,1.0,0.0,0.0,0.0,0.0,4.08
STU-13870,-1.446499216792793,-3.138612426297082,-3.1741553180087867,-0.41349337422855664,-0.4,-1.6754420432220043,0.8750719631548648,1.0,0.0,0.0,0.0,1.0,0.0,0.0,1.0
STU-11036,-2.793742946408401,-2.3554702631628515,-1.3053219692977993,-1.9439938901855343,-0.6,-1.108055009823183,-0.5803108808290156,1.0,0.0,1.0,0.0,0.0,0.0,0.0,2.03
STU-11619,0.16463761450009942,0.7275233350105281,-0.19228852148730582,0.43769407849617964,0.6,-0.034577603143418574,0.5641911341393208,1.0,0.0,0.0,0.0,0.0,1.0,0.0,5.06
STU-14968,-2.2659567430538328,-3.23488861882918,-1.0888167893523448,-0.8554560900664004,-0.2,7.87608605756328,0.0,1.0,0.0,0.0,0.0,1.0,0.0,0.0,1.4
STU-11255,-1.5576121017095443,-1.484673656081487,-0.5800296164805292,-1.5838761217250688,2.0,-1.3123772102161102,0.6954519286125506,1.0,0.0,0.0,0.0,1.0,0.0,0.0,2.24
STU-12388,-0.2242574827085301,1.0623345717266302,-0.014163805259456187,0.12668327846214147,-1.0,0.4385068762278981,0.2510074841681059,1.0,0.0,0.0,0.0,0.0,0.0,1.0,4.41
STU-10751,0.2618613888022571,0.0,-0.4698087975992067,0.22489721531499574,1.4,0.0,0.7645365572826712,1.0,0.0,0.0,0.0,0.0,0.0,1.0,3.83
STU-13368,0.8035367027714188,1.0623345717266302,1.3985107533152335e-15,0.32311115216785,-1.0,0.9980353634577604,-0.24870466321243528,1.0,0.0,0.0,1.0,0.0,0.0,0.0,5.61
STU-11924,0.7757584815422303,0.555806842359995,-0.17260623240135659,-1.9439938901855343,-1.0,0.48408644400785866,-0.6079447322970639,1.0,0.0,0.0,0.0,0.0,1.0,0.0,3.97
STU-13429,0.23408316757306866,-1.2662560252623984,0.5330038313299642,-0.42986236370403197,0.6,0.1603143418467583,0.7207829591249281,1.0,0.0,0.0,0.0,0.0,1.0,0.0,3.51
STU-12831,-1.085382340813352,-1.2418277376050002,-0.40977781588705814,-0.7163196795248571,-1.0,-0.875442043222004,1.4991364421416238,1.0,0.0,0.0,1.0,0.0,0.0,0.0,2.91
STU-13401,-1.6826140972408892,-2.629929259784206,-1.2206881262282128,0.8141808364321206,-0.8,-1.4695481335952851,0.24870466321243528,0.0,1.0,1.0,0.0,0.0,0.0,0.0,2.48
STU-11299,0.24797227818766227,-2.0062894454718094,-0.5249192070398679,0.6750444258905772,0.2,-0.4133595284872298,-0.2302820955670697,1.0,0.0,0.0,1.0,0.0,0.0,0.0,2.45
STU-11983,-0.1270337084063724,0.9854573135107016,-0.48063405659647934,1.3216195101718666,1.0,-0.1210216110019646,1.0477835348301672,0.0,1.0,0.0,1.0,0.0,0.0,0.0,4.89
STU-11097,-0.4603723631566263,0.3208641934197261,-0.34482626190342225,-0.9864080058702062,-1.0,-1.038899803536346,0.1128382268278642,1.0,0.0,0.0,0.0,1.0,0.0,0.0,4.22
STU-10692,-0.5714852480733775,-1.345288720624569,-1.4598279386225104,-0.22524999526058578,-0.2,-0.5233791748526524,1.3540587219343698,1.0,0.0,0.0,0.0,1.0,0.0,0.0,3.21
STU-13408,0.49797626925035327,-0.12818521204714925,-0.3192392860916863,-0.24161898473606186,0.6,-0.38664047151277003,-1.0270581462291308,1.0,0.0,0.0,0.0,0.0,0.0,1.0,3.99
STU-10212,-0.6270416905317532,1.0623345717266302,-0.25428773210805045,0.3640336258565391,1.4,0.03614931237721029,0.8520437535981579,1.0,0.0,0.0,1.0,0.0,0.0,0.0,4.36
STU-11853,1.0118733619903277,1.0623345717266302,1.2897878466847554,-0.4626003426549834,1.4,0.056581532416502864,1.139896373056995,1.0,0.0,1.0,0.0,0.0,0.0,0.0,4.77
STU-13837,1.7896635564075856,1.0623345717266302,0.19250023014302348,-0.3807553952776052,0.0,0.8110019646365427,0.8267127230857804,1.0,0.0,1.0,0.0,0.0,0.0,0.0,5.44
STU-14100,-0.6825981329901288,0.7620103293503835,0.009454941643685145,0.09394529951119004,0.2,0.4086444007858546,-0.17271157167530227,1.0,0.0,0.0,0.0,0.0,0.0,1.0,3.84
STU-10341,-1.3909427743344174,-1.1505808984141312,-0.6174259657438345,-1.1910203743136523,0.4,-0.3536345776031435,-0.5296488198042603,0.0,1.0,0.0,0.0,0.0,0.0,1.0,3.19
STU-12805,-0.5714852480733775,-1.172135269876541,0.26926115757823005,-1.0191459848211575,0.6,-0.6396856581532416,1.0846286701208983,1.0,0.0,0.0,0.0,0.0,0.0,1.0,4.16
STU-13071,-1.1826061151155085,-0.15836133209452338,-2.101470562824492,1.1742986048925854,0.6,-0.045579567779960584,-0.36154289004029927,1.0,0.0,0.0,0.0,0.0,1.0,0.0,4.48
STU-13448,0.9007604770735764,0.40708167926936534,0.5644954938674855,0.12668327846214147,1.6,0.20589390962671916,-0.356937248128958,1.0,0.0,0.0,0.0,1.0,0.0,0.0,5.01
STU-14931,-1.1964952257301034,0.2166847313514108,-1.3840511256416004,-1.7557505112175635,2.2,-0.1823182711198429,-0.5918249856073691,1.0,0.0,0.0,1.0,0.0,0.0,0.0,2.72
STU-10832,-0.27981392516690573,0.32301963056596616,-1.2777667645774686,-0.929116542706041,0.0,-0.7528487229862477,-0.7760506620610248,1.0,0.0,0.0,0.0,0.0,1.0,0.0,3.45
STU-12545,-1.5159447698657622,-0.8042739969180775,-0.15882863004119127,0.13486777319987914,-0.8,0.09115913555992144,-0.4697754749568222,1.0,0.0,0.0,0.0,1.0,0.0,0.0,2.78
STU-13957,-0.9187130134382251,-0.01682095949136437,0.011423170552279791,0.7323358890547425,-0.4,-0.10216110019646372,0.7622337363270006,1.0,0.0,1.0,0.0,0.0,0.0,0.0,4.36
STU-11338,-0.557596137458784,0.5744872976274163,0.45722701834905566,1.0106087101378292,-1.0,0.6129666011787821,1.0270581462291308,0.0,1.0,0.0,0.0,1.0,0.0,0.0,5.34
STU-12990,0.9007604770735764,-1.3201419539184234,-0.9913894583768911,1.8372426786493516,1.2,-0.2609037328094303,0.039147956246401834,0.0,1.0,0.0,0.0,0.0,0.0,1.0,3.94
STU-14458,0.08130295081253533,0.6413058491608878,1.0683620944678138,-0.6099212479342652,0.8,0.696267190569745,2.80944156591825,1.0,0.0,0.0,0.0,0.0,1.0,0.0,4.31
STU-10180,-1.1270496726571329,-2.606937930224302,-2.0709630147412685,1.4443869312379345,1.2,-1.4176817288801573,-0.17962003454231443,0.0,1.0,0.0,0.0,1.0,0.0,0.0,2.58
STU-11309,-0.07147726594799676,-0.0010144204189304375,0.7573819269097984,0.5850149837754607,-0.4,0.39607072691552064,-0.8934945308002303,0.0,1.0,0.0,0.0,0.0,0.0,1.0,4.57
STU-11318,-1.9603963095327674,-1.9797057206681705,-1.6546826005734179,0.9042102785472365,0.4,-1.7210216110019647,-0.7345998848589523,0.0,1.0,0.0,0.0,0.0,0.0,1.0,1.96
STU-11047,-0.015920823489621122,0.4279175716830288,-0.030893750982512767,0.8551033101208104,-0.2,0.4919449901768175,-0.05757052389176742,1.0,0.0,0.0,0.0,1.0,0.0,0.0,4.4
STU-11471,0.22019405695847505,0.34170008583338857,-0.9136444164873866,-1.4447397111835254,0.4,-0.6082514734774067,2.3281519861830744,1.0,0.0,0.0,0.0,0.0,0.0,1.0,3.91
STU-10473,1.7896635564075856,1.0623345717266302,1.5043247977216152,-0.06156010050582939,1.0,1.2322200392927314,0.13586643638457108,1.0,0.0,0.0,0.0,0.0,0.0,1.0,5.72
STU-14127,-0.6825981329901288,-0.8179250988442704,-0.5416491527629259,-1.8294109638572047,-0.6,-0.4919449901768172,-0.4881980426021877,0.0,1.0,1.0,0.0,0.0,0.0,0.0,2.41
STU-10215,0.7063129284692611,0.3553511877595814,0.45722701834905566,-0.9700390163947301,0.2,0.7811394891944993,-0.4835924006908463,1.0,0.0,0.0,1.0,0.0,0.0,0.0,5.62
STU-10745,-0.05758815533340317,0.06795956826078117,-1.193132921507882,-2.1567907533667183,-0.8,0.24990176817288803,-0.49280368451352907,1.0,0.0,0.0,0.0,0.0,0.0,1.0,3.73
STU-12860,1.7896635564075856,0.5105426622889333,1.5043247977216152,1.5344163733530518,0.2,1.8593320235756388,0.8981001727115717,1.0,0.0,1.0,0.0,0.0,0.0,0.0,5.84
STU-14453,-0.557596137458784,0.290688073372352,0.6668433971144266,0.42132508902070354,0.0,0.037721021611002006,0.05296488198042613,0.0,1.0,0.0,0.0,0.0,0.0,1.0,4.05
STU-13965,-0.6131525799171597,-1.0535862268332867,0.011423170552279791,-0.23343448999832417,0.8,0.3536345776031435,0.47668393782383434,0.0,1.0,0.0,1.0,0.0,0.0,0.0,3.3
STU-12158,1.2202100212092355,0.9121724505385068,-0.1381622265009426,-0.7326886690003325,0.2,-0.21532416502946947,-0.9833045480713875,0.0,1.0,0.0,1.0,0.0,0.0,0.0,4.56
STU-13138,-0.41870503131284426,0.11034983213685444,1.3985107533152335e-15,0.0,0.4,0.08644400785854629,-0.5250431778929189,1.0,0.0,1.0,0.0,0.0,0.0,0.0,4.21
STU-13065,-0.2520357039377173,-0.1145341101209564,0.5389085180557496,1.6489992996813807,0.4,-0.1210216110019646,2.316637881404721,1.0,0.0,0.0,0.0,0.0,1.0,0.0,4.95
STU-10732,-0.668709022375534,1.0623345717266302,1.2169633770667396,1.8699806576003024,0.4,0.19803536345776032,1.0823258491652277,0.0,1.0,0.0,0.0,0.0,0.0,1.0,4.89
STU-12426,1.6785506714908343,0.3654098944420394,0.8321746254364104,-1.518400163823166,1.2,-0.09430255402750487,-0.5872193436960277,1.0,0.0,0.0,0.0,0.0,0.0,1.0,4.74
STU-14878,0.02574650835416092,0.3151163610297492,0.45525878944046105,0.8960257838094988,0.4,0.007858546168958855,-0.85895221646517,1.0,0.0,1.0,0.0,0.0,0.0,0.0,4.1
STU-12721,1.7896635564075856,0.8209256113476381,-0.029909636528216144,1.796320204960662,1.0,0.7921414538310415,0.32239493379389766,1.0,0.0,0.0,0.0,0.0,1.0,0.0,5.03
STU-13023,0.09519206142713017,-1.139803712682927,-1.5257636070604441,-0.9700390163947301,0.4,-1.1724950884086447,-0.06447898675877957,1.0,0.0,0.0,1.0,0.0,0.0,0.0,1.94
STU-10905,0.44241982679197767,0.0,-1.387003469004493,-0.3480174163266538,0.0,-0.40078585461689575,-0.4375359815774324,0.0,1.0,0.0,0.0,0.0,1.0,0.0,4.63
STU-14157,0.011857397739566082,-0.28625060277148956,0.25646766967236134,0.8469188153830713,0.2,0.8392927308447942,-0.5227403569372482,1.0,0.0,0.0,0.0,0.0,1.0,0.0,3.11
STU-11098,0.5674218223233225,0.8949289533685791,0.9404272154091368,-1.3137877953797197,0.0,0.050294695481336006,1.2435233160621761,1.0,0.0,0.0,1.0,0.0,0.0,0.0,3.93
STU-14996,0.8590931452297944,1.0623345717266302,1.5043247977216152,0.33129564690558766,-1.0,1.6471512770137524,-0.2510074841681059,1.0,0.0,0.0,0.0,0.0,1.0,0.0,5.76
STU-12935,-1.4187209955636046,0.3201457143709787,0.4946233676123609,-0.8636405848041382,0.4,0.28919449901768174,0.07138744962579172,1.0,0.0,0.0,0.0,0.0,0.0,1.0,4.38
STU-14444,-1.1270496726571329,0.5162904946789102,-0.7650431338884622,1.4034644575492463,1.0,0.24833005893909632,0.8221070811744386,0.0,1.0,0.0,0.0,0.0,0.0,1.0,4.67
STU-14846,-0.26592481455231215,-0.7130271577272077,-0.3330168884518516,-2.2140822165308833,0.6,-0.02671905697445972,0.0,1.0,0.0,0.0,0.0,0.0,1.0,0.0,4.28
STU-14265,0.0,-0.5125715031267951,-0.43339656279019806,0.003915857396073449,-1.0,0.5390962671905698,-0.6194588370754175,0.0,1.0,0.0,0.0,0.0,0.0,1.0,4.37
STU-14646,0.7757584815422303,-2.1715396266836193,1.3985107533152335e-15,0.09394529951119004,-0.8,0.30019646365422403,-0.5135290731145654,0.0,1.0,0.0,0.0,1.0,0.0,0.0,4.53
STU-14147,0.3590851631044136,-0.2718810217965494,-1.419479245996311,0.9533172469736639,1.4,-0.3724950884086443,0.3868739205526772,1.0,0.0,0.0,0.0,0.0,0.0,1.0,3.41
STU-10082,-0.4881505843858135,1.0623345717266302,1.2868355033218644,-0.2907259531624886,-0.2,0.15559921414538316,0.20495106505469216,1.0,0.0,0.0,0.0,0.0,1.0,0.0,4.6
STU-14103,1.4424357910427381,1.0623345717266302,1.2159792626124417,0.044838331084762546,0.0,1.5119842829076622,-0.6908462867012091,1.0,0.0,0.0,0.0,1.0,0.0,0.0,5.62
STU-10189,1.7896635564075856,-0.5427476231741694,-0.23755778638499245,1.6735527838945952,-1.0,0.012573673870334002,0.9994242947610826,0.0,1.0,0.0,0.0,0.0,1.0,0.0,5.01
STU-12463,0.10908117204172377,0.06939652635827591,0.8902373782399643,-0.8390871005909244,1.2,0.337917485265226,0.011514104778353443,1.0,0.0,0.0,0.0,0.0,1.0,0.0,4.51
STU-13617,0.91464958768817,0.32301963056596616,0.624526475579634,0.5031700363980824,0.8,-0.18860510805500974,1.4277489925158322,1.0,0.0,1.0,0.0,0.0,0.0,0.0,3.58
STU-12847,0.22019405695847505,-0.18710049404440382,0.09212055580467701,-0.6917661953116434,1.0,0.3269155206286838,-0.4375359815774324,0.0,1.0,0.0,0.0,1.0,0.0,0.0,4.08
STU-10164,-0.08536637656259037,-0.9458143695212365,-0.6646634595501157,0.5031700363980824,0.2,-0.2860510805500983,0.6540011514104781,0.0,1.0,0.0,0.0,0.0,0.0,1.0,4.13
STU-14112,0.0,1.0623345717266302,1.4590555328239299,-0.02063762681713957,-0.8,1.2416502946954815,0.7645365572826712,0.0,1.0,0.0,0.0,0.0,0.0,1.0,5.6
STU-11466,0.03963561896875452,0.2878141571773635,1.3321047682195495,-0.49533832160593483,0.0,0.545383104125737,0.7737478411053542,1.0,0.0,0.0,0.0,0.0,1.0,0.0,4.62
STU-12267,-0.6548199117609405,0.7605733712528897,-0.5318080082199499,2.221913931323031,0.0,-0.09273084479371316,0.8151986183074267,1.0,0.0,0.0,0.0,0.0,0.0,1.0,3.95
STU-11995,0.03963561896875452,-0.13034064919339033,-0.5101574902254046,0.1430522679376168,0.0,0.33948919449901777,0.6102475532527346,1.0,0.0,0.0,0.0,0.0,1.0,0.0,4.19
STU-12769,-0.7381545754485045,0.1311857245505179,-1.7491575881859804,-0.9373010374437787,0.4,0.11159135559921429,-0.6332757628094416,1.0,0.0,0.0,0.0,0.0,0.0,1.0,2.96
STU-13660,0.7340911496984495,1.0623345717266302,-0.35761974980928957,-0.6181057426720028,0.0,-0.088015717092338,-0.6125503742084053,0.0,1.0,0.0,0.0,0.0,0.0,1.0,4.65
STU-13992,-0.4603723631566263,0.9445040077321221,0.29484813338996463,-0.15158954262094526,0.2,0.5956777996070729,0.4306275187104204,1.0,0.0,0.0,0.0,0.0,0.0,1.0,5.29
STU-14756,-1.5437229910949508,-2.1025656380039073,-2.1496921710850705,0.1921592363640443,0.2,0.0,-0.03454231433506033,1.0,0.0,0.0,0.0,0.0,0.0,1.0,1.31
STU-12930,-0.668709022375534,-0.9185121656688499,-0.0810835881516867,-0.8063491216399737,0.6,-0.33948919449901777,0.7829591249280369,0.0,1.0,0.0,0.0,0.0,1.0,0.0,3.42
STU-11310,-0.6825981329901288,-0.6375868576087729,-0.8231058866920161,0.2658196890036848,-1.0,-1.2102161100196467,-0.18192285549798506,0.0,1.0,0.0,0.0,0.0,1.0,0.0,3.27
STU-12534,-0.4464832525420327,-3.4224116505521476,-0.8408199468693707,1.1742986048925854,-0.4,-1.175638506876228,0.6862406447898676,1.0,0.0,0.0,0.0,0.0,1.0,0.0,3.16
STU-14284,1.150764468136266,0.0,1.2189316059753343,-0.8472715953286628,1.0,0.5815324165029472,1.172135866436385,0.0,1.0,1.0,0.0,0.0,0.0,0.0,5.39
STU-12583,0.0,-0.1439917511195842,1.5043247977216152,0.1512367626753552,-0.2,0.4982318271119844,0.4122049510650548,1.0,0.0,1.0,0.0,0.0,0.0,0.0,4.87
STU-12351,1.7896635564075856,1.0623345717266302,1.3291524248566569,-0.15977403735868367,1.2,0.7277013752455798,0.3983880253310307,1.0,0.0,0.0,1.0,0.0,0.0,0.0,5.49
STU-14705,-0.349259478239875,0.0,0.43754472926310506,0.12668327846214147,-0.8,-0.01886051080550086,0.14738054116292473,0.0,1.0,0.0,0.0,0.0,0.0,1.0,4.96
STU-11190,-0.668709022375534,1.0623345717266302,0.6442087646655847,0.5359080153490339,1.4,0.9005893909626719,-0.6655152561888313,1.0,0.0,0.0,0.0,0.0,0.0,1.0,4.4
STU-11046,0.8035367027714188,0.04424975965213027,0.6934144873804606,0.21671272057725732,1.0,0.09115913555992144,-0.7576280944156593,0.0,1.0,0.0,0.0,0.0,1.0,0.0,4.62
STU-12089,0.8452040346152008,-0.745358714920823,1.1165837027283931,-1.3628947638061473,-1.0,0.16974459724950888,0.14507772020725387,1.0,0.0,0.0,0.0,0.0,1.0,0.0,4.54
STU-12690,-0.4742614737712199,0.0,-0.13914634095524062,0.42132508902070354,0.0,0.3536345776031435,-0.5595854922279793,1.0,0.0,1.0,0.0,0.0,0.0,0.0,4.16
STU-11136,0.10908117204172377,0.3093685286397733,-0.694186893179041,1.2806970364831782,-0.2,0.9068762278978393,-0.03684513529073118,0.0,1.0,0.0,0.0,0.0,1.0,0.0,5.03
STU-13278,-0.7520436860630981,-1.0413720830045876,0.7721436437242618,-0.6099212479342652,-1.0,-0.6145383104125738,-0.47207829591249284,1.0,0.0,0.0,0.0,0.0,1.0,0.0,3.28
STU-12607,-0.43259414192743784,1.0623345717266302,-0.8811686394955686,-0.675397205836168,0.6,0.1948919449901769,-1.1675302245250434,1.0,0.0,0.0,0.0,0.0,1.0,0.0,4.43
STU-14626,0.5674218223233225,-3.00497532323014,0.606812415402278,0.4622475627093934,1.2,-0.43693516699410606,2.434081750143927,0.0,1.0,1.0,0.0,0.0,0.0,0.0,4.09
STU-12480,1.5952160078032713,0.8719376238086747,0.7003032885605426,-0.24161898473606186,0.8,-0.2593320235756386,-1.0961427748992516,1.0,0.0,1.0,0.0,0.0,0.0,0.0,4.71
STU-13084,-1.0298258983549764,0.1642357607928795,-0.6715522607301977,0.8469188153830713,-0.2,-0.15245579567779974,2.192285549798503,1.0,0.0,0.0,0.0,1.0,0.0,0.0,3.38
STU-11665,-0.3214812570106865,-0.1073493196334868,-1.663539630662096,-1.4611087006590013,-0.6,0.05815324165029486,-0.92573402417962,1.0,0.0,0.0,1.0,0.0,0.0,0.0,3.7
STU-13390,0.8035367027714188,0.17716838367032597,1.5043247977216152,2.0909620155192252,-1.0,-0.056581532416502864,0.9925158318940703,0.0,1.0,0.0,0.0,0.0,0.0,1.0,5.11
STU-14217,-1.529833880480356,-2.1772874590735958,-0.3497468341749096,0.6504909416773635,0.0,0.0,0.07369027058146237,1.0,0.0,0.0,0.0,0.0,1.0,0.0,2.06
STU-12956,1.7896635564075856,1.0623345717266302,1.5043247977216152,0.0,0.6,1.152062868369352,0.5043177892918828,0.0,1.0,0.0,0.0,1.0,0.0,0.0,5.37
STU-11841,0.0,0.15058465886668665,-1.074055072537883,-0.1434050478832076,-0.2,-0.42121807465618866,0.7000575705238918,1.0,0.0,0.0,0.0,0.0,0.0,1.0,3.14
STU-11659,-0.04369904471880956,-2.4251627308913104,0.21907132040905608,-0.45441584791724576,-1.0,0.0,0.0,0.0,1.0,0.0,0.0,0.0,0.0,1.0,3.2
STU-12468,-1.8770616458452034,-1.42647685313298,-1.29351259584623,-0.19251201630963508,-1.0,-0.9147347740667977,-0.455958549222798,1.0,0.0,0.0,0.0,0.0,0.0,1.0,1.8
STU-10792,1.317433795511393,1.0623345717266302,0.9453477876806241,-0.5444452900323623,0.4,1.2023575638506878,0.274035693724813,0.0,1.0,0.0,0.0,1.0,0.0,0.0,5.09
STU-13183,0.8313149240006059,-0.057774265269943934,0.5477655481444276,-0.7981646269022353,0.2,-0.16817288801571717,0.09211283822682796,1.0,0.0,0.0,0.0,0.0,0.0,1.0,5.07
STU-14785,-1.4326101061781995,0.4911437279727645,-0.6882822064532557,-0.06156010050582939,0.4,0.4275049115913558,-0.8451352907311458,0.0,1.0,0.0,1.0,0.0,0.0,0.0,3.99
STU-14781,-0.4464832525420327,0.2892511152748572,-1.5090336613373863,1.076084668039732,-0.6,0.06601178781925343,0.2556131260794474,1.0,0.0,0.0,0.0,1.0,0.0,0.0,2.89
STU-10570,-0.15481192963556084,-0.4680258021044808,0.010439056097981769,-1.4611087006590013,-0.2,0.46994106090373294,-0.08290155440414496,1.0,0.0,0.0,0.0,0.0,0.0,1.0,4.68
STU-10039,-0.2103683720939365,-0.6605781871686774,-1.5543029262350714,-2.1649752481044557,-0.2,0.4982318271119844,0.6447898675877951,1.0,0.0,0.0,0.0,0.0,0.0,1.0,4.05
STU-12437,0.4701980480211648,0.5946047109923325,1.3985107533152335e-15,1.1170071417284204,1.6,-0.20589390962671916,-0.07369027058146216,1.0,0.0,0.0,0.0,0.0,0.0,1.0,5.22
STU-12624,-0.09925548717718521,1.0623345717266302,-0.15784451558689325,0.6586754364151012,1.2,0.1477406679764243,-0.6355785837651123,0.0,1.0,0.0,0.0,0.0,0.0,1.0,4.47
STU-14143,-0.5298179162295955,0.12184549691680621,-0.6085689356551565,-1.2564963322155551,2.0,-0.35206286836935174,0.0,1.0,0.0,0.0,1.0,0.0,0.0,0.0,3.28
STU-10299,0.5396436010941341,0.21596625230266345,-0.24739893092796708,0.053022825822500945,-1.0,-0.8707269155206289,1.1306850892343125,0.0,1.0,0.0,0.0,1.0,0.0,0.0,4.24
STU-11441,-0.4464832525420327,0.2418314980575554,0.14231039297384956,-0.33164842685117846,0.6,-0.04243614931237715,-0.27864133563615434,0.0,1.0,1.0,0.0,0.0,0.0,0.0,4.48
STU-14536,0.9007604770735764,0.02844322057969634,1.3985107533152335e-15,1.9927480786663703,0.8,-0.5139489194499018,0.18192285549798506,0.0,1.0,0.0,0.0,1.0,0.0,0.0,4.45
STU-11833,-0.11314459779177881,0.8784039352473979,-0.5436173816715205,-0.42167786896629433,0.2,0.0,0.0,0.0,1.0,0.0,0.0,1.0,0.0,0.0,4.42
STU-13850,1.0674298044487034,1.0623345717266302,-0.2139390394818511,-0.16795853209642134,-0.6,1.2432220039292736,-0.9349453080023029,0.0,1.0,0.0,0.0,0.0,0.0,1.0,5.35
STU-13069,0.6507564860108854,1.0623345717266302,1.2208998348839304,0.6259374574641497,-1.0,0.40707269155206294,-0.92573402417962,1.0,0.0,0.0,0.0,0.0,0.0,1.0,5.01
STU-12802,0.386863384333602,-0.5255041260042407,-0.4875228577765613,0.6668599311528396,0.4,-0.1728880157170923,1.199769717904433,1.0,0.0,0.0,0.0,0.0,1.0,0.0,4.47
STU-11577,-0.1270337084063724,0.0,-0.5987277911121818,-0.06156010050582939,0.6,-1.7304518664047155,0.38917674150834786,0.0,1.0,0.0,1.0,0.0,0.0,0.0,2.68
STU-11457,0.13685939327091098,0.08232914923572138,1.49054719536145,-0.7163196795248571,0.0,-0.26561886051080547,-1.1514104778353484,1.0,0.0,0.0,0.0,0.0,0.0,1.0,4.2
STU-10142,-0.5853743586879712,0.7002211311581414,-0.702059808813421,0.003915857396073449,0.2,0.3190569744597249,0.22337363270005756,1.0,0.0,0.0,0.0,0.0,0.0,1.0,4.33
STU-13353,0.7202020390838558,-1.7253641374117317,1.3985107533152335e-15,0.6832289206283149,-1.0,-0.4353634577603143,-0.1082325849165227,1.0,0.0,0.0,0.0,0.0,1.0,0.0,3.33
STU-11708,-0.2103683720939365,-1.4200105416942566,0.9886488236697161,-1.3383412795929335,1.6,-0.19017681728880145,0.59412780656304,1.0,0.0,0.0,0.0,0.0,1.0,0.0,2.86
STU-11243,0.8035367027714188,-0.32648542950132176,-0.7522496459825949,-0.5035228163436732,-0.6,-0.02200392927308457,0.0,0.0,1.0,0.0,0.0,1.0,0.0,0.0,3.69
STU-11984,-0.4742614737712199,1.0623345717266302,0.8056035351703777,0.13486777319987914,1.0,0.6789783889980352,-0.21416234887737476,1.0,0.0,1.0,0.0,0.0,0.0,0.0,4.48
STU-11667,-1.696503207855483,-0.2826582075277548,-0.8093282843318508,-0.9864080058702062,0.0,0.6412573673870335,0.2717328727691424,1.0,0.0,0.0,0.0,0.0,1.0,0.0,3.12
STU-11622,-0.41870503131284426,-0.12028194251093229,-0.035814323254001475,-1.321972290117458,-0.2,-0.31277013752455807,0.31318364997121484,1.0,0.0,0.0,1.0,0.0,0.0,0.0,2.8
STU-12938,0.3174178312606327,1.0623345717266302,1.1520118230831038,-1.1664668901004387,0.2,1.719449901768173,-0.01611974668969474,0.0,1.0,0.0,0.0,1.0,0.0,0.0,5.13
STU-13137,1.317433795511393,0.23392822852133846,0.9286178419575676,-0.45441584791724576,0.4,0.44007858546168976,-0.6862406447898677,0.0,1.0,0.0,0.0,0.0,0.0,1.0,5.12
STU-11643,-1.6687249866262956,-0.21081030265305473,0.835126968799303,0.17579024688856823,0.6,-0.8110019646365424,0.07369027058146237,1.0,0.0,0.0,0.0,1.0,0.0,0.0,3.16
STU-10227,-0.7798219072922853,0.5938862319435861,0.5369402891471549,-1.0846219427230603,0.0,0.3206286836935169,1.0086355785837653,1.0,0.0,0.0,0.0,0.0,0.0,1.0,4.3
STU-10631,1.039651583219515,0.6657341368182862,1.5043247977216152,2.271020899749457,-0.8,1.568565815324165,0.43523316062176187,1.0,0.0,0.0,0.0,0.0,0.0,1.0,5.17
STU-14168,-2.6548518402624626,-1.768472880336552,-0.8004712542431728,0.2821886784791602,-0.4,-0.06758349705304516,1.1306850892343125,1.0,0.0,0.0,0.0,0.0,0.0,1.0,2.57
STU-10757,-0.1270337084063724,0.15705097030540988,0.6501134513913687,1.518047383877575,0.2,-0.7544204322200394,-0.15198618307426603,1.0,0.0,0.0,0.0,0.0,0.0,1.0,3.11
STU-13177,-0.7798219072922853,-0.33798109428127354,-0.1253687385950753,-1.0682529532475844,-0.4,0.0,-0.11514104778353484,1.0,0.0,0.0,0.0,0.0,0.0,1.0,3.73
STU-12562,-0.3214812570106865,-1.5716096209798736,1.4265797558321107,1.8781651523380414,-1.0,-0.6946954813359529,-0.07829591249280367,1.0,0.0,0.0,0.0,0.0,0.0,1.0,4.37
STU-10431,1.0118733619903277,0.057900861578323116,1.5043247977216152,0.3067421626923739,0.2,0.9854616895874267,0.2210708117443869,1.0,0.0,0.0,0.0,0.0,0.0,1.0,4.75
STU-12784,-0.5298179162295955,0.12615637120928838,0.14132627851955293,0.012100352133811124,-0.4,-0.8722986247544205,-0.6033390903857225,1.0,0.0,0.0,0.0,0.0,0.0,1.0,3.42
STU-11570,-0.04369904471880956,1.0623345717266302,-0.02400494980243081,1.5671543523040026,0.6,0.3599214145383106,0.1842256764536557,0.0,1.0,0.0,1.0,0.0,0.0,0.0,4.75
STU-11452,1.7896635564075856,0.7519516226679265,0.08523175462459366,0.2330817100527334,2.0,0.037721021611002006,-0.5641911341393206,1.0,0.0,0.0,0.0,0.0,1.0,0.0,4.4
STU-11970,0.4007524949481956,-0.3868376695960701,-0.2926681958256537,1.0106087101378292,0.2,-0.581532416502947,-0.43983880253310303,1.0,0.0,1.0,0.0,0.0,0.0,0.0,4.65
STU-14680,-1.7242814290846713,0.1419629102817223,-0.653838200552843,1.1333761312038972,-1.0,-0.19017681728880145,-0.75993091537133,1.0,0.0,1.0,0.0,0.0,0.0,0.0,3.24
STU-10534,1.317433795511393,0.9818649182669658,-0.0102273474422655,-0.8881940690173519,0.2,0.06286836935167,-0.9948186528497411,0.0,1.0,0.0,0.0,0.0,1.0,0.0,4.69
STU-13246,0.6090891541671046,-1.446594266497896,-0.15390805776970254,0.5850149837754607,-0.8,-1.1300589390962672,-0.1174438687392055,0.0,1.0,0.0,0.0,0.0,0.0,1.0,3.66
STU-14867,-0.5853743586879712,0.0,-0.8398358324150726,0.2740041837414225,-0.6,-0.7292730844793713,0.18192285549798506,1.0,0.0,1.0,0.0,0.0,0.0,0.0,2.73
STU-10827,0.49797626925035327,-2.3137984783355257,0.34208562719624586,-1.1746513848381763,-1.0,-0.6915520628683693,0.3385146804835924,0.0,1.0,0.0,0.0,0.0,0.0,1.0,4.07
STU-13858,-0.43259414192743784,1.0623345717266302,0.0645653510843464,-0.9536700269192547,0.0,0.15402750491159145,-0.013816925734024092,1.0,0.0,1.0,0.0,0.0,0.0,0.0,4.2
STU-13380,0.06741384019794172,0.0,0.9797917935810381,0.9451327522359263,0.2,1.8027504911591359,-0.05526770293609678,1.0,0.0,0.0,1.0,0.0,0.0,0.0,5.43
STU-11960,-0.9881585665111943,-0.9702426571786349,-0.2572400754709431,0.38858711006975283,-0.2,-0.7858546168958744,1.9481865284974098,1.0,0.0,1.0,0.0,0.0,0.0,0.0,3.45
STU-11783,0.6229782647816982,0.26338586951996523,0.16002445315120556,0.2658196890036848,0.2,-0.2326129666011789,0.4191134139320669,1.0,0.0,0.0,0.0,0.0,0.0,1.0,5.13
STU-10480,0.09519206142713017,0.22818039613136257,-0.29463642473424834,-1.0027769953456815,-0.2,-0.9933202357563852,-0.47207829591249284,1.0,0.0,0.0,1.0,0.0,0.0,0.0,3.45
STU-12253,0.8590931452297944,0.36109902014955725,0.9817600224896328,0.3067421626923739,1.4,0.4982318271119844,0.0,1.0,0.0,1.0,0.0,0.0,0.0,0.0,5.82
STU-14676,-0.6131525799171597,1.0623345717266302,-0.1991773226673892,0.3967716048074905,0.0,0.5532416502946955,0.0,1.0,0.0,0.0,0.0,0.0,0.0,1.0,4.62
STU-13732,-0.015920823489621122,1.0623345717266302,1.5043247977216152,-1.747566016479826,1.8,1.9866404715127703,0.0,1.0,0.0,0.0,0.0,0.0,0.0,1.0,6.08
STU-13786,1.7896635564075856,0.0,0.631415276759716,-1.2728653216910306,0.2,0.11944990176817287,0.33160621761658043,0.0,1.0,0.0,0.0,0.0,1.0,0.0,5.02
STU-13159,-1.1826061151155085,-3.101969994810985,-2.2116913817058137,-1.4856621848722145,1.8,-1.0844793713163066,0.03454231433506054,1.0,0.0,0.0,0.0,0.0,1.0,0.0,2.4
STU-12147,1.3729902379697687,-0.8136142245517882,-0.9746595126538331,-0.3070949426379647,1.6,-0.31277013752455807,0.320092112838227,1.0,0.0,0.0,0.0,0.0,1.0,0.0,4.39
STU-14408,-0.4742614737712199,0.2684152228611948,-1.896774756330608,-0.8145336163777114,0.4,-0.2530451866404715,-0.06447898675877957,1.0,0.0,0.0,0.0,0.0,0.0,1.0,3.22
STU-13714,1.7896635564075856,0.19225644369401254,0.9089355528716169,0.7978118469566453,0.4,0.10687622789783888,0.9487622337363272,0.0,1.0,0.0,0.0,0.0,0.0,1.0,5.48
STU-10671,-0.5298179162295955,-0.7791272302119319,-1.144911313247304,1.7226597523210212,1.2,-0.744990176817289,0.7046632124352332,1.0,0.0,0.0,0.0,0.0,0.0,1.0,4.03
STU-14252,-2.668740950877056,-0.8782773389390187,-1.267925620034494,-0.06156010050582939,0.8,-0.7937131630648331,0.0,1.0,0.0,0.0,1.0,0.0,0.0,0.0,2.47
STU-13422,-0.3770376994690622,1.0623345717266302,1.3985107533152335e-15,-0.31527943737570235,0.0,0.8094302554027507,-0.2579159470351181,1.0,0.0,0.0,0.0,0.0,1.0,0.0,4.31
STU-14059,-0.349259478239875,0.4588121707791493,-1.210846981685238,-0.6344747321474782,-0.4,-0.7465618860510806,-0.8382268278641336,0.0,1.0,0.0,0.0,1.0,0.0,0.0,3.32
STU-11303,0.5813109329379161,-0.010354648052642138,0.17281794105707285,0.32311115216785,0.2,0.42436149312377236,-0.13586643638457108,1.0,0.0,0.0,0.0,1.0,0.0,0.0,5.18
STU-13772,0.5813109329379161,-0.1059123615359931,0.826269938710625,1.5917078365172157,0.2,0.0,1.6810592976396088,0.0,1.0,1.0,0.0,0.0,0.0,0.0,5.1
STU-14298,0.6507564860108854,0.9258235524646997,-1.3997969569103617,1.2806970364831782,-1.0,-0.3174852652259332,0.4674726540011515,1.0,0.0,0.0,0.0,0.0,1.0,0.0,4.08
STU-14978,0.6507564860108854,-0.26900710560156194,1.3985107533152335e-15,-1.1009909321985358,0.0,0.23575638506876231,1.91594703511802,1.0,0.0,0.0,0.0,0.0,1.0,0.0,4.49
STU-14188,-0.2242574827085301,1.0623345717266302,0.9797917935810381,-1.5511381427741173,-0.8,1.2762278978389,0.0,1.0,0.0,0.0,0.0,0.0,0.0,1.0,4.84
STU-11599,0.5118653798649468,0.17716838367032597,1.003410540484178,-0.1843275215718967,0.0,-0.35992141453831034,-0.5549798503166379,1.0,0.0,1.0,0.0,0.0,0.0,0.0,5.04
STU-13124,1.7896635564075856,1.0623345717266302,1.5043247977216152,-1.6575365743647092,0.0,-0.06915520628683687,-0.7253886010362696,0.0,1.0,0.0,0.0,0.0,1.0,0.0,5.13
STU-12595,-0.8076001285214738,1.0623345717266302,-0.41568250261284345,0.06120732056023862,1.0,0.8220039292730844,0.12204951065054699,1.0,0.0,0.0,0.0,1.0,0.0,0.0,4.92
STU-13440,0.3729742737190084,-2.531497630105867,0.12164398943360229,1.1333761312038972,-0.2,-0.19017681728880145,-0.8082901554404146,1.0,0.0,0.0,1.0,0.0,0.0,0.0,4.18
STU-10365,-1.7381705396992648,-1.8582827614299269,-0.9313584766647426,-2.0913147954648155,0.2,-0.5846758349705307,1.2297063903281524,0.0,1.0,1.0,0.0,0.0,0.0,0.0,2.73
STU-11223,0.8313149240006059,-0.2668516684553208,-1.5060813179744936,1.5671543523040026,-1.0,-0.9225933202357566,-0.8198042602187681,1.0,0.0,0.0,0.0,0.0,0.0,1.0,3.88
STU-13949,-1.9187289776889853,1.0623345717266302,1.3985107533152335e-15,0.3149266574301116,1.4,0.6129666011787821,0.17040875071963163,1.0,0.0,0.0,0.0,0.0,1.0,0.0,4.0
STU-11848,1.2479882424384239,-0.6361498995112792,1.3232477381308714,-0.3807553952776052,-0.6,-0.02200392927308457,-0.3131836499712147,0.0,1.0,0.0,0.0,1.0,0.0,0.0,5.33
STU-10277,0.20630494634388147,-0.2618223151140923,-0.5819978453891238,1.0842691627774697,-0.6,0.2090373280943026,0.19573978123200936,0.0,1.0,0.0,0.0,1.0,0.0,0.0,4.73
STU-13838,0.05352472958334813,0.0,-1.6960154076539138,1.5671543523040026,-1.0,-0.19803536345776032,-0.5043177892918826,1.0,0.0,0.0,0.0,0.0,1.0,0.0,5.0
STU-10103,-1.252051668188479,0.26554130666620634,0.04586717645269377,0.7732583627434315,0.8,-0.98860510805501,1.535981577432355,1.0,0.0,0.0,0.0,0.0,0.0,1.0,2.9
STU-13831,-1.9881745307619547,-0.9012686684989222,-2.944856650157465,-0.6262902374097405,1.4,-0.8000000000000002,0.7829591249280369,1.0,0.0,0.0,0.0,0.0,1.0,0.0,1.94
STU-14952,-0.09925548717718521,1.0623345717266302,-0.1293051964122646,0.5850149837754607,0.0,0.7229862475442044,0.08520437535981581,1.0,0.0,0.0,1.0,0.0,0.0,0.0,4.5
STU-10733,-0.029809934104214727,0.34170008583338857,-0.31530282827449563,-0.5935522584587891,-1.0,-0.031434184675834864,1.146804835924007,1.0,0.0,1.0,0.0,0.0,0.0,0.0,3.55
STU-14796,0.6090891541671046,-0.9034241056451633,-1.0848803315351556,-1.3137877953797197,1.4,-0.4180746561886052,1.7593552101324124,1.0,0.0,0.0,0.0,0.0,0.0,1.0,3.03
STU-13845,-1.2937190000322598,-1.2540418814336993,-0.10568644950912466,-1.1910203743136523,1.4,-1.2227897838899804,0.1934369602763385,1.0,0.0,0.0,1.0,0.0,0.0,0.0,2.7
STU-13727,1.567437786574083,1.0623345717266302,0.43951295817170105,0.012100352133811124,-0.8,0.3049115913555992,0.11514104778353484,0.0,1.0,0.0,0.0,1.0,0.0,0.0,5.02
STU-11785,-0.26592481455231215,0.9516887982195916,0.4001483799997998,-1.6247985954137585,0.6,0.5579567779960709,0.16580310880829013,1.0,0.0,0.0,0.0,0.0,1.0,0.0,4.77
STU-13287,0.3729742737190084,0.6987841730606478,1.5043247977216152,0.2330817100527334,0.8,0.15717092337917488,-0.07829591249280367,0.0,1.0,0.0,0.0,0.0,1.0,0.0,4.94
STU-10106,1.7896635564075856,1.0623345717266302,0.4857663375236843,0.020284846871549526,0.0,1.0671905697445976,0.0,1.0,0.0,0.0,0.0,1.0,0.0,0.0,5.86
STU-11209,0.3729742737190084,0.0,-1.3486230052868897,-1.518400163823166,-0.4,-1.0923379174852654,-0.508923431203224,1.0,0.0,0.0,0.0,1.0,0.0,0.0,2.8
STU-14090,0.2757504994168507,-0.22158748838426015,0.22792835049773408,0.012100352133811124,-0.4,-0.8990176817288803,-0.7161773172135867,1.0,0.0,1.0,0.0,0.0,0.0,0.0,4.24
STU-13100,-2.377069627970584,0.6420243282096353,1.124456618362773,-1.7721195006930395,0.4,0.619253438113949,-0.5549798503166379,0.0,1.0,0.0,0.0,0.0,1.0,0.0,3.34
STU-13087,0.386863384333602,0.6441797653558764,1.3985107533152335e-15,1.3952799628115085,-0.8,1.001178781925344,0.2256764536557284,1.0,0.0,0.0,0.0,1.0,0.0,0.0,5.12
STU-13134,0.7340911496984495,1.0623345717266302,0.6619228248429393,0.42950958375844195,2.4,0.6994106090373283,0.6332757628094419,1.0,0.0,0.0,1.0,0.0,0.0,0.0,5.74
STU-13768,0.45630893740657125,1.0623345717266302,-0.9234855610303626,1.4853094049266244,1.0,0.6946954813359529,-0.5780080598733449,1.0,0.0,0.0,0.0,0.0,0.0,1.0,4.42
STU-12786,1.7896635564075856,1.0623345717266302,1.4610237617325246,-1.3628947638061473,-0.6,0.9335952848722987,0.3914795624640185,1.0,0.0,0.0,0.0,0.0,0.0,1.0,5.73
STU-10687,-0.029809934104214727,0.4458795479017038,-0.5701884719375532,0.6177529627264121,0.8,0.17445972495088402,0.12895797351755914,0.0,1.0,1.0,0.0,0.0,0.0,0.0,4.47
STU-11768,0.33130694187522636,1.0623345717266302,0.5900824696792201,0.6177529627264121,-0.6,0.20117878192534375,0.27633851468048365,1.0,0.0,0.0,0.0,0.0,0.0,1.0,5.54
STU-13911,-1.5992794335533265,-2.204589662925981,-1.1262131386156515,0.6914134153660526,1.0,-0.7779960707269157,0.0,1.0,0.0,0.0,0.0,1.0,0.0,0.0,2.36
STU-10143,0.16463761450009942,-0.25391904557787437,-2.293372881412508,-0.7326886690003325,1.2,0.20275049115913574,-0.3016695451928612,1.0,0.0,0.0,0.0,0.0,1.0,0.0,3.59
STU-12260,-0.0020317128750275202,1.0623345717266302,1.5043247977216152,1.313435015434129,-1.0,1.4145383104125742,-0.8105929763960853,1.0,0.0,0.0,0.0,0.0,1.0,0.0,4.91
STU-13322,-0.2520357039377173,1.0623345717266302,-0.22082784066193448,0.0,0.0,0.5909626719056975,0.18652849740932656,0.0,1.0,0.0,0.0,1.0,0.0,0.0,4.42
STU-12420,1.2618773530530174,0.05933781967581785,-1.1921488070535855,-1.5429536480363797,0.8,-0.41021611001964636,0.09902130109384011,1.0,0.0,1.0,0.0,0.0,0.0,0.0,4.36
STU-13483,1.7063288927200226,1.0623345717266302,1.5043247977216152,-1.051883963772109,0.4,0.4793713163064835,0.8474381116868166,0.0,1.0,0.0,0.0,1.0,0.0,0.0,6.55
STU-12902,-0.05758815533340317,-0.11525258916970377,-0.3084140270944136,-0.2825414584247509,-1.0,0.39764243614931233,-0.8151986183074267,1.0,0.0,0.0,0.0,0.0,0.0,1.0,4.37
STU-12824,-0.30759214639609295,-0.6641705824124122,-0.7305991279880482,-1.3137877953797197,1.0,0.0,0.23719055843408185,1.0,0.0,0.0,1.0,0.0,0.0,0.0,3.49
STU-14097,-0.349259478239875,0.3460109601258707,-0.8978985852186266,-1.641167584889234,-0.2,0.03929273084479372,-0.5365572826712723,1.0,0.0,0.0,1.0,0.0,0.0,0.0,4.15
STU-13364,0.5257544904795405,-0.86103384176909,0.7898577039016164,-0.3480174163266538,-0.2,-0.2530451866404715,-0.9533678756476685,1.0,0.0,0.0,0.0,0.0,0.0,1.0,4.38
STU-11390,0.6229782647816982,-0.9609024295449231,1.3985107533152335e-15,1.100638152252945,0.6,-0.8770137524557958,0.05526770293609678,1.0,0.0,0.0,0.0,1.0,0.0,0.0,3.39
STU-12908,-1.3492754424906355,0.15058465886668665,-1.2836714513032539,-0.40530887949081895,1.0,-0.12573673870333973,-0.36154289004029927,0.0,1.0,0.0,0.0,0.0,0.0,1.0,3.12
STU-10777,0.2896396100314443,0.18794556940153037,0.6176376743995508,0.003915857396073449,0.4,0.03929273084479372,-0.5273459988485896,1.0,0.0,0.0,0.0,1.0,0.0,0.0,4.5
STU-11025,-1.529833880480356,0.4458795479017038,-0.11159113623490999,-0.9209320479683033,-1.0,-0.3489194499017683,0.6793321819228556,1.0,0.0,0.0,0.0,1.0,0.0,0.0,4.1
STU-12291,-1.5159447698657622,-1.4178551045480154,-1.0848803315351556,0.5931994785131991,0.2,-0.8864440078585463,-0.08750719631548647,1.0,0.0,0.0,0.0,0.0,1.0,0.0,2.17
STU-12739,-1.8492834246160161,0.2037521084739643,-0.7699637061599495,-0.42167786896629433,0.0,0.05500982318271115,0.6217616580310882,1.0,0.0,0.0,0.0,1.0,0.0,0.0,3.57
STU-13575,-1.779837871543047,0.0,-0.19327263594160385,1.5917078365172157,0.4,0.1964636542239686,0.47668393782383434,1.0,0.0,0.0,0.0,0.0,1.0,0.0,3.84
STU-14958,-1.363164553105229,-0.40695508296098615,1.3985107533152335e-15,-0.6181057426720028,-0.8,-1.7304518664047155,2.3788140472078294,1.0,0.0,0.0,1.0,0.0,0.0,0.0,2.01
STU-14915,-0.27981392516690573,0.4336654040730047,-0.6292353391954051,0.6259374574641497,0.2,-0.10058939096267201,0.34772596430627517,0.0,1.0,0.0,0.0,1.0,0.0,0.0,4.06
STU-11491,-0.7937110179068801,-2.0989732427601724,-1.8889018406962281,1.2315900680567506,0.2,-0.3724950884086443,0.048359240069084625,1.0,0.0,0.0,0.0,1.0,0.0,0.0,2.36
STU-10575,-0.05758815533340317,-0.8718110275002955,1.2110586903409544,-1.051883963772109,-0.2,0.669548133595285,1.0500863557858378,1.0,0.0,0.0,1.0,0.0,0.0,0.0,4.64
STU-10117,-0.15481192963556084,0.23967606091131435,1.2769943587788883,-0.22524999526058578,0.8,0.22946954813359546,-0.8727691421991941,1.0,0.0,0.0,0.0,1.0,0.0,0.0,4.67
STU-10342,-0.5020396950004083,0.44875346409669126,-0.46882468314490866,-0.929116542706041,0.4,-0.4165029469548135,-0.03684513529073118,1.0,0.0,0.0,0.0,0.0,1.0,0.0,3.65
STU-12909,-0.08536637656259037,-1.0449644782483223,-1.4234157038135016,0.7568893732679555,0.4,-0.2719056974459726,-0.2394933793897525,0.0,1.0,0.0,0.0,1.0,0.0,0.0,3.18
STU-11322,0.9285386983027636,0.0,-1.6694443173878812,-1.4201862269703123,1.0,-0.5343811394891946,1.1053540587219346,1.0,0.0,0.0,0.0,0.0,0.0,1.0,3.06
STU-11040,1.7896635564075856,1.0623345717266302,0.9817600224896328,-0.6017367531965275,0.8,1.1504911591355598,-0.6793321819228555,0.0,1.0,0.0,0.0,1.0,0.0,0.0,6.02
STU-13297,1.1368753575216726,-0.16051676924076447,1.0083311127556653,0.41314059428296585,0.2,0.0,1.3033966609096148,0.0,1.0,0.0,0.0,0.0,1.0,0.0,5.35
STU-12187,-1.8631725352306099,0.8877441628811086,0.2062778325031888,0.17579024688856823,0.2,-0.1335952848722986,0.0,1.0,0.0,0.0,0.0,0.0,1.0,0.0,4.12
STU-13466,-1.5159447698657622,-0.9903600705435499,-0.1962249793044965,-1.1173599216740118,1.4,0.0,1.2251007484168106,0.0,1.0,1.0,0.0,0.0,0.0,0.0,3.46
STU-11719,0.9285386983027636,0.007607328166032875,0.715065005375006,-1.7803039954307773,-1.0,-0.5422396856581532,-0.21416234887737476,1.0,0.0,0.0,0.0,0.0,0.0,1.0,4.81
STU-11863,0.3035287206460379,0.406363200220619,0.02913723072963579,-0.028822121554877973,0.0,-0.17603143418467573,-0.1128382268278642,1.0,0.0,0.0,0.0,0.0,1.0,0.0,4.9
STU-12227,-2.293734964283021,-2.012037277861785,-2.333721574038706,1.2806970364831782,-0.2,-1.6487229862475445,-0.19573978123200916,1.0,0.0,0.0,0.0,0.0,1.0,0.0,1.45
STU-12566,-0.1270337084063724,-0.3128343275751289,-1.3328771740181298,-0.07792908998130474,1.2,-0.14931237721021604,-0.7553252734599886,1.0,0.0,1.0,0.0,0.0,0.0,0.0,2.98
STU-11834,-0.015920823489621122,-0.9774274476661045,0.9187766974145916,0.0,0.0,-0.45893909626719065,0.4812895797351756,1.0,0.0,0.0,0.0,0.0,0.0,1.0,3.18
STU-13181,-2.071509194449519,-0.6612966662174238,-0.05549661233995073,0.25763519426594716,1.4,-1.3233791748526524,0.38457109959700636,0.0,1.0,0.0,0.0,1.0,0.0,0.0,3.11
STU-13469,-0.4603723631566263,-1.3244528282109056,-1.0720868436292883,-2.615122458680038,0.6,-0.023575638506876287,-0.7438111686816351,0.0,1.0,0.0,0.0,0.0,0.0,1.0,3.35
STU-14339,-1.3076081106468547,-1.51269433898262,-1.3122107704778825,0.5359080153490339,0.2,-0.22946954813359519,-0.49050086355785844,1.0,0.0,0.0,0.0,0.0,0.0,1.0,3.31
STU-11142,1.7896635564075856,0.5320970337513441,0.9768394502181454,-0.7326886690003325,0.0,0.7088408644400787,0.478986758779505,1.0,0.0,0.0,0.0,0.0,0.0,1.0,4.64
STU-11527,1.7896635564075856,1.0623345717266302,-0.08895650378606668,-0.028822121554877973,1.4,-0.21060903732809433,-0.5618883131836501,0.0,1.0,1.0,0.0,0.0,0.0,0.0,4.92
STU-13613,-0.9881585665111943,-0.34444740571999677,-0.020068491985240123,-1.076437447985322,1.4,0.4117878192534383,0.6424870466321244,1.0,0.0,0.0,0.0,0.0,0.0,1.0,3.87
STU-10023,1.0952080256778904,1.0623345717266302,0.3411015127419493,0.7896273522189069,-0.2,0.793713163064833,2.80944156591825,1.0,0.0,0.0,0.0,0.0,1.0,0.0,4.74
STU-13312,-0.6131525799171597,-1.8590012404786738,-1.6448414560304434,-0.5362607952946247,0.2,-1.2416502946954815,-0.13586643638457108,1.0,0.0,0.0,0.0,0.0,1.0,0.0,2.99
STU-12395,0.44241982679197767,0.6061003757722853,0.7101444331035186,0.12668327846214147,0.0,0.8047151277013752,-0.188831318364997,1.0,0.0,0.0,0.0,0.0,0.0,1.0,5.09
STU-14866,-0.27981392516690573,1.0623345717266302,-0.35761974980928957,1.46075592071341,-0.2,0.0,-1.2204951065054694,1.0,0.0,1.0,0.0,0.0,0.0,0.0,3.94
STU-10697,0.6090891541671046,1.0623345717266302,0.9935693959412034,-0.037006616292615646,1.2,0.636542239685658,0.8405296488198043,1.0,0.0,0.0,0.0,1.0,0.0,0.0,4.38
STU-11232,-0.15481192963556084,-1.0499938315895518,-0.37139735216945485,-0.07792908998130474,0.4,-0.17917485265225946,-0.6931491076568798,0.0,1.0,0.0,0.0,0.0,0.0,1.0,3.68
STU-12592,1.7896635564075856,1.0623345717266302,1.5043247977216152,-1.8785179322836316,0.2,1.0514734774066798,-0.32700057570523894,1.0,0.0,0.0,0.0,0.0,0.0,1.0,5.0
STU-13056,0.45630893740657125,-1.5421519799812469,-0.022036720893836168,3.269529257753475,0.0,-0.7229862475442044,0.7392055267702937,0.0,1.0,0.0,1.0,0.0,0.0,0.0,3.73
STU-12045,0.8313149240006059,-0.1346515234858725,0.3440538561048405,0.8141808364321206,1.4,-1.2998035363457763,-0.05987334484743807,1.0,0.0,0.0,0.0,0.0,1.0,0.0,3.74
STU-10837,1.1368753575216726,1.0623345717266302,-0.2434624731107778,-0.298910447900227,0.2,0.6459724950884089,-0.881980426021877,0.0,1.0,0.0,0.0,0.0,0.0,1.0,5.31
STU-14906,0.6229782647816982,1.0623345717266302,0.31354630802161865,-0.04519111103035332,0.2,1.6062868369351673,1.1375935521013243,1.0,0.0,1.0,0.0,0.0,0.0,0.0,5.14
STU-14424,0.8868713664589816,1.0623345717266302,1.0644256366506246,0.9287637627604509,1.2,0.7607072691552067,0.20955670696603346,1.0,0.0,0.0,0.0,0.0,1.0,0.0,6.0
STU-13601,1.3868793485843625,0.7993712398852282,0.7839530171758324,0.17579024688856823,-1.0,1.0106090373280947,-0.21416234887737476,0.0,1.0,0.0,1.0,0.0,0.0,0.0,4.79
STU-10459,-2.015952751991143,-1.6190292381971758,-1.2206881262282128,-0.6508437216229542,0.8,-0.719842829076621,0.0,1.0,0.0,0.0,0.0,0.0,0.0,1.0,2.94
STU-13540,-0.9603803452820071,-0.6713553728998818,-1.0809438737179649,1.0269776996133044,0.0,-0.5343811394891946,1.4645941278065633,1.0,0.0,0.0,0.0,0.0,0.0,1.0,3.45
STU-10462,1.7896635564075856,1.0623345717266302,1.3985107533152335e-15,0.1921592363640443,-0.2,0.24047151277013745,0.09441565918249861,1.0,0.0,0.0,0.0,0.0,0.0,1.0,5.58
STU-11652,-0.2103683720939365,1.0623345717266302,-0.9372631633905278,0.2821886784791602,1.4,1.0027504911591358,0.32239493379389766,1.0,0.0,1.0,0.0,0.0,0.0,0.0,3.99
STU-11791,1.7896635564075856,1.0623345717266302,1.5043247977216152,1.1742986048925854,-0.8,2.3732809430255406,-0.8842832469775476,0.0,1.0,1.0,0.0,0.0,0.0,0.0,7.0
STU-11892,0.4146416055627892,0.2612304323737242,-0.5436173816715205,0.33948014164332535,0.2,-0.6129666011787821,-0.5204375359815775,1.0,0.0,0.0,0.0,0.0,1.0,0.0,4.07
STU-13301,-0.27981392516690573,-0.7273967387021479,-0.41469838815854543,-2.3941411007611157,-0.2,-1.3988212180746564,-0.8082901554404146,1.0,0.0,0.0,0.0,0.0,0.0,1.0,3.56
STU-10284,1.2896555742822047,0.10460199974687856,-0.033846094345405434,-0.9209320479683033,-0.2,-0.13516699410609032,-0.052964881980425926,1.0,0.0,0.0,0.0,0.0,0.0,1.0,4.66
STU-11707,0.06741384019794172,0.08951393972319098,1.5043247977216152,0.3067421626923739,0.0,0.16345776031434203,0.15198618307426603,1.0,0.0,0.0,0.0,0.0,1.0,0.0,4.64
STU-10154,1.0674298044487034,-0.48167690403067365,0.9945535103955,0.3558491311188014,-0.6,-0.5249508840864441,-0.8105929763960853,1.0,0.0,0.0,0.0,0.0,0.0,1.0,4.38
STU-14019,0.386863384333602,1.0623345717266302,1.5043247977216152,1.2479590575322261,-0.6,1.2117878192534381,0.9810017271157171,1.0,0.0,0.0,0.0,1.0,0.0,0.0,4.83
STU-13882,0.8452040346152008,0.0,-0.8565657781381306,-0.699950690049381,-0.2,-0.6522593320235757,-1.0523891767415086,0.0,1.0,0.0,1.0,0.0,0.0,0.0,3.87
STU-14493,0.20630494634388147,-2.960429622207826,-0.2178754972990418,0.6095684679886744,0.8,-0.6821218074656189,2.80944156591825,0.0,1.0,0.0,1.0,0.0,0.0,0.0,3.45
STU-13604,0.24797227818766227,1.0623345717266302,0.38145020536814717,-1.8621489428081555,-1.0,1.3941060903732811,-0.46747265400115146,1.0,0.0,1.0,0.0,0.0,0.0,0.0,5.45
STU-13351,-0.8492674603652558,-1.7620065688978293,-2.6250194525107715,0.7732583627434315,0.6,-1.7304518664047155,-0.46747265400115146,0.0,1.0,0.0,0.0,0.0,0.0,1.0,2.37
STU-11506,0.8452040346152008,-1.876963216697349,-0.093877076057554,-0.15158954262094526,1.2,0.0,-0.36384571099597013,0.0,1.0,1.0,0.0,0.0,0.0,0.0,3.23
STU-13738,-0.6270416905317532,1.0623345717266302,1.3311206537652513,0.07757631003571397,0.8,1.1064833005893913,1.6142774899251586,1.0,0.0,0.0,0.0,0.0,1.0,0.0,5.06
STU-12152,0.0,1.0623345717266302,1.140202449631533,0.42132508902070354,0.4,0.7921414538310415,0.7000575705238918,1.0,0.0,0.0,0.0,1.0,0.0,0.0,5.4
STU-11126,0.7340911496984495,0.5931677528948387,-0.7650431338884622,0.7814428574811692,0.4,-0.4526522593320235,-0.33621185952792176,0.0,1.0,0.0,0.0,0.0,1.0,0.0,4.38
STU-13920,1.3035446848967995,1.0623345717266302,1.2445185817870703,-0.20888100578511043,1.8,1.3862475442043223,0.5388601036269433,1.0,0.0,0.0,1.0,0.0,0.0,0.0,4.97
STU-10768,1.7896635564075856,1.0623345717266302,0.34602208501343656,0.4049560995452282,0.0,0.2813359528487232,0.7668393782383423,0.0,1.0,0.0,0.0,0.0,0.0,1.0,5.34
STU-10061,0.2757504994168507,-1.1074721554893117,-0.6567905439157343,2.8030130577024175,0.4,6.468367800681987,-0.04145077720207248,1.0,0.0,1.0,0.0,0.0,0.0,0.0,4.48
STU-10193,0.3729742737190084,1.0623345717266302,0.3519267717392219,-1.305603300641982,-0.2,-0.19174852652259344,0.08750719631548647,1.0,0.0,1.0,0.0,0.0,0.0,0.0,3.82
STU-11173,0.4701980480211648,0.3258935467609546,0.9325542997747568,0.43769407849617964,0.2,1.2620825147347743,-0.5342544617156016,0.0,1.0,0.0,0.0,1.0,0.0,0.0,5.32
STU-13154,0.3729742737190084,1.0623345717266302,-0.05352838343135608,-2.435063574449805,0.8,-0.5060903732809432,-0.34772596430627517,1.0,0.0,0.0,0.0,0.0,1.0,0.0,4.91
STU-10650,0.24797227818766227,1.0623345717266302,0.9512524744064095,-2.3859566060233783,0.2,0.08487229862475458,-0.5503742084052965,1.0,0.0,0.0,0.0,0.0,0.0,1.0,4.31
STU-12216,0.09519206142713017,1.0623345717266302,-0.3231757439088756,-1.8785179322836316,-0.4,0.5532416502946955,0.320092112838227,1.0,0.0,1.0,0.0,0.0,0.0,0.0,4.36
STU-10674,-1.4603883274073866,-0.46012253256826385,-0.9677707114737512,0.5440925100867715,0.0,-0.6223968565815323,-0.35233160621761667,1.0,0.0,0.0,1.0,0.0,0.0,0.0,3.38
STU-12235,0.7479802603130431,0.5895753576511039,-1.9961703162146567,1.4280179417624592,-0.4,0.03929273084479372,1.8215313759355216,0.0,1.0,0.0,0.0,0.0,0.0,1.0,4.76
STU-10610,1.7896635564075856,0.1182531016730714,0.23186480831492337,-0.24161898473606186,0.6,0.056581532416502864,1.9412780656303974,0.0,1.0,0.0,0.0,0.0,1.0,0.0,5.05
STU-10835,-0.5437070268441891,0.40277080497688317,0.7632866136355838,0.2658196890036848,-0.6,-0.13831041257367374,-0.04375359815774313,1.0,0.0,1.0,0.0,0.0,0.0,0.0,3.97
STU-10986,-1.1826061151155085,1.0623345717266302,0.24072183840360137,-0.31527943737570235,-0.6,0.33634577603143434,0.8566493955094993,1.0,0.0,1.0,0.0,0.0,0.0,0.0,4.26
STU-10304,0.7757584815422303,-0.7087162834347266,-1.250211559857138,-2.0176543428251748,0.6,-0.7559921414538311,-1.0523891767415086,1.0,0.0,0.0,0.0,0.0,0.0,1.0,3.4
STU-14921,0.0,-1.2023113899239153,-1.0091035185542472,-1.5593226375118556,-0.8,-0.8927308447937132,0.08981001727115731,1.0,0.0,0.0,0.0,0.0,1.0,0.0,3.09
STU-11306,-0.6548199117609405,-0.14542870921707793,0.0015820260093051674,0.07757631003571397,1.4,-0.3944990176817289,0.9902130109383996,0.0,1.0,1.0,0.0,0.0,0.0,0.0,4.34
STU-14559,-0.15481192963556084,-1.3330745767958698,-0.491459315593752,-0.4789693321304595,0.6,-0.014145383104125716,1.367875647668394,1.0,0.0,0.0,1.0,0.0,0.0,0.0,3.12
STU-11401,0.33130694187522636,1.0623345717266302,1.5043247977216152,-0.6426592268852166,0.4,1.2070726915520633,2.80944156591825,1.0,0.0,0.0,0.0,1.0,0.0,0.0,5.28
STU-11050,0.12297028265631738,0.8352951923225782,0.38046609091384914,0.4049560995452282,0.2,-0.9100196463654225,0.13356361542890044,1.0,0.0,0.0,0.0,0.0,0.0,1.0,4.71
STU-14639,-1.0159367877403815,0.3460109601258707,0.5261150301498823,-0.7408731637380709,0.0,0.14459724950884087,-0.45365572826712725,1.0,0.0,0.0,0.0,0.0,0.0,1.0,4.39
STU-14331,-0.6825981329901288,-0.17632330831319842,-1.1340860542500315,-0.09429807945678081,-0.8,-0.35520628683693517,-0.6470926885434658,1.0,0.0,0.0,0.0,0.0,0.0,1.0,3.67
STU-13152,-1.3076081106468547,-0.8797142970365124,-0.7955506819716854,-0.05337560576809099,0.0,-1.02475442043222,0.0,1.0,0.0,0.0,0.0,0.0,0.0,1.0,2.93
STU-12695,-2.377069627970584,-0.4809584249819273,-2.0630900991068883,0.11031428898666538,1.0,-0.37721021611001976,0.19804260218768002,1.0,0.0,0.0,0.0,1.0,0.0,0.0,2.74
STU-13179,0.9424278089173572,-0.4040811667659977,-0.31825517163738826,-1.2892343111665066,0.2,-0.6994106090373282,-0.2579159470351181,1.0,0.0,0.0,1.0,0.0,0.0,0.0,3.32
STU-13888,-0.5992634693025648,1.0623345717266302,1.5043247977216152,0.7405203837924801,0.4,0.8110019646365427,-0.3293033966609096,1.0,0.0,0.0,0.0,0.0,1.0,0.0,4.48
STU-14448,0.06741384019794172,1.0623345717266302,1.173662341077649,0.8714722995962858,-0.6,0.7497053045186644,0.5526770293609672,1.0,0.0,0.0,0.0,1.0,0.0,0.0,4.83
STU-13701,0.386863384333602,-0.023287270930087617,0.5005280543381463,-0.3480174163266538,-0.2,-0.21532416502946947,-0.02072538860103624,1.0,0.0,0.0,0.0,0.0,0.0,1.0,4.32
STU-12173,1.317433795511393,-0.36743873527990134,-0.7315832424423462,-1.698459048053399,1.8,0.6223968565815327,-1.0546919976971791,1.0,0.0,0.0,0.0,1.0,0.0,0.0,4.6
STU-10813,-1.0576041195841634,-1.5651433095411509,-1.3053219692977993,-1.035514974296633,0.8,0.0,-0.386873920552677,1.0,0.0,0.0,0.0,0.0,0.0,1.0,3.12
STU-13769,0.5118653798649468,1.0623345717266302,-0.8250741156006107,-0.6426592268852166,-0.2,1.0829076620825147,-0.5526770293609673,0.0,1.0,0.0,0.0,0.0,0.0,1.0,4.38
STU-10374,-0.9881585665111943,-0.6735108100461229,0.7996988484445924,-3.2780665324368035,0.8,-1.0546168958742634,-0.048359240069084625,1.0,0.0,1.0,0.0,0.0,0.0,0.0,3.48
STU-14596,1.1785426893654534,1.0623345717266302,0.03307368854682508,0.4458785732339173,0.4,0.5988212180746564,0.24870466321243528,0.0,1.0,0.0,0.0,0.0,0.0,1.0,4.92
STU-10951,1.7896635564075856,0.20878146181519386,1.3985107533152335e-15,1.0842691627774697,0.4,-0.2530451866404715,-0.5618883131836501,0.0,1.0,0.0,0.0,0.0,0.0,1.0,5.41
STU-14857,0.09519206142713017,0.35750662490582247,-1.033706379911685,0.9696862364491393,0.4,-0.025147347740668003,-0.36614853195164077,1.0,0.0,0.0,0.0,1.0,0.0,0.0,3.96
STU-13770,1.0118733619903277,1.0623345717266302,1.4620078761868212,-1.2073893637891278,0.4,1.0074656188605113,0.47207829591249284,1.0,0.0,0.0,0.0,0.0,1.0,0.0,5.56
STU-10091,0.10908117204172377,1.0623345717266302,1.0821396968279793,-0.48715382686819714,-0.8,0.4683693516699412,-0.42141623488773744,1.0,0.0,1.0,0.0,0.0,0.0,0.0,4.25
STU-14673,0.7479802603130431,0.46743391936411366,1.5043247977216152,-1.051883963772109,-0.2,0.44793713163064836,1.2642487046632125,1.0,0.0,0.0,0.0,0.0,0.0,1.0,5.79
STU-11228,-0.43259414192743784,1.0623345717266302,-0.35761974980928957,0.8223653311698583,0.4,-0.0848722986247543,-0.7852619458837076,1.0,0.0,0.0,0.0,1.0,0.0,0.0,4.52
STU-14548,-1.946507198918174,-1.6254955496358987,-1.8111567988067236,-1.739381521742088,0.0,-1.5528487229862475,0.15659182498560753,1.0,0.0,0.0,1.0,0.0,0.0,0.0,1.96
STU-14132,-0.8214892391360673,-0.8294207636242221,-0.5416491527629259,0.24945069952820875,-0.2,0.0,-0.0046056419113412956,1.0,0.0,0.0,0.0,0.0,1.0,0.0,3.93
STU-11320,0.7202020390838558,-1.4681486379603057,-1.0779915303550722,0.09394529951119004,0.4,-1.1662082514734775,1.1122625215889468,0.0,1.0,0.0,1.0,0.0,0.0,0.0,3.52
STU-14109,0.09519206142713017,0.4573752126816556,1.028013401841616,0.699597910103791,-1.0,-0.2577603143418469,-0.06447898675877957,1.0,0.0,0.0,0.0,0.0,0.0,1.0,4.53
STU-14777,-0.09925548717718521,1.0623345717266302,-0.35171506308350425,0.1430522679376168,0.8,0.5548133595284872,-0.7691421991940127,1.0,0.0,0.0,0.0,0.0,1.0,0.0,4.5
STU-10238,-0.0020317128750275202,-1.8151740185051068,-1.7353799858258152,-1.8867024270213693,0.0,0.025147347740668003,0.0,0.0,1.0,0.0,0.0,1.0,0.0,0.0,3.66
STU-12230,0.553532711708729,0.581672088114887,-0.17457446130995122,-0.5853677637210514,0.8,0.8094302554027507,-0.09671848013816925,1.0,0.0,1.0,0.0,0.0,0.0,0.0,3.46
STU-10090,0.9840951407611392,0.9811464392182194,1.0752508956478972,-0.11885156366999385,0.2,0.4888015717092338,-0.3062751871042027,1.0,0.0,0.0,0.0,1.0,0.0,0.0,4.56
STU-10800,0.2618613888022571,-0.12315585870592073,0.6225582466710394,0.7568893732679555,-0.6,0.0,-0.6194588370754175,1.0,0.0,0.0,0.0,1.0,0.0,0.0,4.06
STU-13505,0.9424278089173572,1.0623345717266302,0.2791023021212046,1.0515311838265176,0.2,0.5045186640471515,-1.1905584340817503,1.0,0.0,0.0,0.0,0.0,1.0,0.0,5.21
STU-13232,0.0,1.0623345717266302,0.9256654985946748,0.8551033101208104,-0.2,2.3559921414538314,-0.5595854922279793,1.0,0.0,0.0,0.0,0.0,1.0,0.0,5.69
STU-12208,0.8590931452297944,-0.5837009289527478,-1.4647485108939977,1.4525714259756723,-0.2,-0.35992141453831034,1.6764536557282674,1.0,0.0,0.0,0.0,1.0,0.0,0.0,3.4
STU-14456,0.0,0.9775540439744836,-0.020068491985240123,-1.7148280375288745,0.6,0.44793713163064836,1.1421991940126657,1.0,0.0,0.0,0.0,0.0,1.0,0.0,4.34
STU-11210,1.081318915063297,1.0623345717266302,1.5043247977216152,0.977870731186877,0.8,0.42593320235756404,-0.8451352907311458,1.0,0.0,0.0,0.0,1.0,0.0,0.0,4.22
STU-14816,0.4007524949481956,1.0623345717266302,1.4275638702864086,0.5195390258735578,-1.0,0.5280943025540275,-0.44905008635578586,0.0,1.0,0.0,0.0,1.0,0.0,0.0,5.09
STU-12136,0.05352472958334813,1.0623345717266302,0.9945535103955,0.1921592363640443,9.4,0.5249508840864441,0.2671272308578009,1.0,0.0,0.0,0.0,0.0,1.0,0.0,5.31
STU-12362,0.23408316757306866,-1.4803627817890048,-0.8063759409689581,1.0269776996133044,-0.6,-1.6455795677799607,0.9510650546919978,1.0,0.0,1.0,0.0,0.0,0.0,0.0,2.66
STU-10361,-0.9048239028236315,0.6499275977458522,-2.3199439716785406,1.4362024365001969,0.2,-0.18546168958742631,1.8353483016695453,1.0,0.0,0.0,1.0,0.0,0.0,0.0,3.92
STU-11167,0.3729742737190084,0.38552730780695554,-1.0809438737179649,-2.598753469204562,1.4,-0.04086444007858543,-0.32239493379389744,1.0,0.0,0.0,0.0,0.0,0.0,1.0,4.18
STU-14998,-0.7381545754485045,-2.3245756640667303,-1.664523745116394,0.2658196890036848,0.8,-1.3736738703339886,0.0,1.0,0.0,0.0,0.0,1.0,0.0,0.0,2.51
STU-12885,0.6924238178546674,-1.8338544737725293,0.2731976153954193,0.2903731732168986,-0.2,0.0,0.75993091537133,0.0,1.0,0.0,0.0,0.0,0.0,1.0,3.73
STU-12644,-0.7242654648339096,0.9416300915371336,0.14231039297384956,-2.034023332300651,-0.8,0.3866404715127703,-0.6332757628094416,0.0,1.0,1.0,0.0,0.0,0.0,0.0,4.36
STU-11883,-1.113160562042539,1.0623345717266302,0.3214192236559986,1.796320204960662,-0.4,0.25147347740667975,-0.7092688543465746,1.0,0.0,0.0,0.0,0.0,0.0,1.0,4.54
STU-14152,0.8174258133860123,1.0623345717266302,1.5043247977216152,-1.3874482480193608,-1.0,2.6467583497053053,0.0,0.0,1.0,0.0,0.0,1.0,0.0,0.0,5.64
STU-12097,-0.9603803452820071,0.3373892115409064,-0.660727001732925,0.2740041837414225,0.4,0.2090373280943026,1.259643062751871,0.0,1.0,0.0,0.0,1.0,0.0,0.0,4.12
STU-12365,0.16463761450009942,-0.657704270973689,-1.8908700696048228,-1.4365552164457878,-0.8,-0.4762278978388998,0.320092112838227,1.0,0.0,0.0,0.0,0.0,1.0,0.0,3.18
STU-12946,-0.4048159206982506,1.0623345717266302,0.5959871564050054,0.4786165521848687,-0.2,0.6742632612966604,1.2872769142199199,1.0,0.0,0.0,0.0,0.0,1.0,0.0,4.73
STU-11344,-2.349291406741397,-0.04987099573372696,-1.252179788765734,1.0024242154000915,1.2,0.6082514734774069,-0.14507772020725387,1.0,0.0,1.0,0.0,0.0,0.0,0.0,3.53
STU-13428,-0.8631565709798494,1.0623345717266302,-0.7158374111735862,-1.2401273427400792,0.4,0.4652259332023578,1.073114565342545,1.0,0.0,0.0,0.0,0.0,0.0,1.0,4.63
STU-12708,0.34519605248981994,0.7957788446414934,0.37751374755095646,-2.4759860481384943,-0.8,0.16345776031434203,0.062176165803108925,0.0,1.0,0.0,1.0,0.0,0.0,0.0,5.42
STU-11133,-1.6548358760117021,-0.6189064023413515,-0.9697389403823459,-0.12703605840773224,-0.4,-0.4400785854616895,-0.5710995970063328,1.0,0.0,0.0,0.0,1.0,0.0,0.0,2.93
STU-11371,-0.349259478239875,-0.02616118712507607,-0.870343380498296,-0.3725709005398675,-0.6,0.3929273084479372,-0.09441565918249861,1.0,0.0,0.0,0.0,0.0,0.0,1.0,3.79
STU-11369,0.8729822558443879,-0.8136142245517882,0.8085558785332704,0.7405203837924801,0.0,-0.34420432220039293,0.0069084628670121485,1.0,0.0,1.0,0.0,0.0,0.0,0.0,4.75
STU-11769,-0.9881585665111943,0.5220383270688861,-1.7530940460031696,-1.5838761217250688,-1.0,-0.20746561886051088,2.5123776626367302,1.0,0.0,1.0,0.0,0.0,0.0,0.0,4.64
STU-10711,0.9563169195319521,1.0623345717266302,1.3163589369507895,0.9696862364491393,-1.0,0.3080550098231829,-0.09671848013816925,0.0,1.0,0.0,0.0,0.0,1.0,0.0,4.61
STU-12022,1.4424357910427381,0.1764499046215786,1.3985107533152335e-15,-2.2140822165308833,0.0,-0.8990176817288803,-0.8566493955094993,0.0,1.0,0.0,0.0,1.0,0.0,0.0,4.15
STU-12717,-0.4464832525420327,1.0623345717266302,0.14821507969963488,2.5902161945212336,1.4,-0.6742632612966603,0.8727691421991941,1.0,0.0,0.0,0.0,0.0,0.0,1.0,4.03
STU-11889,-1.529833880480356,-0.32145607616009325,-1.7727763350891204,0.4786165521848687,-0.2,-1.2102161100196467,0.37305699481865295,0.0,1.0,1.0,0.0,0.0,0.0,0.0,3.03
STU-10485,-0.4881505843858135,-0.08292103197608854,-0.50818926131681,0.10212979424892772,-0.2,0.5673870333988212,-0.7714450201496834,0.0,1.0,0.0,1.0,0.0,0.0,0.0,3.95
STU-10080,-1.3909427743344174,-0.4788029878356862,1.5043247977216152,1.5262318786153128,-1.0,-0.6554027504911593,0.36384571099597013,1.0,0.0,0.0,0.0,0.0,1.0,0.0,3.9
STU-10576,0.9424278089173572,0.4178588650005708,0.04783540536128841,0.830549825907596,0.0,0.718271119842829,-0.33160621761658027,0.0,1.0,0.0,1.0,0.0,0.0,0.0,5.6
STU-12984,-0.08536637656259037,0.3840903497094618,-0.011211461896563522,-1.1337289111494873,0.2,0.46051080550098233,-0.36154289004029927,1.0,0.0,0.0,1.0,0.0,0.0,0.0,4.53
STU-12888,-1.9881745307619547,0.12759332930678208,1.3985107533152335e-15,0.3149266574301116,-1.0,-0.6098231827111984,1.4691997697179047,1.0,0.0,0.0,1.0,0.0,0.0,0.0,3.61
STU-14187,-0.29370303578149937,-0.2819397284790074,-0.25133538874515776,-0.49533832160593483,0.0,-0.7292730844793713,-0.3822682786413357,1.0,0.0,0.0,0.0,1.0,0.0,0.0,3.71
STU-12608,1.039651583219515,0.2914065524210983,-0.6656475740044123,-2.2304512060063586,-1.0,0.4872298624754421,-0.039147956246401834,1.0,0.0,0.0,0.0,0.0,0.0,1.0,5.24
STU-14873,-1.4187209955636046,-2.956837226964091,-2.00305911739474,-0.3971243847530813,-0.6,-1.7304518664047155,0.24409902130109398,1.0,0.0,0.0,0.0,0.0,1.0,0.0,1.0
STU-13007,1.0674298044487034,-1.5098204227876315,-1.1990376082336673,0.0,1.8,-1.3736738703339886,0.518134715025907,0.0,1.0,0.0,1.0,0.0,0.0,0.0,3.65
STU-13681,0.7896475921568251,0.10963135308810708,0.1757702844199655,0.16760575215083057,-1.0,-0.46051080550098233,-0.4075993091537133,1.0,0.0,0.0,0.0,0.0,1.0,0.0,4.73
STU-13735,-1.0992714514279456,1.0156334335580748,1.3985107533152335e-15,-0.675397205836168,0.0,0.40235756385068777,-0.03684513529073118,0.0,1.0,0.0,1.0,0.0,0.0,0.0,4.64
STU-10379,-1.252051668188479,-0.2000331169218493,-0.05844895570284339,2.189175952372079,0.4,0.0,-0.310880829015544,1.0,0.0,0.0,0.0,1.0,0.0,0.0,4.31
STU-10542,0.8174258133860123,-0.9953894238847795,0.44640175935178306,1.7226597523210212,0.6,0.44007858546168976,-0.234887737478411,1.0,0.0,0.0,0.0,0.0,1.0,0.0,3.58
STU-12543,-0.5437070268441891,-0.40695508296098615,0.7632866136355838,-0.6181057426720028,1.2,0.4793713163064835,0.6655152561888313,1.0,0.0,0.0,0.0,0.0,0.0,1.0,4.25
STU-14463,1.3729902379697687,1.0623345717266302,1.5043247977216152,0.12668327846214147,0.8,1.0153241650294695,1.3172135866436385,1.0,0.0,0.0,0.0,0.0,1.0,0.0,5.64
STU-11165,0.17852672511469303,0.18076077891406078,0.2554835552180647,-0.06156010050582939,0.8,-0.19803536345776032,-0.31548647092688553,1.0,0.0,0.0,0.0,0.0,0.0,1.0,4.62
STU-13223,0.4146416055627892,0.7663212036428656,-0.06632187133722336,-0.20069651104737277,-0.4,-0.3677799607072692,0.7553252734599887,1.0,0.0,0.0,1.0,0.0,0.0,0.0,4.42
STU-14490,0.0,-1.0449644782483223,-0.28085882237408305,1.100638152252945,-1.0,-0.9351669941060906,-0.02072538860103624,0.0,1.0,0.0,0.0,0.0,1.0,0.0,4.24
STU-12514,1.7896635564075856,0.23464670757008582,0.5369402891471549,0.5931994785131991,0.6,0.06129666011787829,-0.2072538860103626,0.0,1.0,0.0,0.0,0.0,1.0,0.0,5.33
STU-14098,-2.1548438581370815,-1.859719719527421,-3.0540933545844893,1.1170071417284204,0.8,-0.6569744597249509,0.1174438687392055,1.0,0.0,0.0,0.0,0.0,1.0,0.0,2.5
STU-14347,-1.3353863318760417,-1.3036169357972431,-0.8319629167806927,1.788135710222924,0.2,-0.41021611001964636,0.11053540587219356,1.0,0.0,0.0,0.0,0.0,1.0,0.0,2.79
STU-13637,0.4701980480211648,-0.15261349970454752,0.9886488236697161,0.0,-0.8,-0.8047151277013754,0.584916522740357,1.0,0.0,0.0,0.0,0.0,1.0,0.0,3.97
STU-10028,0.34519605248981994,0.0,-0.4176507315214381,0.3804026153320144,-0.4,0.14616895874263258,-0.09441565918249861,1.0,0.0,0.0,0.0,0.0,1.0,0.0,3.11
STU-10110,0.5674218223233225,1.0623345717266302,1.3025813345906243,-0.3070949426379647,0.0,0.8550098231827112,0.04605641911341398,0.0,1.0,1.0,0.0,0.0,0.0,0.0,6.07
STU-14973,0.7757584815422303,-0.39043006483980486,0.5054486266096335,-0.5198918058191486,-1.0,0.33634577603143434,0.7622337363270006,0.0,1.0,0.0,1.0,0.0,0.0,0.0,4.71
STU-12106,0.0,-0.7733793978219561,-0.7935824530630894,-2.1567907533667183,-0.2,-0.06758349705304516,-0.10362694300518141,1.0,0.0,0.0,0.0,0.0,0.0,1.0,3.92
STU-10765,0.0,0.926542031513447,0.9709347634923601,-1.0191459848211575,1.0,-0.6475442043222005,0.10362694300518141,0.0,1.0,0.0,0.0,0.0,1.0,0.0,3.39
STU-11618,-0.4464832525420327,-0.008199210906401055,-0.02400494980243081,0.6013839732509367,1.2,-0.8471512770137526,-0.508923431203224,1.0,0.0,1.0,0.0,0.0,0.0,0.0,4.16
STU-11487,-0.27981392516690573,0.6915993825731781,1.5043247977216152,-1.5102156690854283,-0.4,1.1237721021611005,-0.27633851468048365,1.0,0.0,0.0,0.0,0.0,1.0,0.0,4.25
STU-11108,-1.7103923184700764,-1.8022413956276608,1.3985107533152335e-15,-1.3792637532816225,-0.4,-1.4962671905697449,1.139896373056995,1.0,0.0,0.0,0.0,0.0,0.0,1.0,1.59
STU-13285,0.09519206142713017,1.0623345717266302,1.5043247977216152,-0.08611358471904242,1.2,1.343811394891945,-0.6355785837651123,1.0,0.0,0.0,0.0,1.0,0.0,0.0,5.28
STU-14285,-0.140922819020966,0.8496647732975184,-0.3733655810780495,-0.9373010374437787,-0.4,0.20275049115913574,-0.5526770293609673,0.0,1.0,0.0,0.0,1.0,0.0,0.0,4.52
STU-12144,1.7896635564075856,1.0623345717266302,-0.029909636528216144,1.2152210785812754,1.0,2.029076620825148,0.0,0.0,1.0,0.0,0.0,0.0,0.0,1.0,5.75
STU-10097,-0.557596137458784,-0.3976148553272745,-0.02400494980243081,-1.5102156690854283,-0.4,-0.09901768172888002,0.08520437535981581,1.0,0.0,0.0,1.0,0.0,0.0,0.0,3.26
STU-11024,0.553532711708729,1.0623345717266302,-0.45799942414763606,-0.004268637341664224,1.0,0.7748526522593324,0.03684513529073118,1.0,0.0,1.0,0.0,0.0,0.0,0.0,5.01
STU-14494,-0.5298179162295955,0.723212460718046,1.5043247977216152,-0.822718111115449,-1.0,0.08172888015717086,0.4743811168681637,0.0,1.0,0.0,1.0,0.0,0.0,0.0,4.27
STU-14571,1.7896635564075856,1.0623345717266302,0.5566225782331056,-2.819734827123484,0.8,0.6286836935166998,-0.5066206102475532,0.0,1.0,0.0,0.0,0.0,0.0,1.0,5.04
STU-12657,-0.2242574827085301,-1.327326744405894,-1.0435475244546597,0.13486777319987914,-0.8,0.03929273084479372,0.8036845135290731,1.0,0.0,0.0,0.0,1.0,0.0,0.0,2.32
STU-11461,0.9424278089173572,1.0623345717266302,-0.6971392365419337,-0.7899801321644976,0.4,0.09115913555992144,0.9372481289579735,0.0,1.0,0.0,1.0,0.0,0.0,0.0,4.92
STU-13365,-0.8909347922090366,0.7239309397667933,-0.4461900506960654,0.6586754364151012,-0.8,-0.21689587426326118,1.1329879101899831,0.0,1.0,0.0,0.0,0.0,0.0,1.0,3.56
STU-14685,0.011857397739566082,-0.04412316334375108,-1.089800903806643,-0.23343448999832417,1.0,-0.7324165029469549,-0.6563039723661486,1.0,0.0,0.0,0.0,0.0,1.0,0.0,4.13
STU-11755,0.3174178312606327,0.4171403859518234,-0.3645085509893715,-1.3547102690684094,0.2,-0.16345776031434173,0.40759930915371345,0.0,1.0,0.0,1.0,0.0,0.0,0.0,4.02
STU-12221,-1.0576041195841634,0.20518906657145802,0.7711595292699638,0.1430522679376168,-0.2,0.048722986247544293,-0.8497409326424872,1.0,0.0,0.0,0.0,1.0,0.0,0.0,4.53
STU-14307,-1.529833880480356,-0.9450958904724892,-1.446050336262345,1.0269776996133044,0.2,-0.8707269155206289,-0.19113413932066786,0.0,1.0,0.0,0.0,0.0,0.0,1.0,3.25
STU-14447,0.06741384019794172,0.2957174267135805,0.5950030419507087,-0.08611358471904242,0.2,0.9477406679764244,0.0,0.0,1.0,0.0,0.0,1.0,0.0,0.0,5.59
STU-11435,-0.2242574827085301,-0.9551545971549472,0.35783145846500586,1.7144752575832836,0.2,-1.0499017681728882,-0.7345998848589523,1.0,0.0,0.0,1.0,0.0,0.0,0.0,4.11
STU-11574,-0.5714852480733775,1.0623345717266302,1.0909967269166572,0.0,0.8,0.4573673870333989,0.667818077144502,1.0,0.0,0.0,0.0,0.0,1.0,0.0,4.53
STU-10300,0.3729742737190084,-1.082325388783166,-0.846724633595156,-0.5608142795078377,-0.2,-0.3426326129666012,-0.14047207829591238,0.0,1.0,0.0,0.0,1.0,0.0,0.0,4.59
STU-13557,0.386863384333602,1.0623345717266302,1.0014423115755835,0.20852822583951966,-0.8,0.9901768172888016,-0.5987334484743811,1.0,0.0,1.0,0.0,0.0,0.0,0.0,5.47
STU-12475,-1.7520596503138586,0.3812164335144734,-1.8613466359758977,-0.2907259531624886,-0.2,-0.2829076620825146,-0.7645365572826713,1.0,0.0,0.0,0.0,1.0,0.0,0.0,3.45
STU-10553,0.3035287206460379,0.46168608697413777,1.2691214431445084,0.3149266574301116,1.2,0.13045186640471515,-0.16810592976396077,1.0,0.0,0.0,0.0,0.0,0.0,1.0,3.95
STU-10333,0.2757504994168507,0.016947555799744576,0.4473858738060811,-1.1828358795759146,-0.6,0.6176817288801573,0.356937248128958,0.0,1.0,0.0,0.0,0.0,0.0,1.0,4.26
STU-12438,1.567437786574083,-0.09729061295102875,0.11081873043632964,-0.9045630584928273,0.4,0.21846758349705317,-0.5572826712723087,0.0,1.0,0.0,0.0,0.0,0.0,1.0,4.46
STU-12775,0.386863384333602,0.7943418865439987,0.640272306848394,0.20852822583951966,-0.8,0.5972495088408647,-0.7737478411053541,1.0,0.0,0.0,0.0,1.0,0.0,0.0,4.77
STU-14259,0.4701980480211648,-2.3137984783355257,0.8479204567051704,-1.6575365743647092,-1.0,0.31434184675834975,-0.27403569372481285,1.0,0.0,1.0,0.0,0.0,0.0,0.0,3.39
STU-13673,1.7896635564075856,-0.3422919685737557,1.3985107533152335e-15,-1.9358093954477966,-0.4,-0.32534381139489205,-0.5020149683362118,1.0,0.0,0.0,0.0,0.0,1.0,0.0,4.84
STU-12892,1.3868793485843625,0.0,-0.41469838815854543,-0.02063762681713957,0.2,-0.27662082514734776,-0.08290155440414496,1.0,0.0,0.0,0.0,0.0,1.0,0.0,4.41
STU-11972,-0.6825981329901288,-2.9654589755490552,-2.5964801333361436,-1.452924205921263,-1.0,-0.8141453831041259,0.041450777202072686,1.0,0.0,0.0,0.0,0.0,0.0,1.0,1.59
STU-10504,0.45630893740657125,-1.3294821815521352,0.5497337770530222,1.0106087101378292,1.4,0.719842829076621,0.0,0.0,1.0,0.0,0.0,0.0,1.0,0.0,4.45
STU-14195,1.650772450261647,0.8834332885886275,0.1491991941539329,0.5359080153490339,-0.4,0.8660117878192536,0.2118595279217041,1.0,0.0,1.0,0.0,0.0,0.0,0.0,4.79
STU-11591,-0.3770376994690622,-0.2546375246266217,0.09408878471327166,-0.31527943737570235,0.0,-0.5469548133595287,-0.8566493955094993,1.0,0.0,0.0,0.0,0.0,1.0,0.0,3.12
STU-12485,1.0674298044487034,1.0623345717266302,1.1461071363573185,-0.31527943737570235,-1.0,0.4542239685658155,-0.8981001727115718,1.0,0.0,0.0,0.0,1.0,0.0,0.0,5.55
STU-10931,0.3729742737190084,0.5529329261650066,-0.5377126949457353,-0.028822121554877973,0.4,-0.7056974459724953,-0.6125503742084053,1.0,0.0,0.0,0.0,0.0,1.0,0.0,4.19
STU-10261,-0.6964872436047225,-0.6612966662174238,1.3985107533152335e-15,-0.8390871005909244,1.6,0.1335952848722986,0.16580310880829013,0.0,1.0,1.0,0.0,0.0,0.0,0.0,2.99
STU-10818,0.4146416055627892,0.063648693968299,1.5043247977216152,0.012100352133811124,-1.0,-0.6145383104125738,-0.4122049510650548,1.0,0.0,0.0,0.0,0.0,0.0,1.0,4.54
STU-14803,-2.696519172106244,-0.4055181248634924,-2.8671116082679613,1.076084668039732,0.2,-1.477406679764244,-0.538860103626943,1.0,0.0,0.0,0.0,0.0,1.0,0.0,2.3
STU-14366,1.7896635564075856,1.0623345717266302,0.5123374277897169,-0.2170655005228481,0.0,0.669548133595285,-0.5895221646516984,0.0,1.0,0.0,0.0,0.0,0.0,1.0,4.91
STU-12320,-0.3631485888544686,1.0623345717266302,0.0783429534445117,1.1824830996303233,0.4,0.4275049115913558,0.9096142774899253,1.0,0.0,0.0,0.0,1.0,0.0,0.0,4.48
STU-14623,-0.8353783497506609,0.43222844597551097,-0.1253687385950753,0.5359080153490339,-0.4,-0.36620825147347746,-0.2878526194588371,1.0,0.0,0.0,0.0,0.0,1.0,0.0,3.39
STU-13976,0.9563169195319521,1.0623345717266302,-1.0130399763714364,2.5738472050457584,-1.0,1.2479371316306485,0.6793321819228556,0.0,1.0,0.0,1.0,0.0,0.0,0.0,5.13
STU-11328,-0.7242654648339096,-0.1511765416070538,-0.627267110286809,0.5359080153490339,-0.6,0.44793713163064836,0.0069084628670121485,0.0,1.0,0.0,0.0,0.0,1.0,0.0,4.78
STU-11695,0.9285386983027636,1.0623345717266302,0.7308108366437659,-0.7899801321644976,-1.0,0.7371316306483301,1.1214738054116293,1.0,0.0,0.0,0.0,0.0,0.0,1.0,5.41
STU-11736,0.6785347072400738,1.0623345717266302,1.3985107533152335e-15,-0.929116542706041,0.6,0.8251473477406684,-0.5066206102475532,1.0,0.0,1.0,0.0,0.0,0.0,0.0,5.65
STU-13042,1.2757664636676112,1.0623345717266302,0.6343676201226087,2.1400689839456515,-0.2,0.7292730844793712,2.0241796200345425,1.0,0.0,0.0,0.0,0.0,1.0,0.0,4.99
STU-12936,-0.8076001285214738,-2.0501166674453764,-0.5131098335882973,0.003915857396073449,-0.6,-0.976031434184676,0.5987334484743814,1.0,0.0,0.0,0.0,1.0,0.0,0.0,2.43
STU-11032,0.5396436010941341,-0.1964407216781145,1.5043247977216152,-0.7490576584758085,-0.6,-0.047151277013752296,0.2993667242371906,1.0,0.0,0.0,1.0,0.0,0.0,0.0,5.02
STU-12427,0.6785347072400738,-0.04268620524625635,-1.2620209333087087,1.9272721207644674,-0.6,-0.35834970530451865,-0.03684513529073118,1.0,0.0,0.0,0.0,1.0,0.0,0.0,3.54
STU-10899,-0.16870104025015445,-0.585856366098989,1.5043247977216152,0.7159668995792663,-0.8,-0.20117878192534375,0.2855497985031665,1.0,0.0,0.0,0.0,0.0,0.0,1.0,3.87
STU-12998,-0.19647926147934167,1.0623345717266302,1.2012175457979797,-0.6917661953116434,-0.8,1.7304518664047155,0.02763385146804839,1.0,0.0,0.0,0.0,0.0,0.0,1.0,5.62
STU-10784,0.5257544904795405,-0.8107403083567998,-1.0917691327152377,1.7799512154851864,-0.6,-0.5752455795677801,-0.2210708117443869,1.0,0.0,0.0,0.0,0.0,1.0,0.0,4.01
STU-12219,0.09519206142713017,1.019944307850557,0.30075282011574994,1.0679001733019944,0.2,-0.7559921414538311,0.12204951065054699,1.0,0.0,0.0,0.0,1.0,0.0,0.0,4.21
STU-13987,1.081318915063297,0.9847388344619542,0.9010626372372369,0.8878412890717611,1.0,-0.6742632612966603,-0.08290155440414496,1.0,0.0,0.0,0.0,0.0,1.0,0.0,4.78
STU-10268,0.9702060301465456,0.0,-0.04073489552548879,-0.2907259531624886,1.2,0.1948919449901769,0.0,0.0,1.0,0.0,0.0,0.0,0.0,1.0,4.58
STU-10107,-0.26592481455231215,-0.629683588072556,-0.7699637061599495,-0.15977403735868367,0.8,-0.21060903732809433,-0.4812895797351756,1.0,0.0,0.0,0.0,0.0,0.0,1.0,3.63
STU-12278,-1.113160562042539,0.238957581862568,1.239598009515583,0.32311115216785,-1.0,-0.6994106090373282,1.4415659182498564,0.0,1.0,0.0,0.0,0.0,0.0,1.0,4.32
STU-10425,0.6785347072400738,0.47821110509531906,-0.48653874332226466,-0.8309026058531868,-0.8,-0.23104125736738718,1.2780656303972369,1.0,0.0,1.0,0.0,0.0,0.0,0.0,4.51
STU-14261,0.16463761450009942,0.8625973961749639,0.706207975286328,-1.346525774330671,1.0,-0.900589390962672,0.845135290731146,1.0,0.0,0.0,0.0,0.0,1.0,0.0,3.83
STU-14942,-0.05758815533340317,-1.198000515631433,-0.1785109191271405,-1.2483118374778168,-0.6,-0.20432220039292717,0.3385146804835924,0.0,1.0,0.0,1.0,0.0,0.0,0.0,3.0
STU-13423,0.8313149240006059,0.4286360507317762,-1.0966897049867264,-0.3971243847530813,0.4,0.12888015717092344,1.2181922855497986,1.0,0.0,0.0,0.0,1.0,0.0,0.0,3.96
STU-13465,-0.349259478239875,1.0623345717266302,-0.06041718461143943,-0.24980347947379952,-0.6,0.16660117878192546,2.2913068508923433,0.0,1.0,0.0,0.0,1.0,0.0,0.0,4.22
STU-12487,-0.43259414192743784,0.4688708774616073,0.8636662879739303,-1.0682529532475844,0.0,0.08958742632612973,0.6378814047207831,1.0,0.0,0.0,0.0,0.0,0.0,1.0,4.46
STU-14253,0.0,1.0623345717266302,1.3773740331172346,-0.4380468584417704,0.8,1.5402750491159136,-0.5664939550949915,1.0,0.0,0.0,0.0,1.0,0.0,0.0,5.57
STU-14279,0.0,0.7706320779353478,1.255343840784343,-1.321972290117458,0.6,-0.4683693516699412,-0.24640184225676443,1.0,0.0,1.0,0.0,0.0,0.0,0.0,3.62
STU-13093,1.0118733619903277,0.0,0.3430697416505439,-0.8800095742796142,-0.4,0.46365422396856604,-1.0961427748992516,0.0,1.0,0.0,0.0,0.0,0.0,1.0,5.11
STU-13755,0.16463761450009942,-0.13321456538837878,1.5043247977216152,0.020284846871549526,-0.4,0.3724950884086446,-0.43983880253310303,0.0,1.0,0.0,1.0,0.0,0.0,0.0,4.42
STU-12435,-0.43259414192743784,0.591730794797345,0.4975757109752536,1.6489992996813807,0.4,0.40235756385068777,0.0,0.0,1.0,0.0,0.0,0.0,1.0,0.0,4.83
STU-14778,-1.7937269821576405,0.13190420359926425,0.2672929286696354,-1.1255444164117496,-0.4,0.28447937131630663,0.8474381116868166,0.0,1.0,0.0,1.0,0.0,0.0,0.0,3.95
STU-10709,-0.29370303578149937,0.2684152228611948,1.5043247977216152,-0.06974459524356708,1.6,-0.15245579567779974,0.11974668969487635,1.0,0.0,1.0,0.0,0.0,0.0,0.0,4.88
STU-12520,0.13685939327091098,-0.4687442811532282,0.14821507969963488,0.5768304890377229,-0.6,-0.11473477406679773,1.0477835348301672,1.0,0.0,0.0,0.0,0.0,0.0,1.0,4.22
STU-10249,-0.029809934104214727,1.0623345717266302,1.256327955238641,-1.9194404059723207,-1.0,0.33634577603143434,1.268854346574554,0.0,1.0,0.0,0.0,0.0,1.0,0.0,4.26
STU-14255,1.234099131823829,1.0623345717266302,0.1137710737992223,-0.5444452900323623,0.4,0.4762278978388998,-0.8405296488198044,1.0,0.0,0.0,0.0,1.0,0.0,0.0,5.3
STU-12671,0.20630494634388147,-0.12531129585216183,0.7573819269097984,-0.9209320479683033,0.2,0.2609037328094303,-0.4375359815774324,1.0,0.0,0.0,0.0,1.0,0.0,0.0,3.59
STU-14786,-0.26592481455231215,0.0,-0.018100263076645477,2.475633268192903,-0.4,0.7261296660117879,-0.48589522164651705,0.0,1.0,0.0,0.0,0.0,1.0,0.0,4.74
STU-14660,-0.3214812570106865,0.0,-0.09682941942044666,1.5344163733530518,-1.0,-0.919449901768173,1.8330454807138747,1.0,0.0,1.0,0.0,0.0,0.0,0.0,3.96
STU-13993,-1.6270576547825135,-0.562146557490338,-0.4432377073331741,-0.48715382686819714,-0.4,-0.47465618860510805,-0.9303396660909615,1.0,0.0,0.0,0.0,1.0,0.0,0.0,2.62
STU-12448,-0.08536637656259037,1.0623345717266302,1.0900126124623606,1.46075592071341,-1.0,0.5390962671905698,0.04605641911341398,0.0,1.0,0.0,1.0,0.0,0.0,0.0,4.57
STU-13741,-0.3353703676252814,0.4329469250242573,1.4885789664528553,-0.8063491216399737,-1.0,0.2797642436149312,-0.5526770293609673,1.0,0.0,0.0,0.0,0.0,1.0,0.0,4.51
STU-13593,-0.8353783497506609,1.0623345717266302,0.5812254395905435,-0.9454855321815171,0.8,-0.05343811394891944,-0.13816925734024174,1.0,0.0,0.0,0.0,0.0,0.0,1.0,3.78
STU-14017,0.3035287206460379,1.0623345717266302,-0.9038032719444119,0.33129564690558766,-0.8,0.5783889980353635,0.0,1.0,0.0,0.0,0.0,0.0,0.0,1.0,3.6
STU-11813,1.7479962245638034,1.0623345717266302,0.7170332342836006,0.0,0.4,0.8644400785854621,0.2671272308578009,1.0,0.0,0.0,0.0,0.0,0.0,1.0,5.95
STU-12189,-0.9048239028236315,0.42719909263428146,-0.7502814170739989,-1.8294109638572047,0.6,0.07229862475442057,-0.66090961427749,1.0,0.0,0.0,0.0,1.0,0.0,0.0,3.14
STU-10146,0.12297028265631738,1.0623345717266302,1.465944334004012,0.6586754364151012,1.2,1.0106090373280947,-0.10592976396085205,0.0,1.0,0.0,0.0,1.0,0.0,0.0,5.11
STU-13626,0.7618693709276366,-0.19787767977560924,1.3985107533152335e-15,1.8045046996984009,0.2,0.6412573673870335,-0.01842256764536559,1.0,0.0,0.0,0.0,0.0,1.0,0.0,4.91
STU-10911,-0.1270337084063724,-0.7108717205809677,0.16789736878558553,1.076084668039732,-1.0,0.5988212180746564,0.0,0.0,1.0,0.0,0.0,0.0,0.0,1.0,4.87
STU-11996,0.3729742737190084,1.0623345717266302,1.5043247977216152,0.5195390258735578,0.4,0.9351669941060907,-0.5250431778929189,1.0,0.0,1.0,0.0,0.0,0.0,0.0,5.25
STU-13918,-0.05758815533340317,1.0623345717266302,1.5043247977216152,-0.06156010050582939,-0.2,0.9320235756385072,0.508923431203224,1.0,0.0,0.0,1.0,0.0,0.0,0.0,4.68
STU-11230,-0.15481192963556084,-0.7690685235294739,-0.3438421474491242,0.4622475627093934,1.2,-0.5799607072691553,-0.9050086355785838,0.0,1.0,1.0,0.0,0.0,0.0,0.0,4.62
STU-10876,0.03963561896875452,0.2224325637413867,0.03799426081831239,0.724151394317004,1.2,0.3237721021611003,-0.09211283822682775,1.0,0.0,0.0,0.0,0.0,1.0,0.0,4.69
STU-10349,1.039651583219515,0.0,-1.5523346973264769,-1.051883963772109,-0.8,-0.4510805500982318,-0.25561312607944725,1.0,0.0,0.0,0.0,0.0,0.0,1.0,4.41
STU-11945,0.13685939327091098,-1.4415649131566663,-0.9638342536565605,1.3543574891228187,0.0,-0.4652259332023575,-0.729994242947611,1.0,0.0,0.0,0.0,1.0,0.0,0.0,3.19
STU-12142,-2.057620083834924,-0.4859877783231558,-0.6626952306415197,-0.4380468584417704,0.8,-0.14616895874263258,-0.31778929188255617,1.0,0.0,1.0,0.0,0.0,0.0,0.0,3.53
STU-14058,-0.27981392516690573,-0.04124924714876263,-0.06829010024581941,0.0,0.4,-0.8204322200392928,0.0,1.0,0.0,0.0,0.0,0.0,0.0,1.0,4.07
STU-13779,0.49797626925035327,-0.2330831531642119,-0.5583790984859826,-1.412001732232574,0.0,-0.3536345776031435,-0.21876799078871625,0.0,1.0,0.0,0.0,1.0,0.0,0.0,4.34
STU-14528,-1.4326101061781995,0.0,-1.8849653828790376,-0.8145336163777114,-0.2,-1.4051080550098234,-0.538860103626943,1.0,0.0,0.0,0.0,0.0,1.0,0.0,2.85
STU-14119,-2.5159607341165233,-1.6994988916568399,-1.5218271492432536,-0.5444452900323623,1.2,-0.707269155206287,0.6424870466321244,1.0,0.0,0.0,0.0,0.0,1.0,0.0,2.71
STU-10086,0.8452040346152008,1.0623345717266302,-1.2315133852254854,1.1906675943680622,-0.6,0.3897838899803538,-0.09441565918249861,1.0,0.0,0.0,0.0,0.0,1.0,0.0,4.17
STU-13662,-0.9603803452820071,1.0623345717266302,0.08129529680740437,1.1988520891058,0.8,0.4982318271119844,0.7921704087507199,1.0,0.0,1.0,0.0,0.0,0.0,0.0,5.18
STU-14080,-0.4742614737712199,0.043531280603382905,-0.015147919713752811,0.0,1.2,-0.2593320235756386,0.0,1.0,0.0,0.0,0.0,1.0,0.0,0.0,3.51
STU-14235,-0.8214892391360673,-1.2367983842637715,-1.7294752991000297,-1.8130419743817288,0.0,0.04086444007858543,-0.8244099021301095,1.0,0.0,0.0,1.0,0.0,0.0,0.0,2.97
STU-10057,0.8868713664589816,1.0623345717266302,1.5043247977216152,-0.6017367531965275,0.0,0.5768172888015718,2.4916522740356943,1.0,0.0,0.0,0.0,0.0,0.0,1.0,6.07
STU-13164,-0.8353783497506609,0.5443111775800432,-1.250211559857138,0.200343731101782,-1.0,0.6444007858546169,-0.26021876799078875,1.0,0.0,1.0,0.0,0.0,0.0,0.0,3.08
STU-13475,-0.7520436860630981,1.0623345717266302,-0.5623155563031732,-1.2810498164287683,-0.2,0.6302554027504912,2.572251007484168,0.0,1.0,0.0,0.0,0.0,0.0,1.0,4.39
STU-14479,0.48408715863575846,0.5780796928711521,0.17773851332856017,-0.3725709005398675,0.6,0.42278978388998034,-0.5664939550949915,1.0,0.0,0.0,0.0,0.0,0.0,1.0,4.43
STU-12822,-0.4881505843858135,-0.7101532415322203,1.5043247977216152,-0.41349337422855664,-0.2,-0.19174852652259344,1.172135866436385,1.0,0.0,1.0,0.0,0.0,0.0,0.0,4.06
STU-10000,0.22019405695847505,-0.18135266165442795,0.7869053605387237,0.5931994785131991,1.0,0.1241650294695483,2.031088082901555,1.0,0.0,0.0,0.0,1.0,0.0,0.0,3.55
STU-13205,-0.2242574827085301,1.0623345717266302,1.1972810879807891,-0.9864080058702062,0.0,0.42121807465618866,-0.6885434657455384,1.0,0.0,0.0,0.0,0.0,0.0,1.0,5.66
STU-10474,-1.5159447698657622,-1.4099518350117985,-1.7216023834656498,0.977870731186877,-0.6,-1.4286836935166995,-0.34772596430627517,1.0,0.0,0.0,0.0,0.0,1.0,0.0,3.06
STU-11151,-0.08536637656259037,-0.2201505302867654,0.34995854283062583,-0.40530887949081895,0.2,-0.05500982318271115,0.03454231433506054,1.0,0.0,0.0,0.0,1.0,0.0,0.0,3.34
STU-13574,-1.3909427743344174,-1.2727223367011216,-1.3958604990931711,0.1512367626753552,1.4,-1.0357563850687623,0.5710995970063327,1.0,0.0,0.0,0.0,0.0,0.0,1.0,2.59
STU-11542,-0.6825981329901288,-0.33438869903753876,0.006502598280792479,0.45406306797165497,-0.4,-0.7324165029469549,0.38917674150834786,0.0,1.0,0.0,0.0,0.0,0.0,1.0,3.55
STU-11628,0.7618693709276366,0.12974876645302316,-0.14997159995251327,0.0,0.6,0.4432220039292732,-0.6033390903857225,1.0,0.0,0.0,0.0,1.0,0.0,0.0,4.76
STU-11846,0.3590851631044136,-0.06855145100114833,1.2090904614323597,0.0,1.2,0.7905697445972495,0.5204375359815777,0.0,1.0,0.0,1.0,0.0,0.0,0.0,5.27
STU-14736,-0.5298179162295955,0.555806842359995,-1.2472592164942453,-0.3070949426379647,0.6,-0.6554027504911593,-1.0823258491652274,0.0,1.0,0.0,0.0,1.0,0.0,0.0,4.19
STU-11346,-0.41870503131284426,1.0623345717266302,0.5143056566983115,-1.2319428480023416,-0.4,0.4542239685658155,1.3195164075993093,1.0,0.0,0.0,0.0,0.0,1.0,0.0,4.67
STU-11941,-0.5159288056150019,-1.121841736464252,-1.1970693793250728,-0.5608142795078377,-1.0,0.0,-0.16119746689694883,0.0,1.0,1.0,0.0,0.0,0.0,0.0,2.94
STU-12059,-0.015920823489621122,-0.3365441361837798,1.3985107533152335e-15,-0.16795853209642134,0.6,-0.30019646365422403,0.5641911341393208,1.0,0.0,0.0,0.0,0.0,0.0,1.0,3.88
STU-11148,-0.11314459779177881,1.0623345717266302,0.479861650797899,0.1184987837244038,-0.2,0.9414538310412576,-0.9441565918249857,1.0,0.0,0.0,1.0,0.0,0.0,0.0,4.91
STU-13201,-0.9187130134382251,1.0623345717266302,0.7268743788265751,1.951825604977682,-1.0,1.2982318271119844,0.15889464594127817,1.0,0.0,0.0,0.0,1.0,0.0,0.0,5.45
STU-11219,0.7202020390838558,0.10100960450314377,0.842999884433683,-0.41349337422855664,-0.6,0.20746561886051088,-0.8635578583765113,1.0,0.0,0.0,0.0,0.0,0.0,1.0,5.54
STU-13184,1.0118733619903277,-0.11525258916970377,1.2327092083354996,0.33129564690558766,-0.2,-0.07072691552062858,0.19113413932066786,1.0,0.0,0.0,1.0,0.0,0.0,0.0,4.41
STU-10974,0.0,0.7253678978642871,1.5043247977216152,-0.23343448999832417,1.0,-0.34734774066797636,-0.5434657455382844,0.0,1.0,0.0,0.0,0.0,0.0,1.0,3.7
STU-13745,-0.5020396950004083,0.5162904946789102,1.0683620944678138,1.9027186365512545,-0.4,-0.04086444007858543,1.3886010362694303,1.0,0.0,0.0,1.0,0.0,0.0,0.0,4.41
STU-11969,-1.1409387832717277,-1.564424830492404,-1.5877628176811873,-0.3643864058021299,-0.2,-1.7304518664047155,-0.15198618307426603,0.0,1.0,0.0,0.0,0.0,0.0,1.0,2.96
STU-13012,-1.2242734469592904,1.0623345717266302,-0.011211461896563522,0.45406306797165497,0.2,1.328094302554028,1.3701784686240648,1.0,0.0,0.0,1.0,0.0,0.0,0.0,5.76
STU-11272,-0.6270416905317532,-1.5859792019548138,-0.7256785557165609,-1.4692931953967392,-0.2,-1.0860510805500985,-0.08290155440414496,1.0,0.0,1.0,0.0,0.0,0.0,0.0,3.3
STU-13962,-1.2381625575738842,0.5744872976274163,0.7445884390039312,-0.5198918058191486,-1.0,-0.009430255402750571,0.31778929188255617,1.0,0.0,0.0,0.0,0.0,0.0,1.0,3.49
STU-12039,0.6507564860108854,0.03203561582343114,-0.029909636528216144,-1.9358093954477966,1.0,0.09115913555992144,-0.02763385146804839,1.0,0.0,0.0,0.0,0.0,1.0,0.0,4.55
STU-13818,0.9424278089173572,-0.3868376695960701,0.11770753161641159,1.5671543523040026,-1.0,-0.2719056974459726,-0.2832469775474956,1.0,0.0,0.0,0.0,0.0,1.0,0.0,4.3
STU-11702,1.7896635564075856,-1.7232087002654912,0.8380793121621957,-1.0682529532475844,0.6,0.3080550098231829,0.3937823834196892,1.0,0.0,0.0,1.0,0.0,0.0,0.0,3.45
STU-13282,-0.6409308011463468,1.0623345717266302,-1.308274312660692,1.1661141101548478,-1.0,0.40707269155206294,-0.5043177892918826,0.0,1.0,0.0,0.0,0.0,1.0,0.0,4.86
STU-13704,0.12297028265631738,-0.7740978768707034,-0.6341559114668924,-0.06156010050582939,0.2,-0.2640471512770137,1.7409326424870468,0.0,1.0,0.0,0.0,0.0,1.0,0.0,3.99
STU-11882,-0.4048159206982506,1.0623345717266302,-0.32219162945457896,-0.037006616292615646,-1.0,0.34734774066797663,0.6240644789867589,1.0,0.0,1.0,0.0,0.0,0.0,0.0,5.03
STU-12191,-0.7937110179068801,-1.930130666304627,-2.0876929604643264,-1.3137877953797197,-0.4,-0.5218074656188606,0.48359240069084647,1.0,0.0,0.0,1.0,0.0,0.0,0.0,2.9
STU-12929,1.1924317999800482,1.0623345717266302,1.5043247977216152,-1.2073893637891278,-1.0,0.8015717092337918,0.2717328727691424,1.0,0.0,0.0,0.0,0.0,1.0,0.0,4.77
STU-14498,-1.0020476771257878,0.3115239657860144,-0.41469838815854543,0.3067421626923739,0.0,0.22003929273084488,-0.5734024179620035,1.0,0.0,1.0,0.0,0.0,0.0,0.0,3.94
STU-10373,1.317433795511393,-1.6405836096595858,0.36373614519079117,-1.7311970270043504,0.6,-0.994891944990177,0.062176165803108925,1.0,0.0,0.0,1.0,0.0,0.0,0.0,3.77
STU-14023,0.6507564860108854,-0.2402679436516815,-2.0591536412896985,0.3722181205942768,0.2,0.3049115913555992,-0.011514104778353443,0.0,1.0,0.0,0.0,0.0,0.0,1.0,4.3
STU-10760,-0.5437070268441891,0.0,-1.387003469004493,0.03665383634702487,1.0,-0.35992141453831034,-0.6033390903857225,1.0,0.0,0.0,1.0,0.0,0.0,0.0,3.59
STU-13986,-1.9048398670743918,-0.6785401633873525,-2.287468194686723,-1.0027769953456815,0.0,-1.376817288801572,0.2210708117443869,1.0,0.0,0.0,0.0,1.0,0.0,0.0,2.03
STU-10423,0.6090891541671046,1.0623345717266302,1.5043247977216152,-0.5280763005568863,1.0,1.320235756385069,0.0,1.0,0.0,1.0,0.0,0.0,0.0,0.0,4.66
STU-12377,-0.5159288056150019,-0.8021185597718364,0.05767654990426304,0.2740041837414225,1.0,-0.7214145383104127,0.04375359815774333,1.0,0.0,0.0,0.0,0.0,0.0,1.0,4.09
STU-10847,-1.1548278938863212,-0.4047996458147451,-0.1696538890384639,0.42950958375844195,0.2,0.037721021611002006,2.021876799078872,1.0,0.0,1.0,0.0,0.0,0.0,0.0,4.1
STU-11801,-0.43259414192743784,-1.472459512252788,1.021124600661534,0.9533172469736639,0.2,-0.2577603143418469,-0.2302820955670697,1.0,0.0,0.0,1.0,0.0,0.0,0.0,2.82
STU-14609,-1.6826140972408892,-0.7137456367759552,-1.3496071197411879,0.0,0.6,-0.9115913555992142,0.2579159470351181,0.0,1.0,0.0,0.0,1.0,0.0,0.0,3.68
STU-13636,0.9285386983027636,1.0623345717266302,1.4147703823805413,-0.7081351847871195,0.8,1.6157170923379176,-0.6793321819228555,1.0,0.0,0.0,0.0,0.0,0.0,1.0,5.63
STU-11106,0.49797626925035327,1.0623345717266302,0.8616980590653356,0.29855766795463623,0.8,1.7084479371316308,-0.9694876223373634,1.0,0.0,0.0,0.0,0.0,0.0,1.0,5.58
STU-12923,0.23408316757306866,0.18507165320654295,0.47789342188930295,0.6423064469396258,0.2,0.49980353634577607,-0.8105929763960853,1.0,0.0,0.0,0.0,1.0,0.0,0.0,4.26
STU-12674,-0.15481192963556084,1.0623345717266302,-0.7709478206142475,-1.6739055638401854,0.2,0.3724950884086446,0.9579735175590102,1.0,0.0,0.0,1.0,0.0,0.0,0.0,2.85
STU-13016,0.45630893740657125,0.9279789896109407,0.46903639180062634,-1.8294109638572047,0.2,-0.39764243614931233,1.8008059873344848,0.0,1.0,0.0,0.0,0.0,0.0,1.0,4.29
STU-10714,0.3729742737190084,-0.5312519583942176,1.143154792994426,1.2561435522699638,0.6,-0.12416502946954802,0.6056419113413932,1.0,0.0,0.0,1.0,0.0,0.0,0.0,3.72
STU-13819,-0.39092681008365704,1.0623345717266302,1.3124224791335988,-0.8554560900664004,2.4,-0.39921414538310407,1.268854346574554,1.0,0.0,0.0,0.0,1.0,0.0,0.0,4.22
STU-13167,0.0,-0.44934534683705946,0.7878894749930218,0.7323358890547425,0.0,-0.37406679764243606,0.601036269430052,0.0,1.0,1.0,0.0,0.0,0.0,0.0,4.71
STU-14334,-0.39092681008365704,1.0623345717266302,0.680620999474592,-2.451432563925281,0.6,0.7984282907662084,2.639032815198619,1.0,0.0,1.0,0.0,0.0,0.0,0.0,4.92
STU-11418,-0.557596137458784,0.8841517676373738,0.470020506254923,0.2330817100527334,0.4,0.3787819253438115,-0.4605641911341394,0.0,1.0,0.0,0.0,0.0,0.0,1.0,4.26
STU-11718,-0.0020317128750275202,-3.433907315332099,-1.1439271987930062,-0.12703605840773224,-1.0,-1.5512770137524559,-0.6770293609671849,1.0,0.0,1.0,0.0,0.0,0.0,0.0,2.72
STU-11845,0.8868713664589816,0.2296173542288563,1.1618529676260785,0.2658196890036848,-0.4,0.10530451866404716,1.1099597006332758,1.0,0.0,1.0,0.0,0.0,0.0,0.0,4.73
STU-14397,0.6507564860108854,0.20015971323022952,1.5043247977216152,0.2740041837414225,-0.4,0.5532416502946955,-0.0805987334484743,1.0,0.0,0.0,0.0,0.0,0.0,1.0,5.03
STU-10503,-1.4326101061781995,-1.7864348565552268,-3.1151084507509355,0.7077824048415287,-0.6,-1.4585461689587427,0.6793321819228556,1.0,0.0,0.0,0.0,1.0,0.0,0.0,1.42
STU-11087,0.1507485038855058,-1.3675615711357252,-0.693202778724743,0.9860552259246161,0.8,-0.619253438113949,0.20495106505469216,1.0,0.0,1.0,0.0,0.0,0.0,0.0,3.33
STU-12643,-0.7381545754485045,0.8403245456638068,-0.4550470807847434,1.493493899664362,-1.0,0.15088408644400803,0.08750719631548647,1.0,0.0,0.0,0.0,1.0,0.0,0.0,4.29
STU-12844,0.8590931452297944,1.0623345717266302,0.3391332838333532,0.200343731101782,-0.8,0.7984282907662084,-0.7369027058146229,0.0,1.0,0.0,1.0,0.0,0.0,0.0,5.16
STU-12234,0.5118653798649468,1.0623345717266302,1.5043247977216152,1.0024242154000915,-0.8,0.870726915520629,0.8082901554404148,1.0,0.0,0.0,1.0,0.0,0.0,0.0,5.2
STU-10228,1.7896635564075856,0.6966287359144067,0.2899275611184773,-0.41349337422855664,0.2,0.21846758349705317,-0.8727691421991941,0.0,1.0,1.0,0.0,0.0,0.0,0.0,5.26
STU-12871,-0.4881505843858135,-0.40911052010722726,-1.859378407067303,1.3298040049096056,0.6,-0.8392927308447938,0.518134715025907,1.0,0.0,0.0,0.0,0.0,0.0,1.0,3.33
STU-14282,-1.0159367877403815,-1.1117830297817939,-0.7079644955392063,0.7814428574811692,-0.6,-1.2306483300589393,-0.6931491076568798,1.0,0.0,1.0,0.0,0.0,0.0,0.0,3.78
STU-12242,-0.9742694558966007,1.0623345717266302,-0.4786658276878847,-0.675397205836168,0.0,-0.3426326129666012,2.01496833621186,1.0,0.0,0.0,0.0,0.0,0.0,1.0,3.83
STU-14254,-0.4464832525420327,-1.028439460127141,-0.18343149139862922,0.4049560995452282,0.2,-0.6726915520628683,1.1099597006332758,1.0,0.0,0.0,0.0,0.0,1.0,0.0,3.44
STU-14593,0.16463761450009942,0.3093685286397733,0.5251309156955842,1.518047383877575,-0.2,-0.6444007858546169,-0.24179620034542315,1.0,0.0,0.0,0.0,0.0,0.0,1.0,4.25
STU-11993,0.5257544904795405,0.30577613339603854,1.5043247977216152,-0.7245041742625948,-0.2,-0.02671905697445972,0.0,0.0,1.0,0.0,0.0,0.0,1.0,0.0,4.27
STU-14985,0.3035287206460379,-1.317268037723436,0.31059396465872596,-0.699950690049381,0.0,-0.7166994106090374,0.10592976396085205,1.0,0.0,0.0,0.0,1.0,0.0,0.0,3.49
STU-13969,-0.6409308011463468,0.7533885807654201,0.036026031909717746,-0.2661724689492756,0.0,-0.004715127701375146,-0.13816925734024174,1.0,0.0,1.0,0.0,0.0,0.0,0.0,4.39
STU-11403,-0.349259478239875,-1.591008555296043,0.20332548914029613,-0.822718111115449,0.0,-0.6962671905697446,0.3293033966609098,0.0,1.0,1.0,0.0,0.0,0.0,0.0,3.22
STU-13350,1.7896635564075856,1.030003014533015,0.1305010195222803,-0.2661724689492756,-0.6,0.3599214145383106,-0.2993667242371906,1.0,0.0,1.0,0.0,0.0,0.0,0.0,5.7
STU-13903,0.7618693709276366,-0.16339068543575294,-1.1370383976129241,0.5359080153490339,-0.6,-0.3096267190569746,0.28324697754749584,1.0,0.0,0.0,0.0,0.0,1.0,0.0,3.88
STU-14871,-0.5714852480733775,-0.5204747726630121,-0.837867603506478,-0.06974459524356708,0.4,0.3756385068762281,2.489349453080023,0.0,1.0,0.0,0.0,0.0,0.0,1.0,3.86
STU-11174,0.011857397739566082,-1.5371226266400178,-0.37139735216945485,-0.1843275215718967,0.4,-0.2703339882121809,1.1836499712147381,1.0,0.0,0.0,0.0,0.0,1.0,0.0,3.89
STU-11122,0.5674218223233225,0.08161067018697402,-0.07419478697160474,1.2806970364831782,-0.8,-0.8314341846758351,0.5757052389176744,1.0,0.0,0.0,0.0,0.0,0.0,1.0,3.88
STU-10515,-0.43259414192743784,0.24686085139878497,0.23580126613211408,1.2070365838435377,-0.4,0.09273084479371316,1.248128957973518,0.0,1.0,0.0,1.0,0.0,0.0,0.0,3.56
STU-12275,-0.8353783497506609,0.8913365581248444,1.4029610089289706,1.4525714259756723,-0.2,-0.12573673870333973,0.15428900402993667,0.0,1.0,0.0,0.0,0.0,0.0,1.0,4.38
STU-14346,-0.015920823489621122,1.0623345717266302,-2.6948915787658954,-0.2579879742115372,-0.6,0.20275049115913574,-0.09671848013816925,1.0,0.0,0.0,0.0,0.0,0.0,1.0,4.36
STU-13240,-1.1409387832717277,0.6032264595772968,0.02913723072963579,1.2970660259586535,0.8,0.7387033398821221,1.004029936672424,1.0,0.0,1.0,0.0,0.0,0.0,0.0,4.47
STU-14700,1.1368753575216726,-0.7755348349681971,0.8577616012481464,-0.22524999526058578,-1.0,0.6082514734774069,0.09441565918249861,1.0,0.0,0.0,0.0,0.0,1.0,0.0,4.6
STU-10924,-0.04369904471880956,-0.6426162109500024,-1.4421138784451544,-0.09429807945678081,1.6,0.0,-0.7622337363270006,1.0,0.0,0.0,1.0,0.0,0.0,0.0,3.79
STU-11039,0.2757504994168507,1.0623345717266302,0.5251309156955842,0.5359080153490339,0.0,0.31277013752455807,0.10362694300518141,0.0,1.0,0.0,0.0,0.0,1.0,0.0,4.51
STU-11921,-1.5576121017095443,-0.006762252808906319,0.4414811870802957,0.3149266574301116,-0.4,-1.013752455795678,-0.29015544041450775,0.0,1.0,0.0,0.0,0.0,1.0,0.0,3.92
STU-11650,1.081318915063297,0.0,-0.6676158029130069,-1.4038172374948363,0.8,0.037721021611002006,0.08059873344847451,1.0,0.0,0.0,0.0,0.0,0.0,1.0,4.96
STU-11899,0.9563169195319521,1.0623345717266302,0.5428449758729402,0.07757631003571397,-1.0,0.6632612966601181,0.736902705814623,1.0,0.0,0.0,0.0,0.0,0.0,1.0,4.98
STU-10216,-2.377069627970584,0.5040763508502111,-0.5337762371285445,-1.346525774330671,0.2,0.28447937131630663,0.12895797351755914,1.0,0.0,0.0,0.0,1.0,0.0,0.0,3.41
STU-14967,0.7063129284692611,1.0623345717266302,0.24564241067508868,-0.3807553952776052,0.2,0.583104125736739,-0.2694300518134715,0.0,1.0,0.0,0.0,0.0,0.0,1.0,4.59
STU-14085,1.1368753575216726,-0.41845074774093793,0.7376996378238478,1.1988520891058,-0.4,-0.3944990176817289,-0.9004029936672425,1.0,0.0,0.0,0.0,0.0,1.0,0.0,3.9
STU-11497,-0.9464912346674123,-1.4544975360341128,-0.8142488566033381,1.2070365838435377,-0.8,-0.7292730844793713,1.4047207829591253,1.0,0.0,1.0,0.0,0.0,0.0,0.0,3.09
STU-11858,0.8729822558443879,0.8417615037613015,-1.531668293786228,-1.6575365743647092,2.2,0.5139489194499018,0.05757052389176742,1.0,0.0,0.0,0.0,0.0,0.0,1.0,4.15
STU-11888,1.7896635564075856,-1.5687357047848858,-0.28676350909986836,2.2055449418475543,-0.2,0.08015717092337915,-0.06217616580310872,0.0,1.0,0.0,0.0,0.0,1.0,0.0,5.04
STU-13726,-0.9881585665111943,-0.9264154352050679,1.3985107533152335e-15,-0.2825414584247509,0.0,-0.1964636542239686,0.0,1.0,0.0,0.0,0.0,0.0,0.0,1.0,3.07
STU-10391,-1.0020476771257878,-0.817206619795523,-2.82381057227887,0.6095684679886744,-0.2,-0.8015717092337918,0.08290155440414516,1.0,0.0,0.0,0.0,0.0,1.0,0.0,2.21
STU-10150,-1.4881665486365752,-0.8545675303303678,0.14427862188244558,-0.4789693321304595,-0.4,0.02200392927308457,-0.5135290731145654,1.0,0.0,0.0,0.0,0.0,0.0,1.0,3.54
STU-10819,-0.2381465933231237,-0.878995817987765,-1.1311337108871389,-0.8063491216399737,0.0,0.0,0.4858952216465171,0.0,1.0,1.0,0.0,0.0,0.0,0.0,3.88
STU-13044,-1.2659407788030725,1.0623345717266302,0.3873548920939325,0.33948014164332535,1.8,-0.06601178781925343,0.11053540587219356,0.0,1.0,0.0,0.0,0.0,1.0,0.0,4.14
STU-13150,-1.6548358760117021,-0.6332759833162908,-1.1577048011531714,0.4868010469226064,-1.0,-0.16188605108055001,0.4122049510650548,1.0,0.0,0.0,0.0,0.0,0.0,1.0,3.06
STU-13998,1.567437786574083,0.3093685286397733,1.342930027216822,-1.158282395362701,0.4,-0.35992141453831034,-0.2164651698330454,1.0,0.0,1.0,0.0,0.0,0.0,0.0,5.36
STU-14773,1.0118733619903277,1.0623345717266302,0.34208562719624586,0.21671272057725732,0.2,1.4396856581532422,0.9671848013816927,1.0,0.0,0.0,0.0,0.0,0.0,1.0,5.59
STU-10983,-1.0992714514279456,-0.5556802460516148,-0.3635244365350749,0.5031700363980824,0.0,0.0,2.0932642487046635,0.0,1.0,0.0,0.0,0.0,0.0,1.0,3.89
STU-12535,0.0,1.0623345717266302,1.5043247977216152,0.699597910103791,-0.8,1.152062868369352,0.08290155440414516,0.0,1.0,0.0,1.0,0.0,0.0,0.0,5.58
STU-13433,0.9563169195319521,1.0623345717266302,1.0634415221963267,1.0515311838265176,0.4,1.5119842829076622,-0.0990213010938399,0.0,1.0,0.0,0.0,0.0,0.0,1.0,5.7
STU-13525,-0.9048239028236315,1.0623345717266302,-0.7748842784314368,1.3870954680737695,0.0,-0.5249508840864441,-0.36384571099597013,1.0,0.0,0.0,0.0,1.0,0.0,0.0,4.45
STU-12661,0.011857397739566082,-1.716023909778021,-0.4324124483359015,-1.215573858526866,0.0,-1.3438113948919452,0.06447898675877957,0.0,1.0,0.0,0.0,0.0,1.0,0.0,3.65
STU-14375,0.7340911496984495,-1.373309403525702,-0.2178754972990418,-0.42167786896629433,1.0,0.25461689587426345,-0.713874496257916,0.0,1.0,0.0,0.0,0.0,1.0,0.0,3.58
STU-14895,0.10908117204172377,1.0623345717266302,-0.7227262123536682,-1.9439938901855343,0.4,0.11159135559921429,0.677029360967185,1.0,0.0,0.0,0.0,1.0,0.0,0.0,4.1
STU-10569,0.0,0.5701764233349352,0.6717639693859153,0.5113545311358201,0.4,0.8754420432220038,-0.25331030512377656,1.0,0.0,0.0,0.0,0.0,0.0,1.0,4.36
STU-11512,0.0,0.3021837381523037,-0.8201535433291234,-0.9373010374437787,-0.4,0.4196463654223969,-0.4237190558434082,0.0,1.0,0.0,0.0,0.0,0.0,1.0,3.63
STU-14213,1.039651583219515,1.0623345717266302,1.5043247977216152,-1.0846219427230603,1.0,1.062475442043222,1.1260794473229707,0.0,1.0,0.0,1.0,0.0,0.0,0.0,5.53
STU-13720,1.2063209105946417,1.0623345717266302,1.3724534608457475,-0.6344747321474782,1.6,0.3677799607072692,-0.6056419113413932,0.0,1.0,0.0,0.0,1.0,0.0,0.0,4.81
STU-10029,1.1368753575216726,-0.17991570355693423,1.3985107533152335e-15,-0.3480174163266538,0.8,-0.2467583497053046,-0.05987334484743807,0.0,1.0,1.0,0.0,0.0,0.0,0.0,5.46
STU-12412,-1.2242734469592904,0.4976100394114878,0.3794819764595511,-0.3070949426379647,1.6,-0.4306483300589392,0.601036269430052,1.0,0.0,0.0,0.0,1.0,0.0,0.0,3.64
STU-13213,-0.015920823489621122,1.0623345717266302,1.2710896720531029,0.22489721531499574,0.0,0.9398821218074656,0.8128957973517561,1.0,0.0,0.0,0.0,0.0,1.0,0.0,5.6
STU-12009,-0.07147726594799676,0.030598657725937423,-0.7168215256278829,-0.822718111115449,-0.6,-0.4557956777996072,-1.001727115716753,1.0,0.0,0.0,0.0,1.0,0.0,0.0,3.67
STU-11413,-1.2381625575738842,-1.0327503344196232,0.9089355528716169,0.06939181529797629,-1.0,-0.9477406679764244,-0.8290155440414508,0.0,1.0,0.0,0.0,0.0,1.0,0.0,3.99
STU-11166,1.234099131823829,0.36684685253953314,-0.7207579834450736,0.6423064469396258,0.4,0.4683693516699412,0.03454231433506054,0.0,1.0,0.0,0.0,0.0,1.0,0.0,4.71
STU-11681,0.9840951407611392,1.0623345717266302,1.5043247977216152,-1.5020311743476906,-0.2,1.1426326129666016,1.063903281519862,0.0,1.0,0.0,0.0,0.0,1.0,0.0,5.58
STU-12452,1.4702140122719252,1.0623345717266302,1.3311206537652513,0.24945069952820875,-0.6,0.34420432220039293,0.515831894070236,0.0,1.0,0.0,0.0,0.0,0.0,1.0,5.51
STU-14924,-1.2659407788030725,-0.8660631951103196,-1.5769375586839147,0.21671272057725732,-1.0,-1.0294695481335954,-0.3200921128382268,0.0,1.0,0.0,0.0,1.0,0.0,0.0,2.29
STU-14579,-0.557596137458784,-0.5377182698329398,-0.10765467841771931,0.22489721531499574,-0.2,-0.34106090373280945,0.40759930915371345,0.0,1.0,0.0,0.0,0.0,1.0,0.0,4.39
STU-14457,0.0,-1.4077963978655574,-0.694186893179041,-0.20069651104737277,-0.6,0.3944990176817289,-0.2625215889464594,1.0,0.0,0.0,0.0,0.0,1.0,0.0,4.01
STU-14364,-1.3076081106468547,-0.003888336613918889,1.5043247977216152,1.3870954680737695,0.2,-0.028290766208251432,2.2982153137593557,1.0,0.0,1.0,0.0,0.0,0.0,0.0,5.0
STU-11055,0.13685939327091098,-0.6720738519486292,1.5043247977216152,-0.8145336163777114,1.6,0.023575638506876287,0.21876799078871625,1.0,0.0,1.0,0.0,0.0,0.0,0.0,3.99
STU-13064,0.23408316757306866,0.3029022172010511,-1.1025943917125103,0.7650738680056939,0.8,-0.4620825147347741,-0.32239493379389744,1.0,0.0,0.0,0.0,0.0,1.0,0.0,3.38
STU-11394,0.10908117204172377,1.0623345717266302,1.5043247977216152,0.977870731186877,0.8,0.5139489194499018,2.80944156591825,1.0,0.0,1.0,0.0,0.0,0.0,0.0,5.7
STU-11644,1.567437786574083,1.0623345717266302,1.5023565688130205,0.9860552259246161,0.6,1.2322200392927314,0.2510074841681059,1.0,0.0,0.0,0.0,1.0,0.0,0.0,5.57
STU-14382,0.1507485038855058,1.0623345717266302,0.18364320005434548,0.1184987837244038,0.6,1.137917485265226,-0.9625791594703512,1.0,0.0,0.0,0.0,1.0,0.0,0.0,4.28
STU-12533,-0.557596137458784,1.0623345717266302,0.6294470478511214,-0.20888100578511043,0.0,1.128487229862476,0.6125503742084056,1.0,0.0,0.0,0.0,0.0,1.0,0.0,4.14
STU-14602,1.0952080256778904,1.0623345717266302,1.5043247977216152,-0.8881940690173519,0.6,0.7889980353634581,0.3937823834196892,0.0,1.0,0.0,0.0,0.0,0.0,1.0,5.23
STU-14563,1.0257624726049213,0.2166847313514108,0.33322859710756786,0.22489721531499574,0.4,0.7669941060903736,-0.5250431778929189,1.0,0.0,0.0,0.0,0.0,0.0,1.0,4.97
STU-11186,-1.279829889417666,-0.55208785080788,-0.5416491527629259,0.03665383634702487,-0.6,0.10058939096267201,0.2118595279217041,1.0,0.0,0.0,0.0,0.0,1.0,0.0,4.21
STU-13173,0.6785347072400738,0.057900861578323116,-1.0346904943659816,-0.7736111426890223,-0.2,-1.0467583497053048,1.6442141623488775,1.0,0.0,0.0,0.0,1.0,0.0,0.0,3.6
STU-11000,1.0952080256778904,-0.7324260920433775,0.7219538065550879,0.7159668995792663,0.6,-0.18546168958742631,0.7253886010362695,1.0,0.0,0.0,1.0,0.0,0.0,0.0,3.6
STU-12615,1.3313229061259868,1.0623345717266302,1.5043247977216152,-1.6739055638401854,-1.0,1.0388998035363461,-0.7944732297063903,1.0,0.0,0.0,0.0,0.0,0.0,1.0,5.3
STU-13043,-0.3214812570106865,-1.675070603999442,-0.20606612384747114,-0.659028216360692,0.0,-1.225933202357564,0.4997121473805412,1.0,0.0,0.0,0.0,1.0,0.0,0.0,2.26
STU-10604,-1.4187209955636046,-0.7223673853609195,-0.4028890147069748,-0.1434050478832076,0.0,-1.6172888015717093,-1.033966609096143,1.0,0.0,0.0,0.0,0.0,1.0,0.0,3.1
STU-11332,0.5257544904795405,-0.48886169451814426,-0.09682941942044666,1.706290762845546,1.4,0.0,0.09902130109384011,1.0,0.0,0.0,0.0,0.0,0.0,1.0,4.9
STU-10937,0.3035287206460379,0.0,0.9679824201294674,0.8551033101208104,0.6,0.3803536345776032,0.050662061024755276,1.0,0.0,0.0,0.0,0.0,0.0,1.0,5.22
STU-12933,0.16463761450009942,0.3596620620520636,0.623542361125336,-0.45441584791724576,0.6,0.6129666011787821,-0.7691421991940127,1.0,0.0,0.0,0.0,0.0,1.0,0.0,3.54
STU-14079,0.23408316757306866,1.0623345717266302,-0.3822226111667275,0.9042102785472365,1.8,0.870726915520629,-0.5043177892918826,1.0,0.0,0.0,0.0,0.0,0.0,1.0,4.93
STU-12346,0.6090891541671046,1.0623345717266302,0.7140808909207079,-0.8963785637550896,0.2,0.5092337917485267,0.3983880253310307,1.0,0.0,0.0,0.0,1.0,0.0,0.0,4.58
STU-11829,1.2202100212092355,1.0623345717266302,1.5043247977216152,-0.9127475532305657,1.8,0.8157170923379176,0.4997121473805412,0.0,1.0,0.0,0.0,0.0,1.0,0.0,5.13
STU-12017,-0.8353783497506609,-1.5629878723949098,-0.678441061910281,0.7650738680056939,-0.6,-1.7304518664047155,-0.02072538860103624,0.0,1.0,0.0,0.0,0.0,0.0,1.0,3.15
STU-14703,-0.4881505843858135,-0.018257917588859106,-0.44914239405895806,-0.11885156366999385,0.4,-0.3300589390962672,0.013816925734024297,1.0,0.0,0.0,0.0,0.0,1.0,0.0,3.82
STU-12576,-0.19647926147934167,0.4645600031691262,0.9256654985946748,1.0024242154000915,1.0,-1.6880157170923382,0.4881980426021878,1.0,0.0,0.0,1.0,0.0,0.0,0.0,3.83
STU-10271,-0.3214812570106865,0.10603895784437228,0.7199855776464932,-1.0436994690343706,-0.2,-1.1897838899803537,-0.5020149683362118,1.0,0.0,0.0,0.0,1.0,0.0,0.0,3.04
STU-14384,1.7896635564075856,1.0623345717266302,1.1096949015483097,-0.8390871005909244,-0.2,1.7383104125736741,0.24640184225676465,1.0,0.0,0.0,0.0,0.0,1.0,0.0,5.82
STU-12479,0.0,0.3208641934197261,-0.669584031821603,0.5604614995622477,0.0,0.9335952848722987,1.5336787564766845,1.0,0.0,0.0,0.0,0.0,1.0,0.0,5.1
STU-14645,0.8729822558443879,1.0623345717266302,1.5043247977216152,-0.7408731637380709,0.2,1.1489194499017685,0.0,1.0,0.0,0.0,0.0,0.0,1.0,0.0,5.81
STU-14948,0.8174258133860123,0.3718762058807627,0.3037051634786426,1.076084668039732,1.0,0.49666011787819264,-0.5342544617156016,1.0,0.0,0.0,0.0,0.0,0.0,1.0,4.79
STU-13163,0.0,-0.4335388077646245,0.1885637723258328,-1.0027769953456815,-1.0,-0.06286836935167,1.2964881980426024,0.0,1.0,0.0,0.0,0.0,0.0,1.0,4.32
STU-14093,-1.4603883274073866,-1.2770332109936038,1.3985107533152335e-15,-0.7572421532135463,1.2,-1.0058939096267192,0.6125503742084056,1.0,0.0,0.0,1.0,0.0,0.0,0.0,2.45
STU-12879,0.0,0.3754686011244975,1.5043247977216152,1.1333761312038972,-1.0,0.3332023575638509,-0.637881404720783,1.0,0.0,0.0,1.0,0.0,0.0,0.0,5.12
STU-13389,1.0535406938341085,0.15130313791543298,-0.19720909375879453,-0.8718250795418758,-0.6,-0.2231827111984283,-1.192861255037421,1.0,0.0,1.0,0.0,0.0,0.0,0.0,4.33
STU-12636,-2.349291406741397,-0.008199210906401055,-0.7168215256278829,-0.8063491216399737,0.0,-0.2939096267190569,0.6125503742084056,1.0,0.0,0.0,0.0,0.0,0.0,1.0,3.23
STU-13747,-2.307624074897615,-0.8617523208178374,0.29189579002707333,-0.5035228163436732,-1.0,-0.5265225933202358,-0.3822682786413357,1.0,0.0,1.0,0.0,0.0,0.0,0.0,3.03
STU-11240,0.7896475921568251,0.2849402409823761,-1.986329171671682,-0.3562019110643915,0.0,-0.22632612966601176,-0.6194588370754175,1.0,0.0,0.0,0.0,0.0,1.0,0.0,3.82
STU-11992,0.7202020390838558,1.0623345717266302,0.4345923859002124,0.200343731101782,-1.0,0.7339882121807467,1.291882556131261,1.0,0.0,0.0,0.0,1.0,0.0,0.0,5.36
STU-13041,-0.9603803452820071,1.0623345717266302,1.3985107533152335e-15,-1.1091754269362735,1.4,0.9445972495088409,0.26021876799078875,0.0,1.0,0.0,0.0,0.0,0.0,1.0,5.49
STU-12922,1.650772450261647,1.0623345717266302,0.66585928266013,-0.12703605840773224,1.0,0.550098231827112,0.21876799078871625,1.0,0.0,0.0,0.0,1.0,0.0,0.0,5.79
STU-10247,-0.5159288056150019,-0.32145607616009325,-0.7207579834450736,0.830549825907596,-1.0,-0.42593320235756377,-0.386873920552677,1.0,0.0,1.0,0.0,0.0,0.0,0.0,3.96
STU-13910,0.20630494634388147,-0.09872757104852248,-0.08305181706028135,0.0,-0.2,-0.2216110019646366,-0.01842256764536559,1.0,0.0,0.0,1.0,0.0,0.0,0.0,3.45
STU-12667,-2.5437389553457113,0.731115730254263,-0.49539577341094126,-0.5853677637210514,0.4,0.014145383104125716,0.03684513529073118,1.0,0.0,1.0,0.0,0.0,0.0,0.0,3.2
STU-11283,0.05352472958334813,-0.12746673299840292,-0.6813934052731723,0.9042102785472365,-0.6,0.08330058939096259,-0.30857800805987334,1.0,0.0,0.0,0.0,1.0,0.0,0.0,3.29
STU-13611,-0.349259478239875,1.0623345717266302,-0.14209868431813327,0.5522770048245093,-0.8,0.7151277013752455,1.4807138744962582,1.0,0.0,0.0,0.0,1.0,0.0,0.0,4.14
STU-13300,0.8035367027714188,0.48970676987527084,-0.5829819598434205,-1.4611087006590013,-1.0,0.21689587426326146,2.196891191709845,0.0,1.0,0.0,0.0,0.0,0.0,1.0,4.57
STU-12113,-1.04371500896957,-0.13968087682710204,-0.6036483633836691,0.2821886784791602,0.2,-0.913163064833006,0.4145077720207254,0.0,1.0,0.0,1.0,0.0,0.0,0.0,3.76
STU-11603,-0.0020317128750275202,0.9028322229047961,1.0319498596588066,-2.2386357007440973,0.2,1.1552062868369353,-0.16810592976396077,0.0,1.0,1.0,0.0,0.0,0.0,0.0,5.13
STU-14963,-2.9604122737835277,-0.11381563107221006,-2.2372783575175497,-0.176143026834159,2.6,-0.19332023575638516,-0.13356361542890044,1.0,0.0,0.0,0.0,0.0,1.0,0.0,2.21
STU-13235,0.7063129284692611,1.0623345717266302,0.12558044725079157,-1.215573858526866,0.4,0.5249508840864441,-0.25331030512377656,1.0,0.0,0.0,0.0,1.0,0.0,0.0,5.16
STU-10316,0.9979842513757329,-1.3646876549407378,-0.11159113623490999,-2.541462006040397,0.6,-0.13988212180746573,-0.35233160621761667,1.0,0.0,1.0,0.0,0.0,0.0,0.0,4.64
STU-13393,0.2757504994168507,-1.2583527557261813,0.007486712735090501,1.9845635839286326,-0.8,-0.6601178781925345,-0.9786989061600462,1.0,0.0,0.0,1.0,0.0,0.0,0.0,3.35
STU-14178,0.8313149240006059,0.9581551096583149,-0.45799942414763606,2.4183418050287395,0.4,-0.5658153241650296,-0.31778929188255617,0.0,1.0,0.0,0.0,0.0,0.0,1.0,4.68
STU-11082,0.6646455966254802,0.03778344821340702,-0.2493671598365617,-1.2401273427400792,0.2,0.15559921414538316,0.518134715025907,0.0,1.0,0.0,0.0,0.0,0.0,1.0,4.69
STU-11054,1.1229862469070777,1.0623345717266302,0.868586860245419,-0.6835817005739057,-1.0,0.7104125736738707,0.02072538860103624,1.0,0.0,0.0,0.0,0.0,1.0,0.0,5.31
STU-11661,0.1507485038855058,0.9559996725120739,0.12065987497930426,-1.076437447985322,-1.0,0.5045186640471515,-0.2625215889464594,0.0,1.0,1.0,0.0,0.0,0.0,0.0,4.95
STU-11658,-0.3214812570106865,1.0623345717266302,0.252531211855172,1.6489992996813807,0.4,-0.059724950884086296,-0.5618883131836501,0.0,1.0,0.0,0.0,0.0,1.0,0.0,5.22
STU-13002,0.5952000435525098,1.0623345717266302,0.5064327410639315,0.2903731732168986,-0.8,0.5029469548133598,0.37305699481865295,1.0,0.0,0.0,0.0,0.0,0.0,1.0,4.79
STU-11422,1.7896635564075856,0.978272523023231,0.15116742306252756,-0.78179563742676,1.2,1.3626719056974461,-0.5181347150259068,0.0,1.0,1.0,0.0,0.0,0.0,0.0,5.29
STU-10370,-1.0576041195841634,-0.2115287817018021,-0.9608819102936678,-1.4611087006590013,-0.2,-0.12416502946954802,1.4622913068508927,1.0,0.0,0.0,0.0,0.0,1.0,0.0,3.22
STU-13981,-1.446499216792793,-1.5069465065926442,-1.0671662713577996,-0.659028216360692,-1.0,-0.1100196463654223,2.80944156591825,1.0,0.0,0.0,0.0,0.0,0.0,1.0,2.81
STU-13827,0.3035287206460379,-0.8883360456214767,1.3985107533152335e-15,0.7650738680056939,0.6,-0.650687622789784,-0.10362694300518141,0.0,1.0,0.0,0.0,1.0,0.0,0.0,4.63
STU-12603,-0.9187130134382251,-0.5851378870502426,0.5457973192358329,-0.4380468584417704,0.2,-0.33320235756385064,0.2533103051237768,1.0,0.0,0.0,1.0,0.0,0.0,0.0,3.14
STU-11033,-1.4187209955636046,0.30146525910355637,-0.3753338099866442,-1.051883963772109,2.0,-0.12259332023575631,-0.5480713874496258,1.0,0.0,0.0,0.0,1.0,0.0,0.0,3.49
STU-10996,-1.363164553105229,-3.258598427437831,-0.6715522607301977,0.10212979424892772,-0.2,-1.3296660117878196,0.21416234887737495,0.0,1.0,0.0,0.0,1.0,0.0,0.0,1.92
STU-14076,1.4285466804281444,-1.2152440128013617,0.623542361125336,1.5753388470417402,0.2,-0.2687622789783889,1.3172135866436385,0.0,1.0,0.0,0.0,0.0,0.0,1.0,4.43
STU-13222,-0.04369904471880956,0.26338586951996523,-0.5869184176606111,0.699597910103791,0.6,-0.2907662082514735,0.0046056419113415,0.0,1.0,0.0,0.0,0.0,0.0,1.0,4.01
STU-14381,0.9702060301465456,-0.2000331169218493,1.5043247977216152,-0.6835817005739057,0.4,0.5218074656188606,-1.0109383995394359,1.0,0.0,0.0,0.0,0.0,1.0,0.0,5.24
STU-14410,0.3590851631044136,-0.7568543797007747,0.6530657947542613,-1.747566016479826,0.4,-0.8707269155206289,0.33160621761658043,0.0,1.0,0.0,0.0,0.0,0.0,1.0,3.75
STU-12755,0.12297028265631738,0.023413867238467827,-0.024989064256728834,0.0,-0.6,0.24990176817288803,-0.9004029936672425,0.0,1.0,0.0,0.0,0.0,0.0,1.0,4.95
STU-12921,0.44241982679197767,1.0623345717266302,0.5448132047815348,0.15942125741309288,0.4,-0.028290766208251432,1.0938399539435812,1.0,0.0,0.0,0.0,1.0,0.0,0.0,4.04
STU-11331,-0.3353703676252814,1.0623345717266302,1.5043247977216152,0.9287637627604509,0.2,1.111198428290766,0.08981001727115731,1.0,0.0,1.0,0.0,0.0,0.0,0.0,5.41
STU-10421,-2.099287415678706,-0.4773660297381925,-0.09190884714895935,0.7978118469566453,0.6,-1.0860510805500985,-0.1980426021876798,1.0,0.0,0.0,0.0,0.0,1.0,0.0,2.25
STU-14577,0.386863384333602,1.0623345717266302,1.5043247977216152,0.42950958375844195,-0.6,0.42436149312377236,-0.25561312607944725,0.0,1.0,0.0,0.0,1.0,0.0,0.0,4.62
STU-14238,-2.5159607341165233,-0.410547478204721,-0.3763179244409422,1.0106087101378292,-0.4,-0.05500982318271115,-0.9004029936672425,0.0,1.0,0.0,0.0,0.0,0.0,1.0,2.97
STU-11600,1.0674298044487034,1.0623345717266302,-0.6302194536497018,1.5098628891398373,-1.0,0.9037328094302558,0.42141623488773755,1.0,0.0,0.0,0.0,1.0,0.0,0.0,4.88
STU-14943,1.317433795511393,-0.1964407216781145,1.0329339741131034,-0.5444452900323623,0.4,-0.4510805500982318,-0.49050086355785844,0.0,1.0,0.0,0.0,0.0,1.0,0.0,4.16
STU-10619,0.0,-0.6167509651951104,0.9886488236697161,0.7487048785302177,-0.8,-0.39921414538310407,-0.6701208981001727,0.0,1.0,0.0,0.0,1.0,0.0,0.0,4.03
STU-14433,1.4702140122719252,1.0623345717266302,1.5043247977216152,0.6504909416773635,-0.2,1.1300589390962672,1.3379389752446749,0.0,1.0,0.0,0.0,1.0,0.0,0.0,5.93
STU-13884,-0.5437070268441891,-1.0054481305672376,-1.5779216731382113,1.0024242154000915,0.2,-0.42907662082514747,0.5549798503166382,1.0,0.0,0.0,0.0,0.0,0.0,1.0,2.39
STU-14729,-0.8492674603652558,-1.7124315145342859,-2.271722363417962,-0.1434050478832076,1.4,-1.2589390962671907,0.24640184225676465,1.0,0.0,0.0,1.0,0.0,0.0,0.0,2.11
STU-12467,-0.05758815533340317,1.0623345717266302,-0.5327921226742479,0.5440925100867715,-0.2,0.40707269155206294,-0.2625215889464594,1.0,0.0,0.0,0.0,0.0,0.0,1.0,3.9
STU-10101,-0.43259414192743784,-1.4911399675202102,-0.643997056009867,1.370726478598294,0.2,-0.14145383104125744,-0.27633851468048365,1.0,0.0,0.0,0.0,1.0,0.0,0.0,2.76
STU-10528,0.2618613888022571,0.6405873701121405,1.0841079257365753,-0.012453132079401899,-0.6,1.0341846758349706,0.6493955094991364,0.0,1.0,0.0,0.0,1.0,0.0,0.0,5.2
STU-10020,0.0,-0.5190378145655185,-1.2718620778516831,-0.3480174163266538,-1.0,-1.0907662082514735,0.8474381116868166,0.0,1.0,0.0,0.0,0.0,1.0,0.0,2.66
STU-12955,1.1229862469070777,0.0,-0.9136444164873866,-1.9358093954477966,1.0,0.8770137524557958,-0.7207829591249281,0.0,1.0,0.0,0.0,0.0,0.0,1.0,4.56
STU-14925,-0.9881585665111943,-0.057055786221196565,-0.6213624235610238,-1.0846219427230603,0.2,-0.8188605108055012,-0.03684513529073118,0.0,1.0,0.0,0.0,0.0,0.0,1.0,4.01
STU-10460,-2.1965111899808636,0.17142055128034908,0.12361221834219693,0.6832289206283149,0.6,-0.48408644400785866,1.1859527921704087,1.0,0.0,0.0,0.0,0.0,0.0,1.0,3.68
STU-12723,-0.09925548717718521,0.0,-0.3379374607233389,0.10212979424892772,0.4,0.4086444007858546,-0.8497409326424872,1.0,0.0,0.0,0.0,1.0,0.0,0.0,3.84
STU-12794,-0.9742694558966007,-0.8114587874055471,-1.785569822994989,1.411648952286984,1.0,-1.2479371316306485,1.0823258491652277,1.0,0.0,0.0,1.0,0.0,0.0,0.0,2.07
STU-11300,0.9007604770735764,0.9998268944856408,0.7130967764664099,2.369234836602312,-0.6,0.29233791748526516,1.2135866436384575,1.0,0.0,0.0,1.0,0.0,0.0,0.0,4.48
STU-11654,-2.2798458536684265,-0.38899310674231113,-1.2885920235747412,-0.3070949426379647,-0.2,-0.1100196463654223,0.2026482440990213,1.0,0.0,0.0,0.0,1.0,0.0,0.0,3.57
STU-13722,-0.6409308011463468,0.2188401684976519,-0.4265077616101161,0.7814428574811692,0.6,-0.9870333988212181,0.8036845135290731,0.0,1.0,0.0,0.0,1.0,0.0,0.0,3.74
STU-13399,-1.252051668188479,-1.2166809708988555,-0.684345748636065,0.42950958375844195,-0.8,-0.5563850687622789,0.009211283822682796,1.0,0.0,0.0,0.0,0.0,0.0,1.0,2.95
STU-12588,-0.015920823489621122,-1.3840865892569065,-2.2067708094343264,1.5016783944020997,-0.2,-0.8864440078585463,1.146804835924007,1.0,0.0,0.0,0.0,1.0,0.0,0.0,2.63
STU-12027,-0.7381545754485045,-2.98342095176773,-1.4224315893592037,1.0187932048755668,-0.6,-1.5214145383104127,-0.3016695451928612,0.0,1.0,1.0,0.0,0.0,0.0,0.0,2.07
STU-13832,0.17852672511469303,0.04712367584711872,-0.19425675039590187,-0.9618545216569924,-1.0,-0.43693516699410606,-0.44905008635578586,1.0,0.0,1.0,0.0,0.0,0.0,0.0,3.72
STU-13383,0.24797227818766227,1.0623345717266302,1.5043247977216152,-0.33164842685117846,2.2,0.894302554027505,0.0,1.0,0.0,0.0,0.0,0.0,1.0,0.0,5.09
STU-10083,-0.27981392516690573,0.009762765312273958,-1.4253839327220963,2.5001867524061177,0.6,-1.1096267190569746,-0.6816350028785263,1.0,0.0,0.0,0.0,1.0,0.0,0.0,3.62
STU-12205,-0.4881505843858135,0.14699226362295184,-0.8083441698775528,1.1579296154171101,-0.6,-0.05500982318271115,0.35463442717328736,1.0,0.0,1.0,0.0,0.0,0.0,0.0,4.32
STU-12528,1.7896635564075856,-0.2776288541865263,-1.8209979433496997,0.6259374574641497,0.8,-0.8235756385068764,0.432930339666091,0.0,1.0,0.0,0.0,0.0,1.0,0.0,4.36
STU-10129,0.44241982679197767,0.19369340179150626,-0.08600416042317402,-0.8718250795418758,1.0,-0.14616895874263258,-0.4122049510650548,0.0,1.0,1.0,0.0,0.0,0.0,0.0,4.47
STU-13907,0.13685939327091098,0.8352951923225782,0.29287990448136997,-0.4707848373927218,-1.0,1.0593320235756387,-0.4697754749568222,1.0,0.0,0.0,0.0,0.0,0.0,1.0,4.57
STU-12200,0.20630494634388147,-2.4424062280612384,-2.025693749843583,0.33129564690558766,0.8,-0.8031434184675835,-0.13356361542890044,1.0,0.0,0.0,1.0,0.0,0.0,0.0,2.55
STU-14865,1.6924397821054278,1.0623345717266302,1.5043247977216152,-0.7490576584758085,1.8,0.9131630648330061,0.08290155440414516,1.0,0.0,0.0,0.0,1.0,0.0,0.0,5.98
STU-10640,-1.2937190000322598,-0.6548303547787016,-1.4716373120740796,0.6095684679886744,0.0,-0.4196463654223969,-0.9372481289579737,0.0,1.0,0.0,1.0,0.0,0.0,0.0,3.41
STU-14297,-0.3770376994690622,-0.5549617670028685,0.48379810861508826,-0.6099212479342652,0.4,-0.4165029469548135,0.4812895797351756,0.0,1.0,0.0,1.0,0.0,0.0,0.0,3.39
STU-13846,1.7896635564075856,-0.8337316379167043,-0.06435364242862872,-0.6835817005739057,-0.2,-0.38506876227897835,0.6332757628094419,0.0,1.0,0.0,0.0,0.0,1.0,0.0,3.98
STU-10221,-1.5992794335533265,0.005451891019792813,-0.2788905934654884,1.0106087101378292,-0.6,-0.5642436149312378,0.31318364997121484,1.0,0.0,0.0,1.0,0.0,0.0,0.0,2.83
STU-12941,1.6229942290324586,1.0623345717266302,1.5043247977216152,2.2792053944871946,0.2,0.5548133595284872,-0.5365572826712723,0.0,1.0,0.0,1.0,0.0,0.0,0.0,6.17
STU-11935,1.2757664636676112,1.0623345717266302,0.7682071859070712,0.8714722995962858,-0.8,0.7104125736738707,0.3822682786413357,1.0,0.0,0.0,0.0,1.0,0.0,0.0,5.64
STU-10821,-1.1409387832717277,-1.9703654930344592,-2.1093434784588716,-0.7081351847871195,0.2,-1.4271119842829079,-0.11514104778353484,1.0,0.0,0.0,0.0,1.0,0.0,0.0,2.62
STU-10244,-0.140922819020966,-0.6850064748260747,-1.2384021864055688,0.43769407849617964,2.2,-1.4412573673870337,-0.4997121473805412,1.0,0.0,0.0,1.0,0.0,0.0,0.0,2.61
STU-11446,0.3729742737190084,-0.5951965937326996,-0.8998668141272226,-0.8718250795418758,0.4,-0.22789783889980347,1.0109383995394359,0.0,1.0,0.0,0.0,0.0,0.0,1.0,4.85
STU-11875,-1.0714932301987572,0.0,-1.9617263103142442,-0.19251201630963508,0.0,-0.9461689587426327,-0.18192285549798506,0.0,1.0,1.0,0.0,0.0,0.0,0.0,3.6
STU-10834,-0.5992634693025648,-0.15764285304577705,-0.499332231228132,1.0269776996133044,-0.4,-0.3489194499017683,0.0,0.0,1.0,0.0,1.0,0.0,0.0,0.0,3.49
STU-14856,-1.8770616458452034,-1.6686042925607187,-1.7629351905461457,0.22489721531499574,0.6,-1.2762278978389,-0.33621185952792176,1.0,0.0,1.0,0.0,0.0,0.0,0.0,1.63
STU-11592,0.0,-0.6203433604388452,-0.5091733757711066,0.5522770048245093,-1.0,0.0,0.2556131260794474,0.0,1.0,1.0,0.0,0.0,0.0,0.0,4.29
STU-13379,0.6090891541671046,1.0623345717266302,1.5043247977216152,0.5604614995622477,1.4,2.008644400785855,-1.0961427748992516,1.0,0.0,0.0,0.0,0.0,0.0,1.0,5.96
STU-12756,-0.09925548717718521,0.9926421039981712,1.5043247977216152,-0.06156010050582939,-0.4,0.0,0.7161773172135868,0.0,1.0,0.0,1.0,0.0,0.0,0.0,5.05
STU-13634,-1.0992714514279456,-0.36887569337739506,0.6953827162890552,0.12668327846214147,0.4,-0.8848722986247546,1.7524467472654004,0.0,1.0,0.0,0.0,0.0,0.0,1.0,4.52
STU-10054,-1.765948760928452,-0.07429928339112421,-0.3900955268011075,-0.20069651104737277,0.0,-1.5889980353634579,-0.4122049510650548,1.0,0.0,1.0,0.0,0.0,0.0,0.0,3.87
STU-14040,0.9840951407611392,-1.887021923379807,1.3985107533152335e-15,1.1906675943680622,0.4,-0.2813359528487229,0.7023603914795625,0.0,1.0,0.0,0.0,0.0,0.0,1.0,3.63
STU-13307,-0.0020317128750275202,1.0623345717266302,0.060628893267155703,-0.176143026834159,-0.6,-0.2829076620825146,0.30857800805987334,1.0,0.0,1.0,0.0,0.0,0.0,0.0,4.0
STU-12397,0.9563169195319521,0.0,1.3537552862140947,0.33948014164332535,0.4,0.1948919449901769,1.4622913068508927,1.0,0.0,0.0,0.0,0.0,0.0,1.0,4.62
STU-10851,0.8035367027714188,1.0623345717266302,-0.16374920231267856,-0.7163196795248571,0.2,0.9115913555992141,-1.0523891767415086,0.0,1.0,0.0,0.0,1.0,0.0,0.0,5.33
STU-14889,1.7896635564075856,1.0623345717266302,1.5043247977216152,-0.6835817005739057,0.6,2.362278978388998,-1.0823258491652274,1.0,0.0,0.0,0.0,1.0,0.0,0.0,5.82
STU-13479,-0.27981392516690573,1.0623345717266302,1.3183271658593843,-0.33983292158891615,1.2,0.0,0.32700057570523894,0.0,1.0,0.0,0.0,0.0,1.0,0.0,4.4
STU-10201,1.2757664636676112,1.0623345717266302,0.25351532630947005,-1.739381521742088,0.6,0.21846758349705317,-0.4766839378238342,1.0,0.0,0.0,0.0,0.0,0.0,1.0,5.46
STU-10155,-1.0992714514279456,0.15920640745165096,-0.5357444660371405,0.6750444258905772,0.8,-0.18860510805500974,2.3304548071387456,0.0,1.0,0.0,0.0,0.0,0.0,1.0,3.94
STU-11902,-1.7520596503138586,-2.935282855501681,-0.668599917367305,-0.298910447900227,0.2,-1.5889980353634579,0.4052964881980426,1.0,0.0,0.0,0.0,0.0,0.0,1.0,3.04
STU-14216,-0.877045681594443,0.9847388344619542,0.3647202596450892,0.5277235206112962,0.4,-0.906876227897839,-0.2026482440990213,1.0,0.0,0.0,1.0,0.0,0.0,0.0,3.0
STU-14326,0.6785347072400738,1.0623345717266302,-0.25035127429085974,0.8469188153830713,0.4,0.22789783889980375,-0.22797927461139905,1.0,0.0,0.0,0.0,1.0,0.0,0.0,4.52
STU-14553,-0.4048159206982506,0.0,-1.1980534937793694,0.0284693416092872,-0.6,0.0,0.07138744962579172,1.0,0.0,0.0,0.0,0.0,0.0,1.0,3.06
STU-13001,1.1090971362924842,0.6046634176747905,1.5043247977216152,-0.8718250795418758,0.6,0.4793713163064835,0.02072538860103624,1.0,0.0,0.0,0.0,0.0,0.0,1.0,4.73
STU-13645,-0.140922819020966,0.0,-0.9195491032131718,0.044838331084762546,0.4,-0.015717092337917432,0.34772596430627517,1.0,0.0,0.0,0.0,0.0,0.0,1.0,3.39
STU-11856,0.8452040346152008,0.5673025071399468,1.5043247977216152,0.805996341694383,0.4,0.4825147347740669,-0.6655152561888313,1.0,0.0,0.0,0.0,0.0,0.0,1.0,5.26
STU-10957,1.0535406938341085,-0.11237867297471532,-1.4824625710713522,2.0745930260437486,-0.4,-0.5186640471512769,-0.8336211859527922,0.0,1.0,0.0,0.0,0.0,1.0,0.0,4.61
STU-13536,1.7896635564075856,1.0623345717266302,1.3985107533152335e-15,-0.2170655005228481,1.4,1.2055009823182714,-0.5296488198042603,1.0,0.0,0.0,1.0,0.0,0.0,0.0,5.86
STU-11349,-0.2381465933231237,-0.009636169003894772,-0.17949503358143853,-0.48715382686819714,0.2,0.5296660117878195,1.7040875071963155,0.0,1.0,0.0,0.0,0.0,0.0,1.0,4.12
STU-13499,0.3174178312606327,-0.209373344555561,-0.7591384471626769,-1.3956327427570985,-0.2,-0.5045186640471512,-0.5572826712723087,1.0,0.0,1.0,0.0,0.0,0.0,0.0,3.25
STU-11556,1.3868793485843625,0.04424975965213027,0.5044645121553369,-0.7899801321644976,-0.4,0.9414538310412576,-0.05526770293609678,1.0,0.0,0.0,0.0,1.0,0.0,0.0,4.81
STU-10977,-0.07147726594799676,0.30002830100606265,-0.7325673568966442,-0.5198918058191486,-0.8,0.6286836935166998,-0.7783534830166955,0.0,1.0,0.0,0.0,0.0,1.0,0.0,4.12
STU-10406,0.5813109329379161,1.0623345717266302,1.5043247977216152,-0.8309026058531868,0.8,1.4318271119842834,0.0,1.0,0.0,0.0,0.0,1.0,0.0,0.0,5.13
STU-10253,1.3868793485843625,0.7555440179116613,0.6668433971144266,-0.659028216360692,0.2,0.9335952848722987,1.4415659182498564,1.0,0.0,0.0,1.0,0.0,0.0,0.0,4.23
STU-14201,-0.7937110179068801,-1.1663874374865653,-0.990405343922593,-0.42167786896629433,1.0,0.6019646365422398,-0.455958549222798,1.0,0.0,0.0,1.0,0.0,0.0,0.0,4.01
STU-13951,1.0257624726049213,-2.341819161236659,-2.1585492011737477,-0.8800095742796142,0.2,-0.4903732809430255,0.601036269430052,0.0,1.0,0.0,0.0,1.0,0.0,0.0,2.83
STU-12082,0.0,0.0,0.1797067422371562,-0.7572421532135463,0.4,0.9257367387033398,-0.2394933793897525,0.0,1.0,0.0,0.0,0.0,1.0,0.0,4.15
STU-14719,-0.6409308011463468,0.308650049591027,-1.1084990784382955,-1.5756916269873311,-1.0,0.0,0.2924582613701786,0.0,1.0,1.0,0.0,0.0,0.0,0.0,4.41
STU-13085,-0.9464912346674123,-0.023287270930087617,-0.18441560585292585,1.0924536575152073,0.0,-1.0609037328094304,-0.9671848013816926,1.0,0.0,0.0,0.0,0.0,1.0,0.0,2.82
STU-10933,0.7896475921568251,-0.4076735620097325,0.842015769979385,-1.1664668901004387,-0.4,-0.6805500982318272,-0.9856073690270581,1.0,0.0,0.0,1.0,0.0,0.0,0.0,4.25
STU-10487,0.9702060301465456,1.0623345717266302,0.27811818766690805,0.34766463638106304,0.0,0.6428290766208256,-0.19113413932066786,1.0,0.0,0.0,0.0,1.0,0.0,0.0,4.8
STU-14928,-0.8214892391360673,0.9401931334396398,0.7711595292699638,0.7732583627434315,-1.0,-0.3049115913555992,-0.4075993091537133,1.0,0.0,0.0,0.0,0.0,0.0,1.0,5.29
STU-12906,-1.2659407788030725,-1.4422833922054137,-1.978456256037302,0.20852822583951966,0.8,-0.5579567779960707,-0.6563039723661486,0.0,1.0,0.0,0.0,0.0,0.0,1.0,3.25
STU-10388,-0.5020396950004083,1.0623345717266302,0.8282381676192196,-1.6084296059382825,0.2,-0.6113948919449904,-0.6217616580310881,0.0,1.0,0.0,0.0,0.0,0.0,1.0,4.2
STU-12324,0.7618693709276366,0.0,0.6058283009479815,1.1742986048925854,1.0,-1.0593320235756387,-0.0023028209556706478,0.0,1.0,0.0,0.0,0.0,1.0,0.0,4.1
STU-10648,1.7896635564075856,0.8209256113476381,0.252531211855172,1.6489992996813807,0.4,0.1964636542239686,-0.05526770293609678,1.0,0.0,0.0,0.0,0.0,1.0,0.0,4.98
STU-13259,-0.2520357039377173,-2.019940547398002,0.9758553357638474,0.21671272057725732,0.8,-0.30333988212180746,-0.234887737478411,1.0,0.0,0.0,0.0,0.0,1.0,0.0,3.31
STU-14330,0.49797626925035327,0.003296453873551729,1.5043247977216152,0.724151394317004,0.2,0.4432220039292732,-0.14047207829591238,1.0,0.0,0.0,1.0,0.0,0.0,0.0,4.7
STU-12681,0.3590851631044136,0.6456167234533701,-0.4796499421421813,-0.4462313531795081,1.2,-0.17445972495088402,0.5987334484743814,1.0,0.0,1.0,0.0,0.0,0.0,0.0,4.85
STU-11975,-1.4603883274073866,0.0,1.5043247977216152,0.7323358890547425,0.0,-1.0357563850687623,0.4513529073114566,1.0,0.0,0.0,0.0,0.0,1.0,0.0,3.61
STU-14274,-1.5159447698657622,1.0623345717266302,1.3985107533152335e-15,-0.06974459524356708,0.4,-0.9414538310412576,-0.2625215889464594,1.0,0.0,0.0,0.0,0.0,0.0,1.0,3.19
STU-12350,0.7202020390838558,0.0,1.0004581971212854,-1.3874482480193608,-0.8,-0.6585461689587426,0.28324697754749584,1.0,0.0,1.0,0.0,0.0,0.0,0.0,3.98
STU-11964,-0.6131525799171597,1.0623345717266302,0.48773456643227897,1.3543574891228187,0.2,0.2860510805500983,0.041450777202072686,1.0,0.0,0.0,0.0,0.0,0.0,1.0,4.53
STU-11617,0.0,1.0623345717266302,-0.5249192070398679,0.1921592363640443,0.2,0.30019646365422403,-0.32239493379389744,1.0,0.0,0.0,0.0,1.0,0.0,0.0,4.35
STU-14088,0.45630893740657125,1.0623345717266302,1.0595050643791373,-1.5102156690854283,-0.8,0.7795677799607073,-0.6217616580310881,1.0,0.0,0.0,0.0,0.0,1.0,0.0,5.37
STU-10841,1.7896635564075856,0.6362764958196584,0.10688227261913895,-0.659028216360692,-0.4,0.35520628683693517,0.0,0.0,1.0,0.0,0.0,1.0,0.0,0.0,4.5
STU-10509,-1.085382340813352,0.6161590824547433,1.152995937537402,0.0284693416092872,-0.6,-0.3457760314341846,0.7829591249280369,1.0,0.0,1.0,0.0,0.0,0.0,0.0,4.82
STU-11876,0.8868713664589816,0.7548255388629138,0.29484813338996463,-1.5265846585609042,-0.2,0.11316306483300602,0.4237190558434082,0.0,1.0,0.0,0.0,0.0,1.0,0.0,4.21
STU-12143,-0.6964872436047225,-1.6190292381971758,-0.5495220683973059,-0.20888100578511043,-0.4,-0.25147347740667975,0.2026482440990213,1.0,0.0,0.0,1.0,0.0,0.0,0.0,3.1
STU-12120,-0.41870503131284426,-0.021850312832593904,0.20824606141178345,-0.3807553952776052,1.0,0.10373280943025544,-0.02763385146804839,0.0,1.0,0.0,0.0,0.0,1.0,0.0,3.98
STU-14909,0.2618613888022571,0.8158962580064085,0.3204351092017006,-0.1843275215718967,0.0,0.36306483300589404,-0.029936672423719037,0.0,1.0,0.0,0.0,0.0,1.0,0.0,4.62
STU-13063,-0.877045681594443,-0.3595354657436844,-0.028925522073918124,0.07757631003571397,-0.4,-0.1964636542239686,0.3799654576856651,1.0,0.0,0.0,0.0,0.0,1.0,0.0,3.58
STU-13938,1.0952080256778904,0.16064336554914468,1.5043247977216152,0.1184987837244038,-0.2,0.059724950884086574,-0.1980426021876798,1.0,0.0,0.0,0.0,0.0,0.0,1.0,5.0
STU-14160,-2.2242894112100506,-0.49820192215185494,-1.3525594631040805,-1.2974188059042444,-0.4,-0.5312377210216109,0.8474381116868166,1.0,0.0,0.0,1.0,0.0,0.0,0.0,2.53
STU-10314,-0.029809934104214727,0.6226253938934655,1.2789625876874828,0.9533172469736639,1.4,0.8502946954813364,1.271157167530225,0.0,1.0,0.0,0.0,0.0,0.0,1.0,5.3
STU-14997,0.17852672511469303,1.0623345717266302,0.8784280047883937,0.012100352133811124,-0.8,0.8172888015717096,0.8405296488198043,1.0,0.0,0.0,0.0,0.0,1.0,0.0,5.33
STU-13723,1.7896635564075856,0.6161590824547433,-0.43634890615309074,0.6095684679886744,-0.4,0.6506876227897838,0.6401842256764538,0.0,1.0,0.0,0.0,1.0,0.0,0.0,5.35
STU-10858,-0.7520436860630981,-0.5707683060753024,-1.648777913847634,-0.176143026834159,-1.0,-0.6208251473477406,0.2533103051237768,1.0,0.0,0.0,0.0,0.0,0.0,1.0,3.5
STU-14322,0.8590931452297944,1.0623345717266302,1.3380094549453347,0.1512367626753552,0.2,0.8157170923379176,0.14738054116292473,0.0,1.0,0.0,0.0,0.0,0.0,1.0,4.94
STU-10682,0.386863384333602,-0.21727661409177798,-0.03187786543681079,0.15942125741309288,0.6,-1.439685658153242,-0.5918249856073691,1.0,0.0,0.0,0.0,0.0,0.0,1.0,2.89
STU-10318,-0.0020317128750275202,0.07442587969950441,-0.9510407657506932,-1.0436994690343706,-1.0,-0.47308447937131637,-1.1030512377662638,1.0,0.0,0.0,0.0,0.0,0.0,1.0,4.02
STU-12616,-0.2381465933231237,1.004137768778123,1.2277886360640122,0.6504909416773635,0.2,0.06129666011787829,-0.37996545768566486,1.0,0.0,0.0,0.0,1.0,0.0,0.0,5.21
STU-11488,-0.8631565709798494,-0.9350371837900312,-0.8910097840385446,-0.8800095742796142,0.2,-0.40078585461689575,0.8796776050662061,1.0,0.0,0.0,0.0,0.0,1.0,0.0,3.09
STU-14590,0.0,1.0623345717266302,-1.1124355362554863,-0.5853677637210514,0.4,-1.1724950884086447,0.08290155440414516,0.0,1.0,0.0,1.0,0.0,0.0,0.0,2.81
STU-13622,-1.252051668188479,-2.7405750332912437,-1.823950286712591,0.0,0.2,-1.0499017681728882,0.2164651698330456,1.0,0.0,0.0,1.0,0.0,0.0,0.0,2.28
STU-12579,0.05352472958334813,-0.03190901951505195,-0.23854190083928906,1.1415606259416349,0.6,0.17445972495088402,0.3431203223949339,0.0,1.0,0.0,0.0,0.0,0.0,1.0,4.54
STU-10066,-0.05758815533340317,0.17213903032909644,1.3985107533152335e-15,0.470432057447131,0.0,-0.006286836935166861,-1.1445020149683363,1.0,0.0,0.0,0.0,0.0,0.0,1.0,4.12
STU-13358,-0.4603723631566263,-0.07789167863486003,-0.636124140375487,-0.8063491216399737,0.2,-0.5893909626719058,1.3724812895797354,0.0,1.0,0.0,0.0,0.0,1.0,0.0,3.21
STU-10285,-1.9603963095327674,-0.9228230399613321,-1.1645936023332548,-2.5250930165649215,-1.0,-1.33909626719057,0.24179620034542315,1.0,0.0,0.0,0.0,1.0,0.0,0.0,2.25
STU-14181,-0.5159288056150019,-1.1728537489252886,-1.9745197982201113,-0.10248257419451849,0.4,-1.0451866404715129,-0.9073114565342545,1.0,0.0,0.0,0.0,0.0,0.0,1.0,2.58
STU-12777,-0.2103683720939365,0.42504365548804035,0.3322444826532713,-0.6344747321474782,-0.6,0.06286836935167,0.2717328727691424,0.0,1.0,0.0,0.0,0.0,1.0,0.0,3.74
STU-11861,1.7896635564075856,-2.4093561918188766,-0.708948609993503,1.0597156785642567,-1.0,-0.8172888015717094,-0.5618883131836501,1.0,0.0,0.0,0.0,1.0,0.0,0.0,4.23
STU-12972,-0.5437070268441891,-1.472459512252788,-2.271722363417962,-1.0027769953456815,-0.2,-1.4475442043222009,0.0,0.0,1.0,0.0,0.0,0.0,0.0,1.0,3.01
STU-14391,-0.6131525799171597,-0.4335388077646245,-1.4007810713646585,-0.7736111426890223,0.4,-0.048722986247544293,0.6493955094991364,0.0,1.0,0.0,0.0,1.0,0.0,0.0,3.06
STU-11381,0.08130295081253533,0.44372411075546275,0.2495788684922794,-0.5198918058191486,1.6,0.746561886051081,-0.5780080598733449,0.0,1.0,1.0,0.0,0.0,0.0,0.0,5.38
STU-14671,-1.3353863318760417,-0.38540071149857635,-0.855581663683834,-1.8294109638572047,-1.0,0.40707269155206294,1.4070236039147959,0.0,1.0,0.0,0.0,0.0,1.0,0.0,4.74
STU-13522,0.2618613888022571,1.0623345717266302,1.5043247977216152,0.4868010469226064,0.4,0.5563850687622792,0.7069660333909038,1.0,0.0,0.0,1.0,0.0,0.0,0.0,5.32
STU-14441,-0.05758815533340317,-1.800804437530167,-1.2354498430426761,0.470432057447131,0.4,-1.0451866404715129,0.07829591249280367,1.0,0.0,0.0,1.0,0.0,0.0,0.0,2.79
STU-12782,1.1368753575216726,1.060179134580389,-0.7709478206142475,0.08576080477345237,0.6,-0.15559921414538316,-0.17962003454231443,0.0,1.0,0.0,0.0,0.0,1.0,0.0,4.48
STU-12629,-0.349259478239875,0.0,0.6186217888538488,-0.3889398900153429,0.8,1.7980353634577606,-0.013816925734024092,1.0,0.0,0.0,0.0,1.0,0.0,0.0,4.6
STU-12090,0.33130694187522636,1.0623345717266302,0.7573819269097984,0.08576080477345237,-0.6,0.6239685658153243,-0.47898675877950486,0.0,1.0,0.0,0.0,0.0,0.0,1.0,3.66
STU-13489,0.8729822558443879,1.0623345717266302,1.5043247977216152,-0.7326886690003325,1.4,0.9618860510805501,0.2302820955670697,1.0,0.0,0.0,0.0,1.0,0.0,0.0,5.14
STU-12531,0.2896396100314443,-0.44144207730084245,0.2289124649520321,0.0,-1.0,-0.10058939096267201,0.8036845135290731,1.0,0.0,0.0,0.0,1.0,0.0,0.0,3.82
STU-14468,-1.0576041195841634,-0.8337316379167043,-0.6213624235610238,-0.11066706893225617,-1.0,-0.4432220039292732,0.20034542314335066,0.0,1.0,0.0,0.0,0.0,1.0,0.0,2.91
STU-14429,0.4007524949481956,0.7749429522278299,1.3468664850340129,0.1430522679376168,-0.6,0.9666011787819255,-0.3753598157743236,0.0,1.0,1.0,0.0,0.0,0.0,0.0,4.99
STU-10273,0.6507564860108854,-0.09585365485353504,0.6353517345769067,-1.6084296059382825,0.4,-0.07544204322200401,0.14277489925158324,1.0,0.0,0.0,0.0,1.0,0.0,0.0,4.18
STU-10130,-0.3631485888544686,1.0623345717266302,-0.9352949344819332,-0.10248257419451849,0.6,0.3724950884086446,-0.24870466321243528,1.0,0.0,0.0,0.0,0.0,1.0,0.0,3.29
STU-12428,-0.6409308011463468,1.0623345717266302,1.5043247977216152,-0.012453132079401899,0.2,1.8546168958742635,0.5572826712723088,0.0,1.0,0.0,0.0,0.0,1.0,0.0,5.28
STU-13067,-0.11314459779177881,-0.03981228905126891,-0.28577939464557034,0.6914134153660526,1.8,0.11787819253438116,-0.42832469775474963,0.0,1.0,0.0,0.0,0.0,1.0,0.0,4.53
STU-12988,-0.43259414192743784,0.47102631460784844,-0.9195491032131718,-0.8390871005909244,0.6,-0.7371316306483301,-0.4006908462867013,1.0,0.0,0.0,1.0,0.0,0.0,0.0,3.69
STU-12305,-0.7520436860630981,-0.3595354657436844,-1.1252290241613536,-0.20069651104737277,-0.4,-0.8377210216110021,-0.7990788716177318,0.0,1.0,0.0,0.0,0.0,0.0,1.0,3.31
STU-12245,-1.8492834246160161,1.0623345717266302,-1.7973791964465584,0.8632878048585481,0.8,-0.08330058939096259,0.6079447322970639,0.0,1.0,0.0,0.0,1.0,0.0,0.0,3.33
STU-12653,-1.3909427743344174,-1.1225602155129983,-1.808204455443831,-1.2892343111665066,-1.0,-0.594106090373281,0.8658606793321822,0.0,1.0,0.0,0.0,0.0,0.0,1.0,3.08
STU-14472,0.9424278089173572,-0.7762533140169445,1.3985107533152335e-15,0.17579024688856823,1.2,0.3897838899803538,-0.46516983304548076,1.0,0.0,0.0,0.0,0.0,1.0,0.0,4.64
STU-10194,1.6229942290324586,1.0623345717266302,0.24269006731219742,0.8878412890717611,-1.0,1.3453831041257371,-0.1128382268278642,0.0,1.0,0.0,0.0,0.0,0.0,1.0,5.35
STU-13047,1.7896635564075856,0.2425499771063028,-0.517046291405488,-0.04519111103035332,0.4,0.0,-0.6493955094991365,1.0,0.0,0.0,1.0,0.0,0.0,0.0,4.26
STU-10786,1.3868793485843625,-0.37318656766987723,0.19250023014302348,-0.24980347947379952,9.4,-0.587819253438114,0.2625215889464596,1.0,0.0,0.0,1.0,0.0,0.0,0.0,4.62
STU-14327,-0.4742614737712199,1.0623345717266302,0.32830802483608057,-0.7081351847871195,-0.6,1.6911591355599216,-0.4191134139320668,1.0,0.0,0.0,0.0,0.0,1.0,0.0,4.46
STU-10990,1.6785506714908343,-0.16482764353324664,0.6363358490312048,1.3952799628115085,0.4,0.4275049115913558,-0.10362694300518141,1.0,0.0,0.0,0.0,0.0,0.0,1.0,4.66
STU-12896,1.081318915063297,0.15417705411042143,0.3765296330966599,-0.8063491216399737,-0.4,-0.6742632612966603,-0.9487622337363272,1.0,0.0,0.0,1.0,0.0,0.0,0.0,4.22
STU-10864,1.7896635564075856,1.019944307850557,1.5043247977216152,1.5998923312549547,-0.4,0.6726915520628683,-0.8520437535981578,0.0,1.0,0.0,0.0,0.0,1.0,0.0,6.07
STU-10138,-0.9187130134382251,-0.572205264172796,-0.8762480672240813,-0.8472715953286628,0.6,-0.875442043222004,0.38457109959700636,1.0,0.0,1.0,0.0,0.0,0.0,0.0,3.1
STU-13299,0.16463761450009942,-1.06220797541825,0.4365606148088084,1.558969857566265,-0.6,-0.6129666011787821,0.3615428900402995,1.0,0.0,0.0,1.0,0.0,0.0,0.0,4.54
STU-14926,0.5674218223233225,-0.9917970286410447,-0.9559613380221805,-0.5689987742455761,-1.0,-0.5752455795677801,0.0,1.0,0.0,0.0,0.0,0.0,0.0,1.0,3.93
STU-10424,1.7896635564075856,0.3646914153932931,0.0015820260093051674,-0.9127475532305657,0.0,-0.4573673870333989,-0.11974668969487615,0.0,1.0,0.0,1.0,0.0,0.0,0.0,4.77
STU-13191,1.7896635564075856,-0.05490034907495548,-0.6548223150071397,-0.7163196795248571,2.2,0.028290766208251432,0.5872193436960277,0.0,1.0,0.0,0.0,0.0,1.0,0.0,5.26
STU-10967,1.7896635564075856,1.0623345717266302,1.3143907080421935,-1.7148280375288745,0.8,1.020039292730845,1.004029936672424,1.0,0.0,0.0,0.0,0.0,1.0,0.0,5.25
STU-12396,1.48410312288652,1.0623345717266302,1.0388386608388887,-0.6426592268852166,0.4,1.450687622789784,-0.36154289004029927,1.0,0.0,0.0,0.0,1.0,0.0,0.0,5.96
STU-14414,0.09519206142713017,-0.12674825394965553,0.1885637723258328,0.8387343206453336,-1.0,0.0,-0.7230857800805988,1.0,0.0,0.0,1.0,0.0,0.0,0.0,4.62
STU-11697,0.7063129284692611,1.0623345717266302,1.5043247977216152,-0.8472715953286628,1.0,1.103339882121808,0.8267127230857804,0.0,1.0,0.0,1.0,0.0,0.0,0.0,5.77
STU-12101,-1.0020476771257878,0.468152398412861,-1.3318930595638319,1.6244458154681678,-0.2,0.2090373280943026,-0.75993091537133,1.0,0.0,1.0,0.0,0.0,0.0,0.0,4.36
STU-14715,-0.19647926147934167,-0.29774626755144235,0.3263397959274859,0.4868010469226064,0.6,-0.31434184675834975,-0.27633851468048365,0.0,1.0,1.0,0.0,0.0,0.0,0.0,4.86
STU-12974,0.4007524949481956,-1.054304705882033,-0.2533036176537524,0.9696862364491393,2.0,-0.7732809430255404,0.8566493955094993,1.0,0.0,0.0,0.0,1.0,0.0,0.0,3.65
STU-12549,-1.113160562042539,-1.223865761386325,-1.318115457203668,-0.5608142795078377,0.6,-0.37406679764243606,0.9763960852043754,1.0,0.0,0.0,0.0,0.0,0.0,1.0,2.59
STU-10701,-0.6825981329901288,-0.6548303547787016,-0.41371427370424746,-0.8145336163777114,1.6,-0.8267190569744598,-0.17731721358664357,1.0,0.0,1.0,0.0,0.0,0.0,0.0,3.45
STU-11881,0.7757584815422303,1.0623345717266302,1.3985107533152335e-15,-0.7736111426890223,-0.2,0.7512770137524558,-0.19113413932066786,1.0,0.0,0.0,0.0,0.0,0.0,1.0,4.99
STU-11490,-0.8353783497506609,1.0623345717266302,-0.8250741156006107,0.3722181205942768,-0.2,0.4196463654223969,-0.6908462867012091,1.0,0.0,0.0,0.0,0.0,1.0,0.0,3.8
STU-14174,0.2896396100314443,1.0623345717266302,0.5477655481444276,-0.037006616292615646,0.0,0.4825147347740669,-0.2394933793897525,1.0,0.0,0.0,0.0,0.0,1.0,0.0,4.39
STU-10149,-0.7242654648339096,-0.9853307172023213,-0.9815483138339165,-1.2728653216910306,-0.2,-0.8361493123772102,-0.9763960852043756,0.0,1.0,1.0,0.0,0.0,0.0,0.0,2.9
STU-11421,-0.668709022375534,-0.03478293571003938,1.3985107533152335e-15,-0.298910447900227,2.0,-0.09115913555992144,2.80944156591825,1.0,0.0,0.0,0.0,0.0,0.0,1.0,3.96
STU-13107,-1.6826140972408892,0.0,-1.8564260637044103,1.346172994385081,0.8,-0.33948919449901777,0.06908462867012087,0.0,1.0,0.0,1.0,0.0,0.0,0.0,2.5
STU-10202,-0.11314459779177881,-0.6706368938511355,-0.8742798383154866,0.25763519426594716,-0.4,-0.4306483300589392,-0.06678180771445022,1.0,0.0,1.0,0.0,0.0,0.0,0.0,4.56
STU-13535,0.6090891541671046,0.818770174201397,1.3985107533152335e-15,-0.06156010050582939,-1.0,0.47151277013752463,-1.0546919976971791,1.0,0.0,0.0,1.0,0.0,0.0,0.0,4.58
STU-11597,-0.11314459779177881,-1.817329455651348,-2.5246397781724244,-0.06974459524356708,0.0,-1.7304518664047155,-0.3131836499712147,0.0,1.0,0.0,0.0,0.0,0.0,1.0,2.04
STU-10414,0.0,0.8740930609549157,-0.0545124978856541,-1.8375954585949423,0.2,0.3536345776031435,1.6280944156591826,1.0,0.0,0.0,0.0,0.0,0.0,1.0,4.44
STU-11740,-0.4464832525420327,-2.86127951348074,1.5043247977216152,0.3804026153320144,1.0,-0.550098231827112,0.18652849740932656,0.0,1.0,0.0,0.0,1.0,0.0,0.0,3.77
STU-14709,1.1229862469070777,0.7526701017166728,0.632399391214014,-0.08611358471904242,0.4,0.36306483300589404,-0.7507196315486472,1.0,0.0,0.0,1.0,0.0,0.0,0.0,4.74
STU-14847,-0.8353783497506609,-1.796493563237685,1.3985107533152335e-15,0.012100352133811124,-1.0,-1.3375245579567783,1.1744386873920556,1.0,0.0,0.0,0.0,1.0,0.0,0.0,1.79
STU-14116,0.8313149240006059,0.1168161435755777,0.817412908621947,1.5016783944020997,0.4,0.7481335952848724,0.0,1.0,0.0,0.0,0.0,0.0,0.0,1.0,4.7
STU-11721,1.6785506714908343,0.7045320054506237,0.4316400425373197,0.18397474162630664,0.8,0.40078585461689603,-0.9073114565342545,1.0,0.0,0.0,0.0,0.0,0.0,1.0,5.12
STU-12623,1.2896555742822047,0.81086690466518,0.9374748720462441,-0.9373010374437787,0.6,0.5390962671905698,0.0,0.0,1.0,0.0,0.0,0.0,0.0,1.0,5.45
STU-11094,-1.1964952257301034,1.0623345717266302,0.21907132040905608,0.4458785732339173,-1.0,0.6601178781925346,0.2164651698330456,1.0,0.0,0.0,0.0,1.0,0.0,0.0,4.25
STU-14938,0.3174178312606327,0.03131713677468479,1.165789425443269,0.3640336258565391,-0.6,0.7261296660117879,0.667818077144502,1.0,0.0,0.0,0.0,0.0,1.0,0.0,5.12
STU-10047,-0.5159288056150019,-0.9580285133499357,1.1953128590721944,-0.7981646269022353,0.6,-0.3064833005893909,-0.19113413932066786,1.0,0.0,0.0,0.0,0.0,1.0,0.0,4.12
STU-14353,-2.4465151810435533,-2.9956350955964286,-2.4961004589977964,-0.7163196795248571,0.4,-1.7304518664047155,0.4467472654001153,1.0,0.0,1.0,0.0,0.0,0.0,0.0,1.6
STU-11939,-2.2659567430538328,-2.903669777356813,-2.3760384955734994,-1.412001732232574,-0.2,-1.6848722986247546,0.12435233160621764,1.0,0.0,1.0,0.0,0.0,0.0,0.0,1.58
STU-12967,0.3035287206460379,0.5385633451900663,0.22596012158913945,-0.2907259531624886,-0.2,0.48408644400785866,-0.6954519286125505,1.0,0.0,0.0,0.0,0.0,1.0,0.0,4.92
STU-12797,-2.5159607341165233,-1.646331442049562,1.3985107533152335e-15,-1.9030714164968452,-0.6,-0.48565815324165035,-0.782959124928037,1.0,0.0,0.0,0.0,0.0,1.0,0.0,2.93
STU-13579,1.4563249016573316,-1.2526049233362055,-1.0533886689976344,0.3722181205942768,0.4,-0.2939096267190569,0.2256764536557284,1.0,0.0,0.0,0.0,0.0,0.0,1.0,4.69
STU-14877,-0.140922819020966,1.0623345717266302,1.5043247977216152,1.4525714259756723,0.6,-0.27662082514734776,-0.8635578583765113,1.0,0.0,0.0,1.0,0.0,0.0,0.0,5.15
STU-11387,1.7896635564075856,1.0623345717266302,1.5043247977216152,-1.305603300641982,-1.0,1.6424361493123776,0.28324697754749584,0.0,1.0,0.0,0.0,0.0,0.0,1.0,6.61
STU-12220,-0.07147726594799676,0.3711577268320153,-0.15784451558689325,-0.659028216360692,-0.6,-0.16817288801571717,-0.3062751871042027,0.0,1.0,0.0,0.0,0.0,0.0,1.0,4.11
STU-13189,0.0,1.0623345717266302,0.011423170552279791,0.2658196890036848,-0.2,0.16817288801571717,-0.42832469775474963,0.0,1.0,0.0,0.0,1.0,0.0,0.0,5.09
STU-11314,-0.9187130134382251,0.13693355694049378,-0.3103822560030083,1.1742986048925854,0.0,0.4809430255402752,1.331030512377663,1.0,0.0,0.0,0.0,0.0,1.0,0.0,4.45
STU-14570,-0.4603723631566263,1.0623345717266302,-0.50818926131681,-0.12703605840773224,0.2,0.0,-0.7760506620610248,1.0,0.0,1.0,0.0,0.0,0.0,0.0,5.01
STU-13674,-2.307624074897615,-1.8051153118226488,-1.244306873131354,-0.20888100578511043,-0.4,-0.6145383104125738,0.17962003454231443,1.0,0.0,0.0,0.0,0.0,1.0,0.0,2.56
STU-11304,1.5118813441157073,1.0623345717266302,1.5043247977216152,0.3558491311188014,0.0,1.1850687622789788,1.308002302820956,1.0,0.0,0.0,1.0,0.0,0.0,0.0,5.75
STU-12798,-1.2103843363446969,1.0623345717266302,1.5043247977216152,-0.5198918058191486,0.6,-0.5296660117878192,0.6701208981001731,1.0,0.0,0.0,0.0,0.0,1.0,0.0,4.53
STU-11838,-0.6964872436047225,-2.0055709664230625,-0.4383171350616854,1.2070365838435377,-0.2,-0.707269155206287,1.4139320667818078,0.0,1.0,0.0,0.0,0.0,0.0,1.0,3.55
STU-10345,-2.377069627970584,-2.204589662925981,-0.7886618807916022,2.320127868175885,0.0,-1.6534381139489196,-0.04375359815774313,1.0,0.0,0.0,0.0,0.0,1.0,0.0,2.92
STU-10044,-1.2242734469592904,0.0,0.12558044725079157,-0.1434050478832076,2.0,-0.3174852652259332,-0.2510074841681059,1.0,0.0,0.0,0.0,1.0,0.0,0.0,2.89
STU-12294,0.45630893740657125,-1.6434575258545736,-0.7325673568966442,-0.8881940690173519,-0.4,-1.6597249508840868,-0.9994242947610824,0.0,1.0,1.0,0.0,0.0,0.0,0.0,3.49
STU-12154,-0.4881505843858135,-0.9515622019112124,1.5043247977216152,0.200343731101782,-0.2,0.18703339882121803,-0.12435233160621764,1.0,0.0,0.0,0.0,0.0,0.0,1.0,4.34
STU-11703,0.7202020390838558,1.0623345717266302,1.5043247977216152,0.2412662047904711,-0.4,0.4667976424361495,-0.7714450201496834,0.0,1.0,0.0,0.0,0.0,0.0,1.0,5.37
STU-11016,-0.7659327966776918,-1.2964321453097725,-0.9195491032131718,-0.2661724689492756,0.4,-0.6428290766208252,0.12435233160621764,1.0,0.0,1.0,0.0,0.0,0.0,0.0,3.53
STU-10909,-0.2242574827085301,1.0623345717266302,-0.16374920231267856,-0.05337560576809099,-0.8,0.16188605108055001,0.6378814047207831,1.0,0.0,0.0,1.0,0.0,0.0,0.0,4.27
STU-13516,1.1785426893654534,1.0623345717266302,-0.9293902477561479,-0.5362607952946247,0.8,0.18546168958742631,-0.4260218767990789,1.0,0.0,0.0,0.0,0.0,1.0,0.0,4.47
STU-11045,0.6507564860108854,1.0623345717266302,0.6461769935741793,-1.518400163823166,1.6,0.7025540275049118,-0.49740932642487046,1.0,0.0,0.0,0.0,0.0,0.0,1.0,5.67
STU-11405,-0.5992634693025648,-2.500603031009746,-1.0907850182609409,-2.598753469204562,0.8,-1.3941060903732811,0.08981001727115731,0.0,1.0,0.0,0.0,0.0,0.0,1.0,2.38
STU-10234,0.05352472958334813,-1.3381039301370985,-0.47276114096209937,-0.2743569636870133,-1.0,-0.24990176817288803,1.1606217616580312,0.0,1.0,0.0,0.0,0.0,1.0,0.0,4.03
STU-10225,0.5813109329379161,1.0623345717266302,0.08818409798748633,-1.2401273427400792,-0.6,0.0,-0.06217616580310872,0.0,1.0,1.0,0.0,0.0,0.0,0.0,5.47
STU-13145,-1.1270496726571329,0.7533885807654201,0.03307368854682508,1.5344163733530518,0.0,-0.37092337917485263,-0.7438111686816351,1.0,0.0,1.0,0.0,0.0,0.0,0.0,4.86
STU-14229,0.7340911496984495,0.15776944935415624,0.2417059528578994,0.10212979424892772,0.0,-0.5422396856581532,0.2256764536557284,1.0,0.0,0.0,0.0,0.0,1.0,0.0,8.007299994402032
STU-11534,-3.7243133575861926,-1.1333374012442037,-1.556271155143666,1.076084668039732,-0.2,-1.3799607072691553,0.7046632124352332,1.0,0.0,0.0,0.0,0.0,0.0,1.0,1.95
STU-12451,-0.7798219072922853,-2.2326103458271143,-0.14898748549821525,0.6259374574641497,0.2,-1.6990176817288805,0.9234312032239497,1.0,0.0,0.0,1.0,0.0,0.0,0.0,3.49
STU-14897,-1.0020476771257878,-1.3603767806482556,-1.300401397026312,-0.9127475532305657,0.0,-0.9288801571709235,-0.20495106505469196,1.0,0.0,0.0,0.0,0.0,1.0,0.0,2.2
STU-10968,0.553532711708729,1.0623345717266302,-0.46882468314490866,-0.2170655005228481,0.8,0.9225933202357565,-0.3293033966609096,1.0,0.0,1.0,0.0,0.0,0.0,0.0,5.21
STU-11013,-0.9187130134382251,0.7584179341066487,1.5043247977216152,-0.06974459524356708,0.0,0.15559921414538316,1.0201496833621189,1.0,0.0,0.0,0.0,0.0,1.0,0.0,4.38
STU-11095,0.08130295081253533,-1.3754648406719432,-1.9833768283087894,0.9533172469736639,0.4,-1.0153241650294698,0.0,1.0,0.0,0.0,0.0,0.0,1.0,0.0,3.13
STU-12114,-0.4881505843858135,-0.15836133209452338,-0.1735903468556532,2.770275078751467,0.4,-0.2530451866404715,-1.0293609671848014,1.0,0.0,0.0,0.0,0.0,0.0,1.0,4.07
STU-13566,0.8174258133860123,-1.4300692483767146,0.41294186790566706,0.8223653311698583,0.4,-0.03614931237721029,0.0,1.0,0.0,0.0,1.0,0.0,0.0,0.0,5.1
STU-11067,-1.7937269821576405,-1.147706982219144,-2.3484832908531685,0.9042102785472365,-1.0,-1.2086444007858548,-1.0546919976971791,1.0,0.0,0.0,1.0,0.0,0.0,0.0,2.22
STU-10547,0.91464958768817,-1.0054481305672376,-0.04270312443408344,1.5016783944020997,-0.6,-0.8518664047151279,-0.5964306275187105,1.0,0.0,0.0,0.0,0.0,0.0,1.0,3.94
STU-14663,-1.4742774380219803,0.4049262421231243,0.09212055580467701,0.0,0.8,-0.025147347740668003,0.20034542314335066,1.0,0.0,0.0,1.0,0.0,0.0,0.0,3.92
STU-12745,-1.2937190000322598,-0.8782773389390187,1.3985107533152335e-15,0.11031428898666538,0.0,-1.2385068762278981,0.845135290731146,1.0,0.0,0.0,0.0,1.0,0.0,0.0,2.9
STU-14763,-0.4881505843858135,0.0,1.5043247977216152,-0.3725709005398675,-1.0,0.2797642436149312,-0.5250431778929189,1.0,0.0,0.0,0.0,0.0,0.0,1.0,5.76
STU-11189,1.7896635564075856,0.14483682647671076,1.0821396968279793,-0.2661724689492756,0.2,0.5799607072691553,1.208981001727116,1.0,0.0,0.0,0.0,1.0,0.0,0.0,5.45
STU-14251,0.48408715863575846,0.2892511152748572,0.31059396465872596,-0.6017367531965275,1.4,0.743418467583497,0.8267127230857804,0.0,1.0,0.0,0.0,0.0,0.0,1.0,4.65
STU-11739,-0.3214812570106865,-1.2633821090674109,-0.34777860526631355,0.2412662047904711,0.0,-0.4243614931237721,0.13356361542890044,1.0,0.0,0.0,0.0,0.0,0.0,1.0,3.13
STU-12758,-0.140922819020966,0.5867014414561155,0.24269006731219742,1.1170071417284204,-1.0,0.3174852652259332,-0.20955670696603346,1.0,0.0,1.0,0.0,0.0,0.0,0.0,4.92
STU-12918,0.4007524949481956,1.0623345717266302,-0.041719009979785414,1.5917078365172157,1.4,1.020039292730845,-0.7415083477259644,0.0,1.0,1.0,0.0,0.0,0.0,0.0,5.04
STU-10410,-2.2104003005954573,-0.5765161384652783,-0.31825517163738826,1.0187932048755668,0.0,-0.5736738703339883,-0.234887737478411,1.0,0.0,0.0,0.0,0.0,1.0,0.0,2.95
STU-14879,1.5396595653448957,0.23967606091131435,-1.5936675044069728,-0.6344747321474782,-0.4,0.24361493123772118,0.32239493379389766,1.0,0.0,0.0,0.0,0.0,0.0,1.0,4.81
STU-10912,-1.3353863318760417,-0.9393480580825133,-0.44914239405895806,-1.2237583532646037,0.0,-1.0656188605108057,0.8750719631548648,1.0,0.0,0.0,0.0,0.0,1.0,0.0,2.84
STU-13331,0.22019405695847505,1.0623345717266302,1.3985107533152335e-15,1.640814804943643,1.0,-0.12730844793713172,1.3862982153137597,0.0,1.0,0.0,0.0,0.0,1.0,0.0,4.95
STU-11038,0.2618613888022571,-0.27044406369905566,1.442325587100872,-0.822718111115449,-1.0,-0.7779960707269157,-0.7046632124352332,1.0,0.0,0.0,0.0,0.0,1.0,0.0,4.04
STU-14121,1.7896635564075856,1.0623345717266302,1.2710896720531029,-3.1225611324197846,2.0,1.8326129666011794,-0.637881404720783,1.0,0.0,0.0,0.0,1.0,0.0,0.0,4.76
STU-12594,0.03963561896875452,-0.27978429133276733,-0.6331717970125944,-1.9849163638742235,0.4,-0.5186640471512769,0.3753598157743236,0.0,1.0,0.0,0.0,0.0,1.0,0.0,4.19
STU-12469,0.5257544904795405,0.2044705875227117,0.4680522773463283,0.12668327846214147,0.6,-0.2907662082514735,-0.30397236614853185,0.0,1.0,0.0,0.0,0.0,1.0,0.0,4.48
STU-14304,-0.4881505843858135,1.0623345717266302,-0.0850200459688774,0.21671272057725732,-0.2,0.18074656188605118,-0.888888888888889,1.0,0.0,1.0,0.0,0.0,0.0,0.0,5.27
STU-13224,0.4007524949481956,1.0623345717266302,-0.8595181215010234,1.6080768259926923,0.4,1.225933202357564,-0.3246977547495683,1.0,0.0,0.0,0.0,1.0,0.0,0.0,4.75
STU-14166,-0.29370303578149937,0.8496647732975184,-0.17654269021854585,0.5522770048245093,0.6,0.7166994106090375,-0.6424870466321244,0.0,1.0,0.0,0.0,1.0,0.0,0.0,5.26
STU-14369,1.039651583219515,1.0623345717266302,1.5043247977216152,1.2397745627944883,-1.0,1.6110019646365428,-0.6470926885434658,1.0,0.0,0.0,1.0,0.0,0.0,0.0,5.8
STU-10623,0.5952000435525098,0.908580055294772,-0.33892157517763694,0.07757631003571397,0.6,0.8047151277013752,-0.9556706966033394,1.0,0.0,0.0,0.0,0.0,1.0,0.0,4.65
STU-12430,0.05352472958334813,0.2770369714461581,-0.012195576350860144,-0.5853677637210514,-0.8,-0.10687622789783888,1.0063327576280945,1.0,0.0,0.0,0.0,0.0,1.0,0.0,4.14
STU-14053,-0.09925548717718521,1.0623345717266302,0.2289124649520321,-0.7981646269022353,-1.0,0.4416502946954815,-0.29245826137017844,1.0,0.0,0.0,1.0,0.0,0.0,0.0,5.08
STU-14745,1.0952080256778904,0.4968915603627404,0.2791023021212046,-0.5198918058191486,0.6,0.5108055009823184,-0.04605641911341398,0.0,1.0,0.0,0.0,1.0,0.0,0.0,5.34
STU-13186,-1.6270576547825135,-1.5629878723949098,-0.5308238937656533,0.1921592363640443,9.4,-1.0923379174852654,-0.7115716753022453,1.0,0.0,0.0,0.0,0.0,0.0,1.0,2.95
STU-13029,1.6785506714908343,1.0623345717266302,1.3104542502250043,1.076084668039732,-0.2,1.0310412573673873,-0.29706390328151994,1.0,0.0,1.0,0.0,0.0,0.0,0.0,6.0
STU-10357,0.6368673753962918,-0.27475493799153783,1.1470912508116164,-0.5689987742455761,-1.0,0.012573673870334002,2.5284974093264254,0.0,1.0,0.0,1.0,0.0,0.0,0.0,4.63
STU-14068,-1.085382340813352,1.0623345717266302,0.09015232689608098,0.470432057447131,2.2,0.6836935166994107,-0.8336211859527922,1.0,0.0,0.0,0.0,0.0,0.0,1.0,4.59
STU-13529,-1.5437229910949508,-1.2253027194838197,-1.8465849191614343,0.5113545311358201,0.2,-0.881728880157171,-0.5158318940702361,1.0,0.0,1.0,0.0,0.0,0.0,0.0,3.47
STU-13385,-1.9187289776889853,-0.9292893514000553,-1.056341012360527,-1.3792637532816225,0.6,-0.6962671905697446,0.4605641911341394,1.0,0.0,0.0,0.0,0.0,1.0,0.0,1.74
STU-10095,-0.15481192963556084,-1.04065360395584,-2.792318909741349,0.7814428574811692,-0.2,-0.21846758349705317,-0.4075993091537133,1.0,0.0,0.0,0.0,1.0,0.0,0.0,3.43
STU-11359,1.1229862469070777,1.0623345717266302,1.5043247977216152,0.07757631003571397,-0.4,0.8251473477406684,-0.0023028209556706478,1.0,0.0,0.0,0.0,0.0,1.0,0.0,5.64
STU-13902,-1.3353863318760417,1.0623345717266302,-3.032442836589944,0.6259374574641497,0.0,0.037721021611002006,-0.7230857800805988,1.0,0.0,0.0,0.0,0.0,1.0,0.0,3.56
STU-14524,-3.127081601158655,-0.004606815662665236,-1.5720169864124274,-0.7326886690003325,-1.0,-0.7732809430255404,-0.03223949337938968,0.0,1.0,0.0,0.0,1.0,0.0,0.0,2.37
STU-13180,-0.5298179162295955,0.21955864754639826,0.37160906082517114,0.11031428898666538,0.2,0.4809430255402752,-0.35924006908462863,1.0,0.0,0.0,0.0,0.0,1.0,0.0,4.05
STU-11793,-1.279829889417666,0.24326845615504913,0.06653357999294104,1.0924536575152073,-0.2,-0.4620825147347741,0.49050086355785844,1.0,0.0,0.0,0.0,0.0,0.0,1.0,2.4
STU-10293,-0.9326021240528186,0.062211735870805286,-1.168530060150444,-0.298910447900227,-0.8,-0.4683693516699412,-0.531951640759931,1.0,0.0,0.0,0.0,0.0,0.0,1.0,3.54
STU-12560,0.8868713664589816,1.0623345717266302,0.8321746254364104,0.9042102785472365,0.2,1.9332023575638508,-0.5780080598733449,1.0,0.0,0.0,0.0,0.0,1.0,0.0,5.93
STU-13947,-0.26592481455231215,-0.8588784046228489,0.40703718117988175,0.38858711006975283,0.0,0.03929273084479372,-0.43523316062176165,1.0,0.0,0.0,1.0,0.0,0.0,0.0,4.01
STU-11469,1.7896635564075856,0.9150463667334953,0.7947782761731051,1.4034644575492463,1.4,0.2640471512770137,-0.039147956246401834,1.0,0.0,0.0,0.0,0.0,0.0,1.0,5.61
STU-14293,-2.349291406741397,1.0623345717266302,-0.15292394331540593,0.830549825907596,1.2,-0.18703339882121803,-0.6655152561888313,1.0,0.0,1.0,0.0,0.0,0.0,0.0,3.32
STU-12577,-0.29370303578149937,0.09238785591817943,0.12853279061368425,-1.4611087006590013,1.2,1.0090373280943028,-0.6678180771445021,1.0,0.0,0.0,0.0,0.0,0.0,1.0,3.84
STU-11830,-0.6964872436047225,0.0,-0.5298397793113553,0.8469188153830713,-0.2,0.09744597249508859,0.05757052389176742,1.0,0.0,0.0,1.0,0.0,0.0,0.0,4.57
STU-12417,-1.2659407788030725,1.0623345717266302,-1.0602774701777176,2.180991457634341,-0.4,0.5438113948919452,0.4743811168681637,1.0,0.0,0.0,0.0,0.0,0.0,1.0,4.33
STU-12319,-0.5992634693025648,0.8115853837139273,-0.8290105734178,0.6668599311528396,0.0,-0.5956777996070727,-0.43062751871042027,1.0,0.0,0.0,0.0,0.0,0.0,1.0,3.47
STU-10160,0.0,1.0623345717266302,1.400008665566078,0.5031700363980824,-0.2,0.050294695481336006,0.8290155440414511,0.0,1.0,0.0,0.0,0.0,0.0,1.0,5.68
STU-14214,0.3035287206460379,-0.1950037635806208,0.470020506254923,0.45406306797165497,0.4,0.09115913555992144,0.7990788716177318,1.0,0.0,0.0,0.0,0.0,1.0,0.0,4.0
STU-11978,-1.3492754424906355,-0.3710311305236361,0.20529371804889077,-0.24161898473606186,-0.2,0.48565815324165035,0.8151986183074267,0.0,1.0,0.0,0.0,0.0,1.0,0.0,4.1
STU-14572,0.10908117204172377,-0.7230858644096658,-0.28971585246276105,-0.33983292158891615,0.0,-1.2793713163064837,0.0,1.0,0.0,1.0,0.0,0.0,0.0,0.0,3.98
STU-11361,1.5952160078032713,0.8913365581248444,0.7022715174691372,-1.1009909321985358,-1.0,0.29862475442043235,-0.7714450201496834,1.0,0.0,0.0,0.0,1.0,0.0,0.0,5.26
STU-11202,0.2896396100314443,-1.705246724046816,-0.47571348432499205,0.16760575215083057,0.0,-0.6349705304518665,0.3868739205526772,1.0,0.0,0.0,0.0,1.0,0.0,0.0,3.38
STU-10401,0.20630494634388147,0.011918202458515041,-0.7404402725310242,-0.9782235111324685,0.4,-0.8282907662082516,0.40299366724237196,0.0,1.0,0.0,0.0,0.0,0.0,1.0,4.15
STU-11090,0.8035367027714188,-0.5492139346128926,-1.462780281985403,0.6013839732509367,0.2,-0.4620825147347741,0.1128382268278642,0.0,1.0,0.0,0.0,0.0,0.0,1.0,4.43
STU-10297,1.0118733619903277,1.0623345717266302,1.5043247977216152,-0.1843275215718967,-1.0,1.2353634577603148,0.17962003454231443,0.0,1.0,1.0,0.0,0.0,0.0,0.0,5.63
STU-12148,0.5396436010941341,0.8532571685412532,1.3985107533152335e-15,0.0,-1.0,-0.15402750491159145,0.0,1.0,0.0,0.0,1.0,0.0,0.0,0.0,4.05
STU-12211,-0.2242574827085301,-1.9861720321068932,-0.263144762196727,-0.6672127110984296,-0.8,-0.22946954813359519,-0.3684513529073114,1.0,0.0,0.0,0.0,0.0,0.0,1.0,3.38
STU-12662,-0.16870104025015445,1.0623345717266302,-1.0140240908257345,1.5671543523040026,0.0,0.971316306483301,-0.37996545768566486,0.0,1.0,0.0,0.0,0.0,1.0,0.0,4.74
STU-14324,0.2757504994168507,-1.219554887093844,1.2336933227897977,-0.78179563742676,-1.0,-1.0106090373280945,-0.0069084628670121485,1.0,0.0,0.0,0.0,0.0,0.0,1.0,3.83
STU-11350,-2.1270656369078944,-2.7764989857285935,-0.5918389899320985,0.1430522679376168,-0.2,-1.2479371316306485,0.09441565918249861,1.0,0.0,0.0,1.0,0.0,0.0,0.0,2.13
STU-12209,1.4563249016573316,0.84679085710253,-1.1429430843387096,0.7487048785302177,0.8,0.16188605108055001,-0.1842256764536557,0.0,1.0,0.0,1.0,0.0,0.0,0.0,4.28
STU-13824,-1.974285420147361,-2.0508351464941232,-0.3084140270944136,1.3625419838605564,-0.6,-1.5937131630648333,-0.08290155440414496,1.0,0.0,0.0,0.0,0.0,0.0,1.0,2.08
STU-10386,-0.6964872436047225,-0.2934353932589602,-0.7611066760712715,-1.305603300641982,-0.4,-0.5516699410609038,1.8814047207829598,1.0,0.0,0.0,1.0,0.0,0.0,0.0,3.29
STU-14092,-0.9048239028236315,-1.3381039301370985,-0.9490725368420986,-0.4462313531795081,1.6,-0.46994106090373294,0.0,1.0,0.0,0.0,0.0,0.0,0.0,1.0,3.15
STU-14257,0.05352472958334813,1.0623345717266302,0.631415276759716,-1.592060616462807,-0.4,6.008568957182914,-0.16580310880829013,0.0,1.0,0.0,0.0,1.0,0.0,0.0,4.43
STU-10741,-0.16870104025015445,1.0623345717266302,0.13935804961095688,-0.2661724689492756,1.4,1.0907662082514735,0.13356361542890044,1.0,0.0,0.0,0.0,0.0,1.0,0.0,4.9
STU-12102,-0.7103763542193161,0.6858515501832022,-1.008119404099949,0.7405203837924801,-0.4,0.0,-0.4513529073114566,1.0,0.0,1.0,0.0,0.0,0.0,0.0,4.41
STU-14024,0.06741384019794172,0.6125666872110075,0.13837393515666027,1.370726478598294,1.0,0.03143418467583514,0.667818077144502,1.0,0.0,0.0,0.0,1.0,0.0,0.0,4.48
STU-13519,0.20630494634388147,1.0623345717266302,-0.28577939464557034,0.8960257838094988,0.4,0.24990176817288803,0.1082325849165227,1.0,0.0,0.0,0.0,0.0,1.0,0.0,5.16
STU-14894,0.3174178312606327,-2.4689899528648773,-1.978456256037302,-0.7654266479512839,0.4,-1.0907662082514735,-1.040875071963155,0.0,1.0,0.0,0.0,0.0,1.0,0.0,1.93
STU-13663,1.7896635564075856,0.8352951923225782,1.3635964307570694,-0.04519111103035332,1.0,0.7874263261296661,-0.4812895797351756,1.0,0.0,0.0,0.0,0.0,0.0,1.0,5.43
STU-13387,0.8313149240006059,0.934445301049664,0.7396678667324439,-0.5198918058191486,-0.2,1.3642436149312382,-0.7369027058146229,0.0,1.0,0.0,0.0,0.0,0.0,1.0,5.8
STU-11092,-0.7659327966776918,0.723212460718046,-0.10667056396342268,1.1579296154171101,1.0,-0.06129666011787829,-0.7322970639032815,1.0,0.0,0.0,1.0,0.0,0.0,0.0,3.84
STU-14619,-0.7242654648339096,-1.4753334284477753,-2.004043231849038,0.18397474162630664,0.4,-0.6428290766208252,0.2556131260794474,1.0,0.0,0.0,1.0,0.0,0.0,0.0,2.51
STU-10340,0.0,1.0623345717266302,1.5043247977216152,-0.3480174163266538,-0.8,2.0982318271119844,-0.5757052389176742,1.0,0.0,1.0,0.0,0.0,0.0,0.0,5.84
STU-10807,0.06741384019794172,0.5256307223126209,-1.1803394336020148,0.17579024688856823,-0.6,-0.5783889980353635,-0.6355785837651123,0.0,1.0,0.0,0.0,1.0,0.0,0.0,4.1
STU-12107,0.34519605248981994,-0.085794948171077,0.43754472926310506,0.200343731101782,0.6,0.17760314341846772,2.7633851468048363,1.0,0.0,0.0,0.0,1.0,0.0,0.0,3.98
STU-13445,-0.5992634693025648,-1.6175922800996816,1.3985107533152335e-15,0.5195390258735578,0.6,-0.3929273084479372,-0.7507196315486472,1.0,0.0,0.0,0.0,0.0,1.0,0.0,3.24
STU-11443,1.0674298044487034,0.5342524708975852,1.5043247977216152,0.0,-1.0,0.46051080550098233,1.4116292458261372,1.0,0.0,1.0,0.0,0.0,0.0,0.0,5.86
STU-12374,-0.5714852480733775,1.0623345717266302,0.06358123663004837,0.1184987837244038,1.8,-0.39764243614931233,-0.3753598157743236,1.0,0.0,0.0,0.0,0.0,0.0,1.0,3.47
STU-12997,0.553532711708729,1.0623345717266302,1.305533677953517,0.6504909416773635,-0.2,0.2467583497053046,0.2164651698330456,0.0,1.0,0.0,0.0,1.0,0.0,0.0,4.9
STU-12960,-0.27981392516690573,1.0623345717266302,-0.2621606477424304,0.8714722995962858,0.4,0.37092337917485263,0.432930339666091,0.0,1.0,0.0,0.0,1.0,0.0,0.0,4.34
STU-14520,-0.4603723631566263,0.03131713677468479,0.17380205551137087,0.7650738680056939,0.8,0.45893909626719065,-0.06217616580310872,1.0,0.0,0.0,0.0,0.0,0.0,1.0,3.38
STU-14052,0.2896396100314443,0.06508565206579374,0.051771863178477706,0.5277235206112962,1.4,0.08487229862475458,-0.8612550374208406,1.0,0.0,0.0,0.0,0.0,0.0,1.0,3.7
STU-14352,0.44241982679197767,-0.5585541622466033,-1.1498318855187915,1.4525714259756723,0.0,-0.3787819253438115,0.7230857800805988,0.0,1.0,0.0,0.0,1.0,0.0,0.0,4.32
STU-12874,1.7896635564075856,1.0623345717266302,1.2268045216097156,0.7896273522189069,0.8,0.6789783889980352,1.6971790443293038,0.0,1.0,0.0,0.0,1.0,0.0,0.0,5.77
STU-12455,-1.3770536637198239,1.0623345717266302,0.7160491198293025,0.6177529627264121,-0.6,-0.3756385068762281,0.9349453080023029,1.0,0.0,0.0,0.0,0.0,0.0,1.0,3.39
STU-11543,-0.16870104025015445,0.9401931334396398,0.16396091096839485,0.0,-0.2,0.43379174852652264,0.0,0.0,1.0,0.0,0.0,0.0,1.0,0.0,4.5
STU-12800,0.91464958768817,0.6563939091845744,0.10097758589335362,-0.15977403735868367,1.2,0.3457760314341849,0.19113413932066786,1.0,0.0,0.0,0.0,0.0,0.0,1.0,4.89
STU-13125,-1.0298258983549764,-0.22517988362799493,-0.3910796412554055,-0.5117073110814109,-0.6,-0.4510805500982318,-0.6102475532527347,1.0,0.0,0.0,1.0,0.0,0.0,0.0,3.7
STU-10310,0.1507485038855058,0.46743391936411366,0.49265513870376626,1.0842691627774697,-0.2,0.15402750491159145,0.08290155440414516,1.0,0.0,1.0,0.0,0.0,0.0,0.0,3.96
STU-11238,1.0118733619903277,0.0,0.12164398943360229,-0.3889398900153429,-1.0,0.2216110019646366,-0.47898675877950486,1.0,0.0,0.0,0.0,0.0,0.0,1.0,5.17
STU-12000,1.7063288927200226,0.27057066000743585,-0.2346054430220998,0.200343731101782,0.4,0.10373280943025544,0.0,0.0,1.0,0.0,0.0,1.0,0.0,0.0,4.96
STU-13560,-0.29370303578149937,1.0623345717266302,0.5457973192358329,0.3640336258565391,0.2,0.27347740667976433,0.7875647668393786,0.0,1.0,0.0,1.0,0.0,0.0,0.0,3.88
STU-10098,-1.5020556592511687,-1.0270025020296474,-0.8358993745978834,2.5656627103080205,-0.4,-0.6632612966601179,-0.10362694300518141,1.0,0.0,0.0,0.0,0.0,0.0,1.0,3.63
STU-11594,1.7896635564075856,-0.8279838055267285,-0.09682941942044666,-0.4626003426549834,1.0,-0.969744597249509,-0.43062751871042027,1.0,0.0,0.0,0.0,0.0,0.0,1.0,4.06
STU-12523,-1.4048318849490111,-0.3121158485263816,-2.0050273463033346,-0.3480174163266538,1.2,-1.3595284872298627,1.2780656303972369,0.0,1.0,0.0,0.0,0.0,1.0,0.0,2.88
STU-11722,0.0,0.6147221243572486,0.8774438903340956,0.7650738680056939,0.8,0.5673870333988212,0.13816925734024194,1.0,0.0,1.0,0.0,0.0,0.0,0.0,5.03
STU-12035,0.3590851631044136,-0.2618223151140923,-0.20311378048457845,-1.8785179322836316,0.8,0.46051080550098233,-0.33390903857225107,1.0,0.0,0.0,0.0,1.0,0.0,0.0,4.39
STU-10816,1.4563249016573316,0.2245880008876278,0.2141507481375688,0.0,0.0,-0.07072691552062858,-1.0109383995394359,1.0,0.0,0.0,0.0,0.0,0.0,1.0,4.13
STU-14541,-1.2381625575738842,0.0,-1.3978287280017656,0.06120732056023862,-0.2,-0.8172888015717094,-1.0685089234312033,1.0,0.0,0.0,1.0,0.0,0.0,0.0,2.48
STU-12436,-0.2381465933231237,-0.22446140457924757,1.3985107533152335e-15,0.1430522679376168,0.0,-1.2165029469548136,-0.4766839378238342,1.0,0.0,0.0,0.0,0.0,1.0,0.0,2.88
STU-13028,-1.0992714514279456,0.19010100654777146,-0.9874530005597004,0.5113545311358201,-0.6,-0.5013752455795678,-0.7714450201496834,1.0,0.0,1.0,0.0,0.0,0.0,0.0,2.83
STU-13584,1.7896635564075856,1.0623345717266302,1.0782032390107898,-0.2661724689492756,-1.0,1.0609037328094306,-0.7046632124352332,0.0,1.0,0.0,0.0,1.0,0.0,0.0,5.76
STU-10775,0.8590931452297944,0.3043391752985448,0.38145020536814717,2.0500395418305355,-0.6,0.1210216110019646,-0.45826137017846863,1.0,0.0,0.0,1.0,0.0,0.0,0.0,4.33
STU-14862,0.0,1.0623345717266302,1.5043247977216152,-0.3807553952776052,0.8,0.7371316306483301,-0.4444444444444444,1.0,0.0,0.0,0.0,1.0,0.0,0.0,4.47
STU-10776,0.9424278089173572,0.12112701786805986,-0.026957293165323477,-1.3628947638061473,0.4,0.8471512770137524,1.9067357512953373,1.0,0.0,0.0,0.0,0.0,0.0,1.0,4.87
STU-14784,1.081318915063297,1.0623345717266302,0.7396678667324439,-0.9045630584928273,1.4,-0.088015717092338,1.208981001727116,1.0,0.0,0.0,0.0,0.0,1.0,0.0,4.98
STU-10601,0.05352472958334813,1.0084486430706052,-1.0986579338953208,-1.2810498164287683,1.6,1.0656188605108057,0.35463442717328736,1.0,0.0,0.0,0.0,0.0,0.0,1.0,4.1
STU-12711,-0.43259414192743784,-0.20649942836057256,-0.14406691322672793,0.0,0.4,-0.31434184675834975,-0.6010362694300518,1.0,0.0,1.0,0.0,0.0,0.0,0.0,3.54
STU-13406,1.1785426893654534,1.0623345717266302,1.3985107533152335e-15,0.9696862364491393,-0.2,0.6082514734774069,-0.9948186528497411,0.0,1.0,0.0,0.0,1.0,0.0,0.0,5.33
STU-11110,0.8452040346152008,0.4703078355591021,0.8715392036083103,0.1512367626753552,1.6,0.9100196463654227,-0.29245826137017844,1.0,0.0,0.0,0.0,0.0,1.0,0.0,5.05
STU-10546,-0.9187130134382251,-0.9170752075713562,1.3985107533152335e-15,0.0,0.8,0.744990176817289,-0.5020149683362118,1.0,0.0,0.0,0.0,0.0,0.0,1.0,3.27
STU-14755,-0.27981392516690573,0.8791224142961452,0.31846688029310594,1.1742986048925854,-0.6,-0.029862475442043148,0.37075417386298226,0.0,1.0,0.0,1.0,0.0,0.0,0.0,3.61
STU-12787,-0.5159288056150019,-0.22805379982298238,-0.9293902477561479,-0.3971243847530813,-1.0,-0.6491159135559922,0.0,0.0,1.0,1.0,0.0,0.0,0.0,0.0,3.85
STU-13472,-0.557596137458784,-0.043404684295003715,-0.36549266544366954,-1.4692931953967392,0.6,0.10530451866404716,0.6263672999424295,1.0,0.0,0.0,0.0,0.0,0.0,1.0,2.82
STU-10526,0.6368673753962918,1.0623345717266302,0.009454941643685145,-0.06974459524356708,-0.2,1.321807465618861,-0.7000575705238918,0.0,1.0,1.0,0.0,0.0,0.0,0.0,4.76
STU-14666,-1.1270496726571329,-2.0414949188604123,-2.8188900000073827,0.3640336258565391,0.0,-1.6880157170923382,0.08750719631548647,1.0,0.0,0.0,0.0,1.0,0.0,0.0,1.98
STU-13253,-0.26592481455231215,-0.0872319062685707,0.6018918431307908,2.3610503418645745,1.0,-0.13202357563850686,0.9556706966033391,1.0,0.0,0.0,0.0,1.0,0.0,0.0,4.02
STU-14731,0.8174258133860123,0.7275233350105281,1.1382342207229386,1.0679001733019944,0.0,0.43693516699410606,-0.3776626367299942,1.0,0.0,0.0,0.0,0.0,0.0,1.0,4.33
STU-14783,-0.9187130134382251,-1.163513521291578,1.3271841959480621,0.4622475627093934,-0.8,-0.7292730844793713,0.03223949337938989,1.0,0.0,0.0,0.0,0.0,1.0,0.0,3.42
STU-13648,0.5257544904795405,-0.35594307049994856,0.2200554348633541,1.5671543523040026,0.0,-0.4322200392927309,-0.6816350028785263,0.0,1.0,1.0,0.0,0.0,0.0,0.0,5.62
STU-10205,-0.4464832525420327,0.13693355694049378,0.842015769979385,-1.6493520796269716,0.6,0.7025540275049118,-0.7553252734599886,1.0,0.0,1.0,0.0,0.0,0.0,0.0,5.1
STU-10121,-0.8214892391360673,-1.108190634538058,0.5772889817733527,-0.08611358471904242,0.4,-0.881728880157171,-0.2072538860103626,1.0,0.0,0.0,0.0,0.0,0.0,1.0,3.7
STU-11518,-0.27981392516690573,0.5306600756538493,0.38046609091384914,-1.346525774330671,-0.6,-0.594106090373281,-0.8612550374208406,1.0,0.0,1.0,0.0,0.0,0.0,0.0,3.71
STU-11500,-1.0576041195841634,-0.1310591282421377,-0.50818926131681,1.035162194351042,-1.0,-0.33948919449901777,-0.4881980426021877,1.0,0.0,0.0,0.0,0.0,0.0,1.0,3.48
STU-10541,-1.252051668188479,-3.164477672051974,-0.02302083534813279,0.6668599311528396,0.0,-1.4554027504911593,0.06678180771445022,1.0,0.0,0.0,0.0,1.0,0.0,0.0,2.72
STU-14242,-1.1409387832717277,-1.0945395326118652,-1.6192544802187072,0.06939181529797629,0.2,-0.8990176817288803,0.49740932642487057,1.0,0.0,1.0,0.0,0.0,0.0,0.0,3.05
STU-14200,1.5396595653448957,1.0623345717266302,1.1510277086288059,-0.45441584791724576,-0.6,1.4161100196463656,-0.2510074841681059,1.0,0.0,0.0,0.0,0.0,0.0,1.0,5.53
STU-14603,1.1924317999800482,1.0623345717266302,1.190392286800707,-0.33164842685117846,0.0,0.9555992141453833,0.02533103051237774,0.0,1.0,0.0,0.0,0.0,1.0,0.0,5.83
STU-14025,0.0,0.0,-1.589731046589782,-0.7736111426890223,0.0,0.03929273084479372,0.584916522740357,1.0,0.0,0.0,1.0,0.0,0.0,0.0,4.1
STU-14221,1.1368753575216726,0.9897681878031828,-0.08600416042317402,0.7814428574811692,-0.4,-0.47151277013752463,0.2717328727691424,1.0,0.0,0.0,0.0,0.0,0.0,1.0,4.71
STU-10684,0.553532711708729,-0.42994641252088966,-0.9963100306483784,0.8714722995962858,1.2,0.11473477406679773,0.18192285549798506,0.0,1.0,0.0,0.0,1.0,0.0,0.0,4.22
STU-13576,1.7202180033346162,1.0529943440929195,0.4936392531580643,1.3870954680737695,-1.0,0.16345776031434203,-0.45365572826712725,1.0,0.0,0.0,0.0,0.0,0.0,1.0,4.94
STU-10636,-2.765964725179213,-0.06926993004989569,-1.0209128920058164,-0.5362607952946247,2.2,-0.6538310412573676,0.0,1.0,0.0,0.0,1.0,0.0,0.0,0.0,2.42
STU-12672,1.6229942290324586,0.8424799828100479,1.5043247977216152,-0.11885156366999385,0.8,0.3017681728880158,-0.3200921128382268,0.0,1.0,0.0,0.0,1.0,0.0,0.0,5.36
STU-12905,-0.7659327966776918,-0.2733179798940441,1.3985107533152335e-15,0.020284846871549526,0.2,0.18860510805501002,0.4283246977547497,1.0,0.0,1.0,0.0,0.0,0.0,0.0,3.43
STU-12307,0.7340911496984495,1.0623345717266302,0.9414113298634348,0.6914134153660526,1.2,-0.35206286836935174,2.252158894645942,1.0,0.0,0.0,0.0,1.0,0.0,0.0,4.61
STU-14436,-0.5992634693025648,-1.0966949697581063,-0.6075848212008584,0.7896273522189069,0.4,-1.0546168958742634,-0.31778929188255617,1.0,0.0,0.0,0.0,0.0,1.0,0.0,4.17
STU-13450,-0.668709022375534,1.0623345717266302,-0.5829819598434205,1.6326303102059054,0.0,-0.08172888015717086,-0.46286701208981,1.0,0.0,0.0,0.0,0.0,1.0,0.0,3.03
STU-13091,0.0,0.19010100654777146,1.2120428047952523,-0.11885156366999385,1.0,0.36149312377210235,-0.2855497985031665,1.0,0.0,0.0,0.0,1.0,0.0,0.0,5.01
STU-14737,0.6368673753962918,-0.4867062573719032,-0.026957293165323477,-0.24980347947379952,-0.4,-0.8565815324165031,0.0,0.0,1.0,0.0,1.0,0.0,0.0,0.0,3.5
STU-13528,1.5396595653448957,0.3064946124447859,0.657002252571452,0.724151394317004,-0.4,0.7544204322200393,1.6442141623488775,1.0,0.0,0.0,0.0,1.0,0.0,0.0,5.07
STU-10825,-2.2381785218246457,-0.7087162834347266,-0.28577939464557034,-1.2974188059042444,1.6,-0.7952848722986249,-0.5618883131836501,1.0,0.0,1.0,0.0,0.0,0.0,0.0,2.81
STU-12887,-1.3353863318760417,-1.7742207127265277,-2.27664293568945,0.8878412890717611,0.8,-1.21335952848723,-0.5918249856073691,1.0,0.0,0.0,0.0,0.0,1.0,0.0,2.66
STU-12597,-0.015920823489621122,0.0,-1.201005837142262,1.2643280470077027,-1.0,-0.13831041257367374,-0.16810592976396077,0.0,1.0,0.0,0.0,0.0,0.0,1.0,3.87
STU-10842,-2.5159607341165233,-1.3740278825744485,-0.9845006571968091,0.7405203837924801,1.4,-1.2369351669941062,-0.5895221646516984,1.0,0.0,1.0,0.0,0.0,0.0,0.0,2.73
STU-13553,-1.0298258983549764,0.0,-0.9913894583768911,0.6423064469396258,-0.8,-0.7088408644400787,-0.9948186528497411,1.0,0.0,0.0,0.0,0.0,0.0,1.0,2.33
STU-12228,0.5396436010941341,-0.7597282958957632,-1.3210678005665593,0.4949855416603448,-0.2,-0.7685658153241651,-0.8635578583765113,0.0,1.0,0.0,0.0,0.0,0.0,1.0,3.59
STU-13530,0.6785347072400738,1.0623345717266302,0.8528410289766576,-0.6017367531965275,-0.4,1.1819253438113952,-0.95797351755901,1.0,0.0,1.0,0.0,0.0,0.0,0.0,5.66
STU-10012,-0.5298179162295955,-1.54861829141997,-1.4263680471763944,0.5686459942999853,-0.2,0.04086444007858543,1.641911341393207,1.0,0.0,0.0,0.0,1.0,0.0,0.0,3.15
STU-11442,-0.2242574827085301,1.0623345717266302,-0.9441519645706098,0.38858711006975283,1.0,0.34420432220039293,0.10592976396085205,0.0,1.0,0.0,1.0,0.0,0.0,0.0,4.47
STU-14451,0.0,-1.791464209896456,-0.8811686394955686,-0.4789693321304595,1.2,-1.2243614931237723,-0.4237190558434082,1.0,0.0,0.0,0.0,0.0,1.0,0.0,2.05
STU-13161,0.1507485038855058,1.0623345717266302,-0.879200410586974,-2.1895287323176698,0.2,0.3111984282907663,0.9142199194012667,0.0,1.0,1.0,0.0,0.0,0.0,0.0,4.34
STU-12105,1.7063288927200226,0.8898996000273497,0.37554551864236185,-1.682090058577923,1.4,-0.1964636542239686,0.2394933793897525,0.0,1.0,0.0,0.0,0.0,0.0,1.0,4.53
STU-14081,1.7896635564075856,0.3998968887818958,0.6127171021280634,-0.3971243847530813,1.6,-1.3972495088408647,-0.4260218767990789,0.0,1.0,1.0,0.0,0.0,0.0,0.0,4.68
STU-11448,-1.04371500896957,-1.865467551917397,-0.28971585246276105,-1.42837072170805,0.0,-0.4935166994106092,1.4415659182498564,1.0,0.0,1.0,0.0,0.0,0.0,0.0,3.26
STU-10559,-0.3214812570106865,-0.9034241056451633,-0.2267325273877198,0.830549825907596,0.6,-0.7811394891944992,0.9533678756476685,0.0,1.0,0.0,0.0,1.0,0.0,0.0,4.54
STU-12255,0.05352472958334813,0.0,0.5280832590584769,0.42950958375844195,-0.4,-0.028290766208251432,0.31548647092688553,1.0,0.0,0.0,0.0,0.0,0.0,1.0,4.99
STU-11271,-0.7659327966776918,-1.0435275201508285,-0.717805640082181,-0.6344747321474782,0.8,-0.5296660117878192,-0.19113413932066786,0.0,1.0,0.0,0.0,0.0,1.0,0.0,3.31
STU-14944,-0.7103763542193161,-1.6046596572222358,-1.1331019397957336,0.0284693416092872,0.8,-1.5229862475442044,0.5342544617156015,1.0,0.0,0.0,0.0,0.0,0.0,1.0,1.81
STU-13395,0.8035367027714188,-0.45221926303204685,-0.5514902973059006,0.03665383634702487,-1.0,1.0388998035363461,0.518134715025907,0.0,1.0,0.0,0.0,1.0,0.0,0.0,4.52
STU-10708,0.7896475921568251,-0.015384001393870653,-1.015008205280031,-1.1255444164117496,0.0,-0.7229862475442044,-0.5664939550949915,1.0,0.0,0.0,0.0,0.0,0.0,1.0,3.94
STU-13695,1.6646615608762405,1.0623345717266302,1.5043247977216152,0.2903731732168986,-0.6,0.35834970530451865,1.4645941278065633,0.0,1.0,0.0,0.0,0.0,0.0,1.0,5.76
STU-13481,-0.8076001285214738,0.4882698117777771,1.3985107533152335e-15,2.475633268192903,0.2,-0.16974459724950888,0.6516983304548074,1.0,0.0,0.0,0.0,1.0,0.0,0.0,3.96
STU-10301,-2.377069627970584,-1.5558030819074398,-2.5462902961669696,1.3543574891228187,0.6,-1.6785854616895877,2.067933218192286,1.0,0.0,0.0,0.0,0.0,0.0,1.0,1.9
STU-13086,0.011857397739566082,-1.4703040751065468,-0.694186893179041,-1.2892343111665066,0.2,-0.14616895874263258,-0.22337363270005756,0.0,1.0,0.0,0.0,1.0,0.0,0.0,4.47
STU-13066,-1.4742774380219803,-1.2763147319448565,1.1953128590721944,0.830549825907596,0.6,0.0,-0.44905008635578586,0.0,1.0,0.0,0.0,0.0,1.0,0.0,3.37
STU-11206,0.20630494634388147,-1.6434575258545736,1.0102993416642614,-1.076437447985322,-1.0,-0.28762278978389005,-0.508923431203224,1.0,0.0,0.0,0.0,1.0,0.0,0.0,3.87
STU-13420,-1.4048318849490111,-1.07657755639319,-0.2405101297478851,-0.11885156366999385,1.2,-0.2829076620825146,-0.9165227403569373,1.0,0.0,0.0,1.0,0.0,0.0,0.0,3.69
STU-11417,-0.877045681594443,-0.3121158485263816,1.3985107533152335e-15,1.0679001733019944,1.0,-1.0734774066797645,1.208981001727116,1.0,0.0,0.0,0.0,0.0,1.0,0.0,3.37
STU-10629,-1.1687170045009148,-3.09837759956725,-2.267785905600772,-1.682090058577923,0.0,0.0,0.8681635002878528,1.0,0.0,0.0,0.0,0.0,0.0,1.0,2.24
STU-12809,0.7340911496984495,1.0623345717266302,1.5043247977216152,1.1824830996303233,-0.4,1.843614931237721,1.4576856649395513,1.0,0.0,0.0,0.0,0.0,0.0,1.0,5.75
STU-10646,-1.2381625575738842,-1.2784701690910976,-0.5524744117601986,-2.140421763891243,-0.4,-0.19960707269155203,-0.2832469775474956,1.0,0.0,1.0,0.0,0.0,0.0,0.0,3.19
STU-10666,-0.7937110179068801,-1.0607710173207563,0.8164287941676505,-0.5280763005568863,1.8,-1.582711198428291,-0.16580310880829013,1.0,0.0,1.0,0.0,0.0,0.0,0.0,3.41
STU-13940,0.8868713664589816,0.8978028695635666,0.7662389569984764,-0.31527943737570235,-0.4,1.3595284872298627,0.0069084628670121485,0.0,1.0,0.0,0.0,0.0,0.0,1.0,5.71
STU-11081,1.7896635564075856,-0.45437470017828796,0.3696408319165765,-0.08611358471904242,0.6,-0.631827111984283,0.062176165803108925,0.0,1.0,0.0,0.0,1.0,0.0,0.0,4.37
STU-10111,-0.27981392516690573,-1.8805556119410842,-0.5701884719375532,0.4458785732339173,0.0,-0.650687622789784,-0.2832469775474956,1.0,0.0,0.0,1.0,0.0,0.0,0.0,3.86
STU-12750,0.08130295081253533,0.7620103293503835,-1.1626253734246588,-1.8867024270213693,0.2,-0.006286836935166861,1.1652274035693726,1.0,0.0,0.0,0.0,1.0,0.0,0.0,4.07
STU-14476,0.44241982679197767,0.4810850212903065,0.858745715702443,1.5262318786153128,-0.2,0.13831041257367402,0.3799654576856651,1.0,0.0,0.0,0.0,1.0,0.0,0.0,4.47
STU-13194,0.1924158357292866,1.0623345717266302,-0.9185649887588753,0.7732583627434315,1.2,-0.42593320235756377,-0.46516983304548076,0.0,1.0,0.0,0.0,1.0,0.0,0.0,4.55
STU-12495,-1.8770616458452034,1.0623345717266302,0.858745715702443,-0.4707848373927218,-0.6,0.03300589390962686,0.0,1.0,0.0,0.0,1.0,0.0,0.0,0.0,3.95
STU-11367,-0.3353703676252814,1.0623345717266302,1.5043247977216152,0.2658196890036848,2.0,1.295088408644401,0.6424870466321244,0.0,1.0,0.0,0.0,0.0,1.0,0.0,5.08
STU-13825,0.553532711708729,0.406363200220619,0.4828139941607917,0.470432057447131,0.2,-0.06444007858546172,0.1082325849165227,0.0,1.0,0.0,0.0,0.0,0.0,1.0,4.87
STU-11062,1.6091051184178649,-2.061612332225328,-0.093877076057554,0.09394529951119004,-0.2,-0.2609037328094303,0.9902130109383996,1.0,0.0,0.0,1.0,0.0,0.0,0.0,3.57
STU-14638,0.34519605248981994,0.13980747313548123,0.15018330860822954,-1.035514974296633,0.2,-0.0848722986247543,-0.33621185952792176,0.0,1.0,0.0,0.0,1.0,0.0,0.0,4.57
STU-11005,-1.252051668188479,0.0,-2.119184623001847,0.2412662047904711,0.2,-1.7304518664047155,0.03454231433506054,1.0,0.0,0.0,0.0,0.0,0.0,1.0,2.25
STU-14323,-1.0159367877403815,-2.572450935884446,-0.7227262123536682,-1.5756916269873311,0.4,-1.5292730844793716,-0.025331030512377537,0.0,1.0,0.0,0.0,1.0,0.0,0.0,3.16
STU-13784,-1.0576041195841634,-1.0772960354419376,0.038978375272610416,0.0,0.2,-0.5406679764243615,-0.47207829591249284,1.0,0.0,0.0,1.0,0.0,0.0,0.0,3.2
STU-13068,0.0,0.47821110509531906,0.16297679651409822,-0.42986236370403197,0.0,0.20117878192534375,-0.9510650546919978,1.0,0.0,0.0,0.0,0.0,0.0,1.0,4.64
STU-11580,0.2757504994168507,0.7799723055690585,-0.9776118560167258,-1.371079258543885,-1.0,0.15245579567779974,0.0,1.0,0.0,0.0,0.0,0.0,0.0,1.0,4.66
STU-14062,-2.0020636413765494,1.0623345717266302,-0.39698432798118943,0.34766463638106304,-0.2,0.4353634577603143,0.9556706966033391,1.0,0.0,0.0,0.0,0.0,0.0,1.0,4.48
STU-10085,0.9840951407611392,-0.7180565110684373,1.3985107533152335e-15,0.5850149837754607,1.2,-0.8314341846758351,0.9556706966033391,0.0,1.0,0.0,0.0,0.0,1.0,0.0,3.9
STU-10433,-0.015920823489621122,0.7102798378405994,0.5034803977010389,1.5098628891398373,0.4,0.15245579567779974,0.03454231433506054,0.0,1.0,0.0,1.0,0.0,0.0,0.0,3.91
STU-11260,-0.9603803452820071,0.5069502670451984,1.5043247977216152,0.15942125741309288,0.2,0.25461689587426345,-0.5734024179620035,1.0,0.0,0.0,0.0,0.0,1.0,0.0,4.59
STU-12816,-0.07147726594799676,0.14699226362295184,-1.0799597592636683,1.9354566155022053,-1.0,-0.17917485265225946,0.062176165803108925,1.0,0.0,0.0,0.0,0.0,0.0,1.0,4.06
STU-14941,0.011857397739566082,-1.8985175881597591,-1.0711027291749904,-0.6917661953116434,0.0,-0.05500982318271115,1.9435808865860684,0.0,1.0,0.0,0.0,0.0,0.0,1.0,4.12
STU-13524,1.1785426893654534,0.6025079805285494,0.3253556814731879,-0.15977403735868367,-1.0,0.3206286836935169,0.039147956246401834,1.0,0.0,0.0,1.0,0.0,0.0,0.0,4.26
STU-14489,1.7896635564075856,0.0,1.4885789664528553,-0.41349337422855664,-0.2,1.9803536345776034,-0.46286701208981,1.0,0.0,0.0,0.0,0.0,0.0,1.0,6.02
STU-11554,-0.9187130134382251,-1.2181179289963493,-0.06632187133722336,-0.3480174163266538,0.2,-0.5422396856581532,-0.17962003454231443,1.0,0.0,0.0,1.0,0.0,0.0,0.0,2.96
STU-14576,0.3729742737190084,-1.0428090411020812,-0.3074299126401156,-1.5593226375118556,0.6,-0.3269155206286838,-0.12435233160621764,1.0,0.0,0.0,0.0,0.0,1.0,0.0,4.1
STU-14287,-0.05758815533340317,-2.7815283390698227,-0.2267325273877198,0.3640336258565391,-0.2,0.034577603143418574,-0.5549798503166379,0.0,1.0,0.0,0.0,0.0,1.0,0.0,3.05
STU-13471,1.5118813441157073,0.1965673179864947,0.8459522277965756,-0.9864080058702062,0.4,0.11001964636542258,0.02763385146804839,0.0,1.0,1.0,0.0,0.0,0.0,0.0,5.36
STU-12792,-0.11314459779177881,-1.3998931283293405,-0.703043923267719,0.4049560995452282,-1.0,-0.6868369351669943,0.4237190558434082,1.0,0.0,0.0,0.0,0.0,0.0,1.0,3.9
STU-10163,0.45630893740657125,0.6750743644519969,0.69735094519765,0.8469188153830713,-0.6,0.05186640471512772,1.2112838226827867,1.0,0.0,1.0,0.0,0.0,0.0,0.0,6.1
STU-12363,-2.6409627296478684,0.32373810961471355,-1.7383323291887078,-0.4462313531795081,-1.0,-0.23889980353634574,0.4858952216465171,1.0,0.0,1.0,0.0,0.0,0.0,0.0,3.14
STU-12985,-0.349259478239875,1.0623345717266302,0.35389500064781654,-1.7557505112175635,0.4,12.768803780701091,-0.36154289004029927,1.0,0.0,0.0,0.0,0.0,1.0,0.0,5.15
STU-13024,-1.7381705396992648,-1.3043354148459896,-0.5534585262144952,0.2740041837414225,1.2,-1.7304518664047155,-0.3293033966609096,1.0,0.0,0.0,0.0,0.0,0.0,1.0,3.43
STU-13847,-1.2937190000322598,0.11753462262432404,1.3985107533152335e-15,-0.32346393211344004,0.2,-0.8565815324165031,-0.16350028785261947,1.0,0.0,0.0,0.0,0.0,1.0,0.0,2.98
STU-12656,-0.015920823489621122,0.7620103293503835,1.2819149310503755,0.5850149837754607,0.6,1.2086444007858548,-0.7184801381692574,0.0,1.0,0.0,0.0,0.0,1.0,0.0,4.89
STU-10444,0.3174178312606327,-0.6885988700698105,0.9561730466778982,0.06120732056023862,-1.0,-0.06758349705304516,-0.4237190558434082,1.0,0.0,0.0,0.0,0.0,1.0,0.0,4.57
STU-10543,1.7896635564075856,1.0623345717266302,1.5043247977216152,0.699597910103791,0.0,0.6774066797642438,0.0,0.0,1.0,0.0,0.0,0.0,0.0,1.0,5.48
STU-10119,1.2479882424384239,0.042812801554636556,1.0043946549384761,0.8387343206453336,0.6,1.2793713163064833,1.5728267127230862,1.0,0.0,0.0,0.0,0.0,1.0,0.0,4.38
STU-11244,0.4146416055627892,0.2368021447163269,-1.2118310961395347,-2.205897721793146,0.4,0.34106090373280945,2.1600460564191133,0.0,1.0,0.0,0.0,0.0,0.0,1.0,3.88
STU-10376,-0.15481192963556084,-0.30996041138014047,-0.7965347964259821,-1.2319428480023416,0.6,0.3159135559921415,0.23719055843408185,1.0,0.0,0.0,0.0,0.0,0.0,1.0,3.84
STU-12738,0.0,1.0623345717266302,0.478877536343601,-0.176143026834159,1.2,-0.28919449901768174,0.12435233160621764,0.0,1.0,0.0,0.0,0.0,1.0,0.0,5.1
STU-14690,0.03963561896875452,-0.09082430151230551,1.5043247977216152,0.03665383634702487,0.2,-0.6601178781925345,0.07369027058146237,1.0,0.0,0.0,0.0,1.0,0.0,0.0,3.4
STU-12743,-0.668709022375534,1.0623345717266302,0.18954788678013082,-1.5265846585609042,0.8,1.221218074656189,0.18883131836499722,1.0,0.0,0.0,0.0,0.0,1.0,0.0,4.83
STU-12132,-1.7520596503138586,-0.984612238153574,0.3322444826532713,0.8141808364321206,0.6,0.0,-0.6263672999424295,1.0,0.0,0.0,0.0,0.0,0.0,1.0,3.58
STU-12752,0.7896475921568251,1.0623345717266302,1.5043247977216152,0.5686459942999853,-0.4,1.4695481335952851,0.27633851468048365,0.0,1.0,0.0,1.0,0.0,0.0,0.0,5.42
STU-12065,0.8452040346152008,1.0623345717266302,0.7327790655523605,0.32311115216785,-0.6,0.8722986247544204,-0.37996545768566486,1.0,0.0,0.0,0.0,1.0,0.0,0.0,5.1
STU-10305,-0.39092681008365704,-1.1283080479029741,1.223852178246823,0.7323358890547425,1.4,-1.0027504911591356,-0.6263672999424295,1.0,0.0,0.0,0.0,0.0,1.0,0.0,3.84
STU-13207,0.4285307161773828,0.4351023621704984,0.2909116755727753,0.805996341694383,0.4,-0.047151277013752296,-0.66090961427749,0.0,1.0,0.0,0.0,0.0,0.0,1.0,4.9
STU-11645,0.4701980480211648,-0.23092771601797082,0.41687832572285777,1.223405573319013,-0.2,0.2719056974459726,-0.31548647092688553,0.0,1.0,0.0,1.0,0.0,0.0,0.0,5.48
STU-10210,-0.6825981329901288,0.22602495898512148,-1.1675459456961474,-1.0027769953456815,0.4,0.20275049115913574,-0.8221070811744388,0.0,1.0,0.0,0.0,1.0,0.0,0.0,3.4
STU-13019,0.5257544904795405,0.01551059770225086,-0.652854086098545,1.4525714259756723,-0.2,0.0,-0.4605641911341394,1.0,0.0,0.0,1.0,0.0,0.0,0.0,3.96
STU-13872,-0.5020396950004083,-0.20578094931182622,0.5999236142221961,0.6177529627264121,-0.2,-0.7245579567779961,0.2924582613701786,1.0,0.0,1.0,0.0,0.0,0.0,0.0,4.48
STU-14291,-3.6132004726694413,0.0,-2.601400705607631,-0.6262902374097405,0.8,-1.7304518664047155,-0.6678180771445021,1.0,0.0,0.0,0.0,1.0,0.0,0.0,1.0
STU-14442,-0.0020317128750275202,1.0623345717266302,1.5043247977216152,-0.5689987742455761,0.4,0.6491159135559924,-0.4812895797351756,1.0,0.0,0.0,0.0,1.0,0.0,0.0,4.97
STU-12542,0.7340911496984495,-0.6598597081199301,0.6875098006546753,0.6668599311528396,1.4,-0.017288801571709148,1.4507772020725391,1.0,0.0,0.0,0.0,0.0,0.0,1.0,4.76
STU-11962,-0.04369904471880956,1.0623345717266302,1.165789425443269,1.788135710222924,0.4,-0.17603143418467573,0.0,1.0,0.0,1.0,0.0,0.0,0.0,0.0,4.37
STU-14308,-1.1687170045009148,0.4279175716830288,-0.50031634568243,0.9123947732849741,-0.4,9.146653057021277,0.04375359815774333,1.0,0.0,0.0,0.0,0.0,1.0,0.0,3.75
STU-13097,-0.140922819020966,-0.20362551216558514,-0.21689138284474377,0.2821886784791602,-1.0,-0.004715127701375146,-0.5503742084052965,1.0,0.0,0.0,1.0,0.0,0.0,0.0,3.62
STU-11770,-0.668709022375534,-1.265537546213652,0.9089355528716169,0.012100352133811124,-0.8,-0.10530451866404716,0.31318364997121484,1.0,0.0,0.0,0.0,0.0,0.0,1.0,4.18
STU-10408,-2.2104003005954573,-1.8640305938199029,1.3985107533152335e-15,-1.592060616462807,-0.6,-1.7304518664047155,0.35463442717328736,1.0,0.0,0.0,0.0,0.0,0.0,1.0,1.48
STU-14460,1.3591011273551752,1.0623345717266302,1.1677576543518637,0.7159668995792663,2.2,0.28919449901768174,-0.8313183649971215,1.0,0.0,1.0,0.0,0.0,0.0,0.0,6.04
STU-13563,1.7896635564075856,0.0,1.5043247977216152,-0.19251201630963508,0.6,1.677013752455796,1.0523891767415083,1.0,0.0,0.0,0.0,0.0,1.0,0.0,5.99
STU-14204,-0.2242574827085301,-2.2670973401669707,-0.5446014961258172,-0.8390871005909244,0.2,-0.7151277013752456,-0.0069084628670121485,1.0,0.0,0.0,0.0,0.0,0.0,1.0,3.01
STU-13373,-0.5159288056150019,0.6678895739645272,-0.31235048491160294,-0.7654266479512839,0.6,0.5139489194499018,0.5112262521588946,1.0,0.0,0.0,0.0,0.0,1.0,0.0,3.24
STU-14971,-0.5992634693025648,-1.695906496413105,-0.2355895574763978,-0.675397205836168,1.0,-1.7304518664047155,-0.7345998848589523,1.0,0.0,1.0,0.0,0.0,0.0,0.0,2.52
STU-14947,0.45630893740657125,1.0134779964118337,0.6451928791198813,1.4525714259756723,1.4,0.7795677799607073,0.1842256764536557,1.0,0.0,0.0,0.0,1.0,0.0,0.0,5.25
STU-11595,-0.7520436860630981,-1.4861106141789806,0.29583224784426265,0.5686459942999853,0.2,0.004715127701375146,-0.0046056419113412956,1.0,0.0,0.0,0.0,0.0,1.0,0.0,3.99
STU-11280,0.23408316757306866,0.27775545049490546,-0.39206375570970214,0.8551033101208104,-1.0,0.35520628683693517,-0.17731721358664357,1.0,0.0,0.0,0.0,1.0,0.0,0.0,5.03
STU-10114,-0.4603723631566263,-0.974553531471116,-2.098518219461599,1.035162194351042,2.0,-0.6176817288801573,-0.9165227403569373,0.0,1.0,0.0,0.0,0.0,1.0,0.0,3.4
STU-12044,1.6091051184178649,0.08232914923572138,0.8124923363504597,-1.0027769953456815,0.6,1.1127701375245582,0.8727691421991941,1.0,0.0,0.0,0.0,0.0,0.0,1.0,5.78
STU-13606,1.3868793485843625,0.9789910020719783,0.715065005375006,0.0,-0.6,-0.5988212180746564,0.4559585492227981,0.0,1.0,0.0,0.0,0.0,0.0,1.0,6.12
STU-11064,1.234099131823829,1.0623345717266302,1.0978855280967406,-0.23343448999832417,0.6,0.8062868369351672,-0.013816925734024092,1.0,0.0,0.0,0.0,1.0,0.0,0.0,6.11
STU-14962,1.5118813441157073,1.0623345717266302,0.8794121192426916,1.46075592071341,0.0,1.403536345776032,0.35924006908462885,0.0,1.0,0.0,0.0,1.0,0.0,0.0,5.13
STU-14189,0.6646455966254802,1.0623345717266302,0.8538251434309556,1.681737278632333,-1.0,1.3265225933202358,0.2878526194588371,0.0,1.0,0.0,0.0,0.0,1.0,0.0,5.97
STU-11694,-1.0992714514279456,0.5464666147262833,0.14526273633674222,-0.11066706893225617,2.0,-0.29233791748526516,0.5757052389176744,1.0,0.0,0.0,0.0,0.0,0.0,1.0,4.11
STU-14507,-0.7242654648339096,0.0,0.37456140418806383,-1.6902745533156607,-1.0,0.23732809430255403,0.9441565918249859,1.0,0.0,1.0,0.0,0.0,0.0,0.0,3.6
STU-12199,0.7063129284692611,0.2842217619336287,1.5043247977216152,1.035162194351042,0.2,0.51237721021611,0.9395509499136446,1.0,0.0,1.0,0.0,0.0,0.0,0.0,5.09
STU-11131,-0.9881585665111943,-1.1469885031703966,-0.4393012495159834,-0.8145336163777114,-0.8,-0.6051080550098232,1.6833621185952794,1.0,0.0,0.0,0.0,1.0,0.0,0.0,3.56
STU-10176,0.8174258133860123,0.8999583067098077,0.031105459638230436,-1.0600684585098468,1.0,0.946168958742633,1.1375935521013243,1.0,0.0,0.0,1.0,0.0,0.0,0.0,4.62
STU-11779,0.9979842513757329,1.0623345717266302,1.5043247977216152,1.730844247058759,-1.0,0.9304518664047152,1.351755900978699,1.0,0.0,0.0,1.0,0.0,0.0,0.0,5.58
STU-13279,-0.26592481455231215,-3.6559173413949226,-0.5022845745910246,-0.8309026058531868,0.6,-1.6502946954813362,0.45365572826712725,1.0,0.0,0.0,0.0,0.0,0.0,1.0,1.76
STU-14000,0.33130694187522636,1.0623345717266302,0.8990944083286408,-1.3874482480193608,1.2,0.7245579567779964,0.6378814047207831,1.0,0.0,1.0,0.0,0.0,0.0,0.0,4.98
STU-13959,-2.0020636413765494,0.9789910020719783,0.10392992925624628,-0.42986236370403197,-1.0,0.0,2.80944156591825,1.0,0.0,1.0,0.0,0.0,0.0,0.0,3.33
STU-11231,-1.1964952257301034,0.3970229725869073,-0.7719319350685442,0.4622475627093934,0.8,-0.6742632612966603,-0.5664939550949915,1.0,0.0,0.0,0.0,1.0,0.0,0.0,3.59
STU-11904,-0.015920823489621122,0.0,-1.646809684939038,0.044838331084762546,0.2,-1.1426326129666013,-0.17962003454231443,1.0,0.0,0.0,0.0,0.0,1.0,0.0,3.31
STU-13400,-0.7937110179068801,-2.703932601805147,-0.28577939464557034,-1.0027769953456815,1.8,-1.4098231827111984,1.4231433506044908,1.0,0.0,0.0,0.0,1.0,0.0,0.0,2.49
STU-13048,-0.11314459779177881,-0.06783297195240198,0.9886488236697161,-0.8963785637550896,1.8,0.7764243614931238,0.6309729418537708,1.0,0.0,0.0,0.0,0.0,0.0,1.0,4.23
STU-10562,1.650772450261647,-0.05490034907495548,1.061473293287732,-0.2579879742115372,-0.6,-0.09587426326129658,1.259643062751871,1.0,0.0,0.0,0.0,0.0,0.0,1.0,4.48
STU-10358,1.150764468136266,1.0623345717266302,0.3086257357501299,-1.1091754269362735,-0.6,0.6506876227897838,-0.10362694300518141,0.0,1.0,0.0,0.0,0.0,0.0,1.0,5.15
STU-11878,0.9702060301465456,0.009762765312273958,-0.862470464863916,-0.5444452900323623,0.6,1.1803536345776033,-0.1174438687392055,0.0,1.0,0.0,0.0,0.0,1.0,0.0,4.38
STU-11731,0.12297028265631738,-0.49820192215185494,-1.1488477710644935,1.2643280470077027,0.4,-0.543811394891945,0.13816925734024194,1.0,0.0,0.0,0.0,1.0,0.0,0.0,4.19
STU-14730,1.7896635564075856,-0.11166019392596897,1.5043247977216152,0.11031428898666538,0.2,0.550098231827112,0.356937248128958,1.0,0.0,0.0,0.0,0.0,1.0,0.0,5.15
STU-10508,-0.2520357039377173,-0.1950037635806208,0.38932312100252714,0.3640336258565391,1.0,0.6161100196463655,0.8313183649971216,1.0,0.0,0.0,0.0,1.0,0.0,0.0,3.7
STU-11593,-0.2520357039377173,1.0623345717266302,0.05866066435856106,-0.9373010374437787,1.6,-0.15402750491159145,0.32700057570523894,1.0,0.0,0.0,0.0,0.0,1.0,0.0,4.36
STU-14994,-0.5437070268441891,-2.2807484420931634,0.2643405853067427,-1.051883963772109,1.0,-1.1332023575638508,-0.1980426021876798,1.0,0.0,0.0,0.0,0.0,1.0,0.0,2.99
STU-11782,-0.4742614737712199,0.09095089782068572,0.5339879457842622,0.6504909416773635,1.2,-0.3111984282907663,-0.538860103626943,0.0,1.0,0.0,0.0,0.0,0.0,1.0,4.74
STU-10449,-0.9187130134382251,-2.3375082869441766,-2.3858796401164746,-0.4626003426549834,0.2,0.0,0.05296488198042613,1.0,0.0,1.0,0.0,0.0,0.0,0.0,2.28
STU-10620,-0.08536637656259037,0.9207941991234712,1.5043247977216152,-1.1009909321985358,1.0,0.13831041257367402,0.5734024179620034,1.0,0.0,0.0,0.0,1.0,0.0,0.0,4.94
STU-12040,0.011857397739566082,1.0623345717266302,-0.26019241883383576,-1.305603300641982,0.0,1.2306483300589393,0.12204951065054699,1.0,0.0,1.0,0.0,0.0,0.0,0.0,7.628340680206097
STU-12028,-0.557596137458784,0.7426113950342147,0.8213493664391377,0.7323358890547425,0.8,0.2970530451866406,0.6954519286125506,1.0,0.0,0.0,0.0,0.0,0.0,1.0,4.78
STU-14970,-1.4048318849490111,0.07442587969950441,-0.6134895079266438,1.223405573319013,1.2,0.32534381139489205,1.9735175590097873,1.0,0.0,0.0,1.0,0.0,0.0,0.0,3.31
STU-10518,-1.974285420147361,-1.973957888278194,-1.7776969073606077,-0.028822121554877973,0.0,-1.2888015717092338,-0.7576280944156593,0.0,1.0,0.0,1.0,0.0,0.0,0.0,1.96
STU-12447,-1.4603883274073866,0.18650861130403668,-1.0779915303550722,0.6177529627264121,0.8,-0.40235756385068777,0.05757052389176742,1.0,0.0,0.0,0.0,0.0,0.0,1.0,3.65
STU-12553,1.081318915063297,-1.4638377636678235,0.36275203073649454,0.5359080153490339,1.8,-0.2530451866404715,0.08750719631548647,1.0,0.0,0.0,1.0,0.0,0.0,0.0,3.65
STU-10963,0.9424278089173572,0.05071607109085352,1.5043247977216152,2.1073310049947005,0.8,-0.017288801571709148,0.26021876799078875,1.0,0.0,0.0,0.0,1.0,0.0,0.0,4.63
STU-14678,0.0,-1.5795128905160911,-1.7038883232882938,-0.9864080058702062,0.6,-0.7795677799607074,-0.2026482440990213,0.0,1.0,0.0,0.0,1.0,0.0,0.0,3.07
STU-13802,-1.6270576547825135,-0.5930411565864595,-2.5718772719787055,1.9436411102399442,-0.2,-1.3595284872298627,0.09211283822682796,1.0,0.0,0.0,0.0,0.0,0.0,1.0,2.68
STU-12292,0.8590931452297944,1.0623345717266302,1.5043247977216152,0.8632878048585481,-1.0,0.5563850687622792,0.4559585492227981,0.0,1.0,0.0,1.0,0.0,0.0,0.0,5.28
STU-10258,0.9285386983027636,0.0,-0.03286197989110881,-1.452924205921263,0.0,-0.1587426326129666,-0.13356361542890044,1.0,0.0,0.0,0.0,0.0,1.0,0.0,3.52
STU-14190,1.7896635564075856,1.0623345717266302,1.3985107533152335e-15,0.6341219522018882,0.0,1.013752455795678,0.1934369602763385,1.0,0.0,0.0,0.0,0.0,1.0,0.0,5.63
STU-13378,0.1507485038855058,0.06867804730952853,1.3985107533152335e-15,-0.699950690049381,1.0,0.40707269155206294,-0.7069660333909039,1.0,0.0,0.0,1.0,0.0,0.0,0.0,3.87
STU-14898,-0.668709022375534,-1.945218726328314,0.06554946553864302,-1.1173599216740118,0.2,-0.7465618860510806,-0.7783534830166955,1.0,0.0,0.0,0.0,0.0,1.0,0.0,3.12
STU-10068,0.6368673753962918,-0.2553560036753691,0.5782730962276508,-0.7326886690003325,0.0,-0.3206286836935166,0.4237190558434082,1.0,0.0,0.0,1.0,0.0,0.0,0.0,4.41
STU-12289,0.0,-2.4201333775500813,-1.0868485604437503,0.5277235206112962,-1.0,0.0,-0.18652849740932637,1.0,0.0,0.0,0.0,0.0,0.0,1.0,3.47
STU-13594,0.5118653798649468,-1.601067261978501,-1.944996364591186,-0.9945925006079438,0.6,0.5956777996070729,-0.5941278065630398,1.0,0.0,0.0,0.0,1.0,0.0,0.0,3.67
STU-10166,0.6924238178546674,0.4983285184602351,0.640272306848394,-0.10248257419451849,0.4,0.6051080550098232,0.1842256764536557,1.0,0.0,0.0,0.0,0.0,0.0,1.0,5.4
STU-10978,-0.19647926147934167,1.0623345717266302,1.3626123163027728,0.13486777319987914,-0.4,0.671119842829077,-0.3960852043753598,1.0,0.0,0.0,0.0,1.0,0.0,0.0,4.8
STU-11938,-1.0298258983549764,-1.3546289482582796,1.3985107533152335e-15,-0.1843275215718967,0.8,-0.9053045186640473,-0.31778929188255617,1.0,0.0,0.0,0.0,1.0,0.0,0.0,2.88
STU-13354,-0.08536637656259037,1.0486834698004373,1.5043247977216152,0.5686459942999853,1.0,-0.045579567779960584,-0.47898675877950486,1.0,0.0,1.0,0.0,0.0,0.0,0.0,4.32
STU-13848,-0.7242654648339096,1.0623345717266302,0.19151611568872548,0.2740041837414225,-0.2,0.20432220039292745,-0.10362694300518141,1.0,0.0,0.0,0.0,0.0,0.0,1.0,3.88
STU-13682,0.7618693709276366,-0.8754034227440303,1.1441389074487238,0.21671272057725732,-0.2,0.5359528487229863,0.568796776050662,1.0,0.0,0.0,0.0,1.0,0.0,0.0,5.06
STU-13684,-0.8353783497506609,-0.6850064748260747,-0.2670812200139177,-0.09429807945678081,-1.0,0.1477406679764243,0.4697754749568222,1.0,0.0,1.0,0.0,0.0,0.0,0.0,4.78
STU-13073,1.567437786574083,0.0,1.5043247977216152,-0.49533832160593483,0.0,0.5422396856581535,-0.9648819804260219,1.0,0.0,1.0,0.0,0.0,0.0,0.0,4.8
STU-14496,-1.085382340813352,0.8194886532501443,1.305533677953517,0.7978118469566453,1.8,-0.8612966601178783,-0.5734024179620035,1.0,0.0,0.0,0.0,0.0,0.0,1.0,4.32
STU-12501,-0.2242574827085301,1.0623345717266302,0.13738982070236225,0.9942397206623538,-0.6,0.3111984282907663,0.5480713874496258,1.0,0.0,0.0,0.0,1.0,0.0,0.0,3.97
STU-12572,-0.15481192963556084,0.5974786271873209,0.640272306848394,-2.07494580598934,-0.2,-0.1823182711198429,-0.9971214738054118,1.0,0.0,1.0,0.0,0.0,0.0,0.0,4.8
STU-10024,-2.5992953978040867,-0.763320691139498,-1.379130553370113,0.10212979424892772,1.0,-1.2542239685658154,0.3431203223949339,0.0,1.0,0.0,0.0,0.0,1.0,0.0,2.42
STU-14106,-0.7937110179068801,-2.6155596788092654,-1.5021448601573029,-1.3383412795929335,1.0,-0.5831041257367386,-0.6793321819228555,0.0,1.0,0.0,0.0,0.0,0.0,1.0,2.53
STU-11851,-0.4603723631566263,-0.4615594906657575,0.39522780772831245,0.6013839732509367,-0.6,-0.32848722986247547,-0.7622337363270006,0.0,1.0,0.0,1.0,0.0,0.0,0.0,3.82
STU-14502,0.0,-0.4098289991559736,-1.6832219197480465,0.9205792680227133,0.4,-0.2719056974459726,-0.5872193436960277,0.0,1.0,0.0,0.0,0.0,0.0,1.0,4.95
STU-10563,1.4424357910427381,0.6542384720383334,0.9177925829602949,-0.7326886690003325,0.2,0.6223968565815327,-0.92573402417962,0.0,1.0,0.0,0.0,0.0,1.0,0.0,4.98
STU-13486,-1.2103843363446969,-1.897080630062265,-1.252179788765734,0.3722181205942768,0.2,-1.1332023575638508,0.6217616580310882,0.0,1.0,0.0,0.0,0.0,0.0,1.0,2.28
STU-14230,0.5674218223233225,1.0623345717266302,-0.2611765332881324,-0.3480174163266538,1.4,0.45893909626719065,0.35002878526194603,0.0,1.0,0.0,0.0,0.0,0.0,1.0,4.74
STU-10398,-0.4742614737712199,-0.01322856424762957,1.3985107533152335e-15,-0.22524999526058578,-0.6,-0.25461689587426317,0.8151986183074267,1.0,0.0,0.0,0.0,0.0,1.0,0.0,3.94
STU-14618,-0.4603723631566263,-0.31427128567262264,-0.4038731291612728,0.6586754364151012,1.8,-0.5280943025540275,0.6540011514104781,1.0,0.0,0.0,0.0,1.0,0.0,0.0,4.15
STU-14337,-1.3076081106468547,0.5543698842625013,0.6166535599452541,1.313435015434129,-0.2,0.3426326129666012,-0.7069660333909039,1.0,0.0,0.0,0.0,1.0,0.0,0.0,5.18
STU-13128,0.45630893740657125,-1.0708297240032143,-1.1537683433359822,-0.7326886690003325,0.0,-0.11316306483300602,0.9833045480713877,1.0,0.0,0.0,0.0,0.0,0.0,1.0,3.19
STU-10754,-0.8631565709798494,0.9904866668519301,1.49054719536145,-1.0191459848211575,-0.2,-0.24833005893909632,-0.5803108808290156,1.0,0.0,0.0,0.0,1.0,0.0,0.0,4.34
STU-10412,1.7896635564075856,1.0623345717266302,0.843983998887981,0.1921592363640443,-0.2,1.0876227897838902,0.0046056419113415,1.0,0.0,0.0,0.0,0.0,0.0,1.0,6.06
STU-12284,-0.3353703676252814,1.0623345717266302,0.664875168205832,0.9451327522359263,-0.4,0.5060903732809432,0.16350028785261947,1.0,0.0,1.0,0.0,0.0,0.0,0.0,4.38
STU-11513,0.24797227818766227,-0.2618223151140923,0.24072183840360137,1.1824830996303233,0.6,-1.4679764243614934,-0.39838802533103046,1.0,0.0,0.0,1.0,0.0,0.0,0.0,3.58
STU-13474,-0.19647926147934167,0.6571123882333219,-0.21000258166466182,0.2330817100527334,0.0,0.48565815324165035,0.07599309153713302,1.0,0.0,0.0,1.0,0.0,0.0,0.0,4.56
STU-12645,1.7202180033346162,1.0623345717266302,0.8449681133422776,0.5931994785131991,0.0,1.85147347740668,-0.455958549222798,1.0,0.0,0.0,0.0,1.0,0.0,0.0,5.91
STU-11948,-1.446499216792793,-1.0277209810783947,-2.135914568724905,0.9205792680227133,-0.2,-0.5092337917485267,-0.11974668969487615,1.0,0.0,0.0,1.0,0.0,0.0,0.0,2.4
STU-11199,-0.27981392516690573,1.0623345717266302,1.279946702141781,-0.3643864058021299,0.2,0.7528487229862478,0.3684513529073116,1.0,0.0,0.0,1.0,0.0,0.0,0.0,4.79
STU-13062,0.6785347072400738,0.19728579703524107,1.5043247977216152,2.271020899749457,1.0,1.0326129666011787,-0.13586643638457108,1.0,0.0,0.0,0.0,0.0,1.0,0.0,5.07
STU-12677,0.7618693709276366,1.0623345717266302,1.2336933227897977,-1.2073893637891278,8.4,0.176031434184676,0.2026482440990213,1.0,0.0,0.0,0.0,0.0,0.0,1.0,4.24
STU-11581,0.10908117204172377,0.8036821141777104,0.7140808909207079,0.4949855416603448,-0.8,0.5390962671905698,0.29015544041450775,1.0,0.0,0.0,0.0,1.0,0.0,0.0,4.28
STU-12444,0.3590851631044136,-0.7899044159431373,0.23088069386062676,-1.0682529532475844,0.8,-0.7402750491159137,-0.14047207829591238,1.0,0.0,1.0,0.0,0.0,0.0,0.0,3.78
STU-14608,-1.113160562042539,1.0515573859954248,-0.46685645423631406,0.053022825822500945,-1.0,-0.059724950884086296,2.0587219343696033,0.0,1.0,1.0,0.0,0.0,0.0,0.0,4.44
STU-14400,0.8590931452297944,0.8575680428337354,0.9522365888607075,-0.9373010374437787,0.4,0.27662082514734776,-0.34081750143926304,1.0,0.0,0.0,0.0,0.0,1.0,0.0,4.41
STU-10749,1.4702140122719252,0.5414372613850548,0.65798636702575,0.29855766795463623,-1.0,1.2667976424361496,-0.7507196315486472,1.0,0.0,0.0,0.0,1.0,0.0,0.0,5.73
STU-13627,0.0,1.0623345717266302,-0.0013703173535874994,-1.452924205921263,0.2,1.5339882121807469,0.9142199194012667,1.0,0.0,0.0,0.0,0.0,0.0,1.0,5.29
STU-12491,0.9702060301465456,0.4207327811955582,0.5950030419507087,0.6095684679886744,0.2,-0.0974459724950883,0.21876799078871625,1.0,0.0,0.0,0.0,0.0,0.0,1.0,4.27
STU-10904,1.400768459198956,1.0623345717266302,0.9089355528716169,0.0,-0.2,0.9603143418467587,0.30397236614853207,0.0,1.0,0.0,0.0,1.0,0.0,0.0,5.72
STU-11006,-0.4464832525420327,-0.6878803910210631,-0.18441560585292585,0.6013839732509367,0.0,-0.12730844793713172,0.5780080598733451,0.0,1.0,0.0,0.0,1.0,0.0,0.0,3.51
STU-10236,0.6090891541671046,1.0623345717266302,1.127408961725666,1.3298040049096056,0.6,-0.012573673870334002,0.08059873344847451,1.0,0.0,1.0,0.0,0.0,0.0,0.0,5.01
STU-12870,1.7896635564075856,0.7850016589102881,0.20726194695748543,1.0679001733019944,1.4,0.49980353634577607,0.05757052389176742,1.0,0.0,0.0,0.0,1.0,0.0,0.0,4.86
STU-13854,0.7479802603130431,0.0,0.0340578030011231,-0.24980347947379952,-0.8,0.8895874263261301,-0.7023603914795625,0.0,1.0,0.0,1.0,0.0,0.0,0.0,5.69
STU-11112,-0.029809934104214727,0.18004229986531342,-1.9036635575106902,1.5917078365172157,-0.6,0.743418467583497,-0.20034542314335066,0.0,1.0,0.0,0.0,0.0,1.0,0.0,5.02
STU-12881,-0.029809934104214727,-1.1074721554893117,-0.22476429847912377,1.8045046996984009,0.4,-0.5689587426326129,-0.13816925734024174,1.0,0.0,0.0,0.0,0.0,1.0,0.0,2.95
STU-12446,-0.18259015086474806,1.0623345717266302,-0.8093282843318508,-1.371079258543885,0.6,13.377600207002878,-0.3707541738629821,1.0,0.0,0.0,1.0,0.0,0.0,0.0,3.89
STU-14175,-1.1687170045009148,0.15561401220791515,-0.6479335138270578,-1.804857479643991,1.0,0.5139489194499018,0.4881980426021878,0.0,1.0,0.0,0.0,0.0,0.0,1.0,4.0
STU-12939,-0.05758815533340317,0.8022451560802156,-0.2572400754709431,1.9681945944531574,-0.8,0.29862475442043235,-0.6102475532527347,1.0,0.0,0.0,0.0,1.0,0.0,0.0,4.59
STU-10062,0.0,-0.0290351033200635,0.48084576525219563,-0.6017367531965275,-1.0,-0.3944990176817289,1.139896373056995,0.0,1.0,0.0,0.0,0.0,0.0,1.0,5.15
STU-11247,-0.4881505843858135,-1.1829124556077466,-0.9500566512963952,-0.6426592268852166,-0.2,-1.2589390962671907,0.2993667242371906,0.0,1.0,0.0,0.0,0.0,0.0,1.0,2.69
STU-10112,1.039651583219515,-1.3539104692095323,-0.678441061910281,0.4786165521848687,0.2,0.18546168958742631,-0.35002878526194586,0.0,1.0,0.0,0.0,0.0,0.0,1.0,3.98
STU-12449,-0.08536637656259037,0.9746801277794962,-0.1519398288611079,0.0,0.6,-0.056581532416502864,-0.6908462867012091,0.0,1.0,0.0,0.0,0.0,0.0,1.0,4.47
STU-10003,-1.1548278938863212,-0.7582913377982695,-0.16178097340408393,-0.9373010374437787,-0.2,0.09273084479371316,-0.26482440990213,0.0,1.0,0.0,0.0,0.0,1.0,0.0,3.36
STU-12026,-1.4603883274073866,0.01263668150726241,-0.3349851173604462,1.9600100997154197,0.4,-0.26561886051080547,-0.5020149683362118,1.0,0.0,1.0,0.0,0.0,0.0,0.0,3.8
STU-13074,0.4701980480211648,0.8029636351289631,1.3985107533152335e-15,1.7799512154851864,-0.4,0.30019646365422403,1.1260794473229707,0.0,1.0,0.0,0.0,0.0,1.0,0.0,5.16
STU-10078,1.7896635564075856,1.0623345717266302,0.8794121192426916,0.8223653311698583,0.6,0.8314341846758353,-0.5020149683362118,0.0,1.0,0.0,1.0,0.0,0.0,0.0,5.97
STU-10251,1.4285466804281444,-0.500357359298096,1.2405821239698795,-0.40530887949081895,0.2,-0.004715127701375146,-0.6125503742084053,1.0,0.0,0.0,0.0,0.0,0.0,1.0,4.52
STU-12977,-0.08536637656259037,1.0623345717266302,-0.2434624731107778,-1.035514974296633,-1.0,0.3206286836935169,0.11974668969487635,0.0,1.0,0.0,0.0,0.0,1.0,0.0,4.71
STU-12103,-0.7103763542193161,-0.8732479855977892,-0.4206030748843308,-0.7736111426890223,0.8,-0.12573673870333973,-0.2510074841681059,0.0,1.0,0.0,0.0,0.0,0.0,1.0,3.95
STU-13822,1.4702140122719252,1.0623345717266302,-0.8152329710576347,0.6095684679886744,0.8,0.04243614931237715,0.2210708117443869,0.0,1.0,0.0,0.0,0.0,1.0,0.0,4.68
STU-12628,0.8590931452297944,0.49617308131399407,0.5576066926874022,0.6259374574641497,-1.0,0.6349705304518667,2.369602763385147,0.0,1.0,0.0,0.0,0.0,1.0,0.0,5.58
STU-11727,0.5813109329379161,1.0422171583617141,1.043759233110376,-0.04519111103035332,0.6,0.744990176817289,-0.06678180771445022,1.0,0.0,0.0,0.0,1.0,0.0,0.0,4.63
STU-14787,-0.4742614737712199,-0.8452273026966561,-0.47177702650780134,-0.02063762681713957,-0.2,-0.3677799607072692,-0.4075993091537133,1.0,0.0,0.0,0.0,1.0,0.0,0.0,3.43
STU-14488,1.7896635564075856,-0.34875828001247894,1.5043247977216152,-1.534769153298642,-0.4,-0.16188605108055001,1.3287276914219923,1.0,0.0,0.0,0.0,1.0,0.0,0.0,5.04
STU-13452,0.0,-1.0032926934209965,-1.0720868436292883,0.6013839732509367,-0.6,0.5076620825147349,0.6632124352331606,0.0,1.0,0.0,1.0,0.0,0.0,0.0,3.62
STU-11171,-0.029809934104214727,0.0,0.6127171021280634,1.7717667207474488,-0.2,-0.8471512770137526,0.039147956246401834,0.0,1.0,0.0,0.0,1.0,0.0,0.0,3.46
STU-14574,0.4146416055627892,-1.3294821815521352,0.08031118235310634,0.0,1.4,-1.7304518664047155,0.0,0.0,1.0,1.0,0.0,0.0,0.0,0.0,3.63
STU-11059,-1.113160562042539,-2.2297364296321263,-0.7079644955392063,-0.6672127110984296,0.2,-0.9053045186640473,-0.9096142774899252,0.0,1.0,0.0,0.0,1.0,0.0,0.0,2.55
STU-14597,-0.9048239028236315,1.0623345717266302,1.0821396968279793,1.223405573319013,1.4,1.3375245579567783,0.4006908462867013,1.0,0.0,0.0,0.0,0.0,0.0,1.0,4.69
STU-14547,0.9424278089173572,-2.629210780735459,-0.31825517163738826,-0.23343448999832417,0.2,-0.6648330058939097,-0.637881404720783,0.0,1.0,0.0,0.0,0.0,0.0,1.0,3.85
STU-12387,0.0,1.0623345717266302,1.3635964307570694,-0.3725709005398675,-0.2,0.6601178781925346,-0.2164651698330454,1.0,0.0,0.0,1.0,0.0,0.0,0.0,4.57
STU-13178,-0.29370303578149937,-1.3122386843822065,-1.5228112636975515,-1.6657210691024475,-1.0,0.0,0.2256764536557284,0.0,1.0,0.0,1.0,0.0,0.0,0.0,2.22
STU-10817,0.9840951407611392,0.872656102857422,1.0024264260298814,1.0597156785642567,-0.2,0.3174852652259332,-0.4766839378238342,0.0,1.0,0.0,0.0,0.0,0.0,1.0,5.46
STU-10643,-0.8909347922090366,0.15776944935415624,0.4277035847201304,0.9369482574981887,-0.2,-0.35049115913556006,0.4697754749568222,1.0,0.0,0.0,0.0,0.0,1.0,0.0,3.73
STU-11245,1.7896635564075856,-0.3121158485263816,1.0565527210162446,0.7159668995792663,-1.0,1.5339882121807469,-0.06678180771445022,1.0,0.0,0.0,0.0,0.0,0.0,1.0,4.99
STU-14922,-1.3770536637198239,1.0623345717266302,0.20430960359459416,-0.12703605840773224,-1.0,0.5752455795677801,-0.22797927461139905,1.0,0.0,0.0,0.0,0.0,0.0,1.0,3.61
STU-14146,0.17852672511469303,-1.1283080479029741,-0.7040280377220156,0.3067421626923739,-0.2,-0.3347740667976423,-0.0069084628670121485,1.0,0.0,0.0,0.0,1.0,0.0,0.0,3.63
STU-12073,0.7757584815422303,1.0623345717266302,1.1333136484514512,-0.7899801321644976,-1.0,1.368958742632613,-0.66090961427749,1.0,0.0,0.0,0.0,1.0,0.0,0.0,5.02
STU-10520,-0.16870104025015445,1.0623345717266302,0.4769093074350063,1.346172994385081,-0.2,-0.05186640471512772,0.5066206102475533,1.0,0.0,0.0,0.0,0.0,1.0,0.0,4.81
STU-13105,0.5118653798649468,1.0623345717266302,1.4019768944746727,-1.592060616462807,0.2,1.5544204322200394,0.06678180771445022,1.0,0.0,0.0,0.0,0.0,1.0,0.0,5.1
STU-14087,0.0,1.0623345717266302,1.5043247977216152,-0.5608142795078377,0.2,1.4161100196463656,0.42141623488773755,1.0,0.0,0.0,1.0,0.0,0.0,0.0,5.21
STU-10329,0.3729742737190084,0.9351637800984114,0.36865671746227846,0.4049560995452282,-0.4,0.8110019646365427,0.0,1.0,0.0,0.0,0.0,1.0,0.0,0.0,4.83
STU-12959,1.039651583219515,1.0623345717266302,0.9414113298634348,0.6095684679886744,1.4,1.3909626719056976,0.4421416234887738,1.0,0.0,0.0,0.0,0.0,1.0,0.0,5.11
STU-10591,-1.5437229910949508,-1.3438517625270743,0.03701014636401577,-0.6426592268852166,0.8,-0.25147347740667975,-0.3776626367299942,1.0,0.0,1.0,0.0,0.0,0.0,0.0,3.5
STU-10536,0.5257544904795405,-0.27906581228402,1.164805310988971,1.313435015434129,0.0,-0.5689587426326129,0.7253886010362695,1.0,0.0,0.0,0.0,1.0,0.0,0.0,4.19
STU-11430,-0.9187130134382251,1.0623345717266302,-0.04959192561416679,1.1251916364661594,0.0,0.45108055009823206,-0.4052964881980426,1.0,0.0,1.0,0.0,0.0,0.0,0.0,5.12
STU-13289,-1.3492754424906355,-0.9609024295449231,-0.9520248802049898,-0.42167786896629433,-1.0,0.0,0.8036845135290731,1.0,0.0,1.0,0.0,0.0,0.0,0.0,3.13
STU-11533,1.6368833396470521,0.0,-0.8112965132404454,0.2330817100527334,-1.0,0.40392927308447946,-0.4812895797351756,0.0,1.0,0.0,1.0,0.0,0.0,0.0,4.83
STU-10159,-0.4048159206982506,0.5974786271873209,0.31453042247591523,-0.04519111103035332,0.4,0.2231827111984283,1.1237766263673001,0.0,1.0,0.0,0.0,1.0,0.0,0.0,4.53
STU-14565,-1.0714932301987572,-1.3747463616231959,-1.371257637735733,-0.2825414584247509,-0.6,0.017288801571709148,-0.8313183649971215,1.0,0.0,0.0,0.0,0.0,1.0,0.0,2.89
STU-11842,1.7896635564075856,1.0623345717266302,1.5043247977216152,-0.4380468584417704,0.8,1.1599214145383108,-0.8290155440414508,1.0,0.0,0.0,0.0,1.0,0.0,0.0,5.83
STU-14012,1.5396595653448957,0.2497347675937724,0.7003032885605426,-0.3562019110643915,0.4,0.0,1.0938399539435812,0.0,1.0,0.0,0.0,0.0,0.0,1.0,5.38
STU-10928,-0.16870104025015445,0.7526701017166728,0.31551453693021325,1.1579296154171101,-0.4,0.2671905697445975,-0.3385146804835924,1.0,0.0,0.0,0.0,0.0,0.0,1.0,4.12
STU-14537,1.2063209105946417,0.7253678978642871,0.39424369327401443,0.38858711006975283,-1.0,0.09587426326129658,-0.9556706966033394,0.0,1.0,0.0,0.0,0.0,1.0,0.0,4.61
STU-14762,1.1646535787508598,0.3021837381523037,0.48084576525219563,0.42950958375844195,1.6,-0.088015717092338,-0.7691421991940127,0.0,1.0,0.0,0.0,0.0,0.0,1.0,4.57
STU-10584,0.24797227818766227,-0.6533933966812068,-0.7847254229744128,-1.42837072170805,0.0,-0.40392927308447946,-0.5826137017846863,1.0,0.0,0.0,0.0,1.0,0.0,0.0,3.59
STU-11168,0.7618693709276366,1.0623345717266302,1.5043247977216152,0.5686459942999853,0.6,0.0,-0.6240644789867589,0.0,1.0,1.0,0.0,0.0,0.0,0.0,6.18
STU-12633,-2.0020636413765494,-1.4911399675202102,-1.7963950819922618,-0.15977403735868367,-0.4,-0.8471512770137526,-0.280944156591825,0.0,1.0,0.0,0.0,0.0,0.0,1.0,2.53
STU-14030,1.0257624726049213,-1.028439460127141,0.9738871068552528,-0.1434050478832076,0.4,0.056581532416502864,-0.07829591249280367,1.0,0.0,1.0,0.0,0.0,0.0,0.0,4.24
STU-14829,-0.26592481455231215,-0.8093033502593061,-1.0179605486429237,-0.09429807945678081,0.0,-0.707269155206287,-0.8981001727115718,0.0,1.0,0.0,0.0,1.0,0.0,0.0,3.76
STU-12651,-1.3770536637198239,-0.33582565713503243,-0.8605022359553214,-1.0027769953456815,0.2,-0.2954813359528486,0.12895797351755914,1.0,0.0,0.0,0.0,0.0,1.0,0.0,4.54
STU-12833,-0.26592481455231215,0.0,0.7711595292699638,-0.8881940690173519,-0.2,-0.19174852652259344,-0.5595854922279793,0.0,1.0,0.0,0.0,0.0,0.0,1.0,3.99
STU-14425,-0.8353783497506609,0.9394746543908935,0.22792835049773408,-0.5608142795078377,0.0,-0.4385068762278978,-0.5941278065630398,0.0,1.0,1.0,0.0,0.0,0.0,0.0,3.96
STU-13737,1.3035446848967995,0.3596620620520636,0.8557933723395503,0.42132508902070354,1.8,-0.4510805500982318,-0.280944156591825,1.0,0.0,0.0,0.0,0.0,1.0,0.0,4.85
STU-12857,1.2063209105946417,-1.2942767081635314,-1.2118310961395347,0.21671272057725732,0.0,-0.7371316306483301,-0.9349453080023029,1.0,0.0,0.0,0.0,0.0,1.0,0.0,4.41
STU-10695,1.1924317999800482,0.7454853112292031,1.0919808413709553,1.468940415451149,-1.0,0.8157170923379176,-0.2302820955670697,0.0,1.0,0.0,0.0,0.0,0.0,1.0,5.83
STU-11235,0.24797227818766227,0.4006153678306431,1.3985107533152335e-15,-1.4365552164457878,0.0,-0.41178781925343805,0.9925158318940703,0.0,1.0,0.0,0.0,1.0,0.0,0.0,4.27
STU-10588,0.08130295081253533,1.0623345717266302,0.2899275611184773,-1.215573858526866,-0.4,0.2231827111984283,-0.29015544041450775,0.0,1.0,0.0,0.0,0.0,0.0,1.0,4.84
STU-10573,-0.43259414192743784,1.0623345717266302,0.8666186313368229,1.0924536575152073,-0.8,0.7858546168958747,-0.4444444444444444,0.0,1.0,0.0,0.0,1.0,0.0,0.0,5.14
STU-11073,-0.2242574827085301,0.601789501479803,0.7691913003613692,-0.4626003426549834,0.0,0.9980353634577604,0.0,1.0,0.0,0.0,0.0,1.0,0.0,0.0,4.88
STU-11315,-2.5576280659603046,-0.5449030603204104,1.3985107533152335e-15,-0.49533832160593483,0.8,-0.8047151277013754,2.0955670696603343,0.0,1.0,0.0,0.0,0.0,1.0,0.0,2.92
STU-11677,0.49797626925035327,1.0623345717266302,1.5043247977216152,-0.8718250795418758,-0.8,1.0090373280943028,0.4052964881980426,1.0,0.0,1.0,0.0,0.0,0.0,0.0,5.31
STU-11630,-1.3909427743344174,0.8884626419298559,-0.36155620762647883,-0.45441584791724576,0.4,13.265425698338333,0.2855497985031665,1.0,0.0,0.0,0.0,1.0,0.0,0.0,3.87
STU-12088,-1.5020556592511687,1.0515573859954248,-0.7384720436224296,-2.598753469204562,-1.0,0.5642436149312378,1.3356361542890043,1.0,0.0,1.0,0.0,0.0,0.0,0.0,3.66
STU-10535,0.49797626925035327,0.32876746295594306,-1.4342409628107744,-0.8963785637550896,-0.6,0.04086444007858543,0.09211283822682796,0.0,1.0,0.0,0.0,1.0,0.0,0.0,4.82
STU-10035,1.4424357910427381,1.0623345717266302,1.2258204071554177,1.1088226469906828,-0.6,0.9445972495088409,-0.7207829591249281,1.0,0.0,0.0,0.0,0.0,0.0,1.0,5.45
STU-10417,0.34519605248981994,1.0623345717266302,-0.13127342532086064,-0.7245041742625948,-0.6,0.0,1.4254461715601614,1.0,0.0,0.0,0.0,0.0,0.0,1.0,4.75
STU-13302,1.7896635564075856,0.22099560564389298,0.07637472453591566,0.6013839732509367,1.8,0.587819253438114,2.3649971214738055,1.0,0.0,0.0,1.0,0.0,0.0,0.0,4.97
STU-10519,-0.11314459779177881,0.7620103293503835,0.2200554348633541,-0.5853677637210514,1.2,-0.06129666011787829,-0.4766839378238342,1.0,0.0,1.0,0.0,0.0,0.0,0.0,4.12
STU-14575,-1.9603963095327674,-0.554243287954121,1.3985107533152335e-15,-2.222266711268621,1.0,-0.919449901768173,-0.6493955094991365,0.0,1.0,0.0,1.0,0.0,0.0,0.0,2.07
STU-12013,1.7896635564075856,0.0,1.5043247977216152,0.5522770048245093,-0.8,1.8546168958742635,-0.4444444444444444,0.0,1.0,0.0,0.0,0.0,0.0,1.0,5.78
STU-10429,-0.8076001285214738,-0.4658703649582397,0.7741118726328564,0.4622475627093934,-1.0,-0.5202357563850689,-0.9740932642487047,1.0,0.0,0.0,1.0,0.0,0.0,0.0,3.63
STU-10208,-0.6548199117609405,1.0623345717266302,1.0063628838470706,1.1742986048925854,-0.2,0.4793713163064835,-0.9487622337363272,1.0,0.0,0.0,0.0,0.0,1.0,0.0,5.07
STU-12875,1.7896635564075856,1.0623345717266302,1.5043247977216152,-0.3070949426379647,0.2,2.4550098231827113,1.2297063903281524,1.0,0.0,1.0,0.0,0.0,0.0,0.0,5.95
STU-13502,0.8035367027714188,1.0623345717266302,-0.08206770260598473,-0.6508437216229542,0.2,1.1001964636542245,0.26482440990213024,0.0,1.0,0.0,0.0,0.0,0.0,1.0,5.17
STU-12232,0.4146416055627892,-0.3185821599651048,0.7081762041949226,1.6899217733700707,0.0,-0.8911591355599215,-0.49280368451352907,0.0,1.0,0.0,0.0,0.0,1.0,0.0,4.15
STU-10031,0.3590851631044136,1.0623345717266302,0.22497600713484142,-0.5935522584587891,-1.0,0.35206286836935174,-0.2625215889464594,1.0,0.0,0.0,1.0,0.0,0.0,0.0,5.0
STU-12337,0.44241982679197767,-2.060893853176581,-0.8752639527697846,2.5329247313570686,0.4,-0.20275049115913546,-0.10132412204951055,0.0,1.0,1.0,0.0,0.0,0.0,0.0,4.33
STU-13875,0.8035367027714188,1.0623345717266302,0.5772889817733527,0.42132508902070354,-0.4,1.1614931237721022,0.039147956246401834,1.0,0.0,0.0,0.0,0.0,0.0,1.0,5.55
STU-10652,0.9563169195319521,-1.482518218935246,-0.3172710571830917,-0.6426592268852166,0.6,-0.07701375245579573,1.687967760506621,1.0,0.0,0.0,0.0,1.0,0.0,0.0,3.52
STU-13599,-1.5576121017095443,-0.4213246639359264,-1.8406802324356488,1.5344163733530518,1.2,-0.2954813359528486,1.4922279792746116,0.0,1.0,0.0,0.0,1.0,0.0,0.0,3.17
STU-14126,1.3313229061259868,0.1620803236466384,0.30468927793294065,-0.24980347947379952,0.0,0.35834970530451865,0.35924006908462885,1.0,0.0,0.0,0.0,0.0,1.0,0.0,4.89
STU-11155,0.0,-1.208059222313891,-2.14181925545069,-1.3137877953797197,0.6,-0.050294695481336006,-0.66090961427749,1.0,0.0,0.0,0.0,0.0,0.0,1.0,2.96
STU-12503,-0.15481192963556084,0.0,0.2899275611184773,0.5686459942999853,-0.8,-0.050294695481336006,1.655728267127231,0.0,1.0,1.0,0.0,0.0,0.0,0.0,3.34
STU-14765,-1.3770536637198239,-1.603222699124742,-0.9658024825651551,0.20852822583951966,0.0,-1.5685658153241653,0.7207829591249281,0.0,1.0,1.0,0.0,0.0,0.0,0.0,2.7
STU-13359,-0.4048159206982506,-2.79661639909351,-0.28085882237408305,-1.682090058577923,0.4,-0.9304518664047152,-0.12204951065054699,1.0,0.0,0.0,0.0,1.0,0.0,0.0,3.01
STU-10860,-1.7937269821576405,-2.2678158192157176,-1.6438573415761453,-1.8785179322836316,0.6,-1.2479371316306485,-0.4951065054691998,1.0,0.0,0.0,0.0,0.0,1.0,0.0,2.23
STU-12655,1.7896635564075856,0.7749429522278299,1.5043247977216152,-0.037006616292615646,0.0,1.068762278978389,0.15198618307426603,1.0,0.0,0.0,0.0,1.0,0.0,0.0,5.29
STU-14741,-0.6825981329901288,0.6161590824547433,0.8656345168825264,1.1661141101548478,1.0,-0.34420432220039293,2.0702360391479564,1.0,0.0,1.0,0.0,0.0,0.0,0.0,3.7
STU-11560,0.4146416055627892,0.7677581617403604,-0.3369533462690409,0.0,0.2,0.4306483300589392,1.9712147380541163,1.0,0.0,0.0,0.0,1.0,0.0,0.0,4.79
STU-11449,-0.27981392516690573,0.0,-0.2080343527560672,-1.1337289111494873,-0.6,0.8141453831041261,-0.2072538860103626,1.0,0.0,0.0,0.0,0.0,0.0,1.0,4.13
STU-12333,0.34519605248981994,-0.11237867297471532,0.04980363426988306,1.1170071417284204,-0.2,-0.6145383104125738,0.7668393782383423,1.0,0.0,0.0,0.0,1.0,0.0,0.0,2.98
STU-14050,-0.7381545754485045,-1.3467256787220627,-1.3043378548435025,1.1415606259416349,0.2,-0.7779960707269157,0.7207829591249281,1.0,0.0,0.0,0.0,1.0,0.0,0.0,2.14
STU-10523,0.7202020390838558,-0.7798457092606793,0.3735772897337672,1.3870954680737695,0.0,-0.6003929273084481,-0.25561312607944725,0.0,1.0,1.0,0.0,0.0,0.0,0.0,3.95
STU-13497,-0.8492674603652558,-2.8332588305796067,-1.9066159008735828,0.977870731186877,0.2,-1.2966601178781927,0.8175014392630974,0.0,1.0,0.0,0.0,1.0,0.0,0.0,2.28
STU-13396,0.16463761450009942,0.581672088114887,1.3985107533152335e-15,-1.0682529532475844,0.8,-0.044007858546168864,-0.3753598157743236,1.0,0.0,0.0,1.0,0.0,0.0,0.0,4.48
STU-10923,0.9702060301465456,0.8324212761275898,0.021264315095255813,0.830549825907596,1.2,0.7166994106090375,-0.3707541738629821,1.0,0.0,0.0,0.0,1.0,0.0,0.0,5.19
STU-10139,-0.18259015086474806,-0.3185821599651048,0.19250023014302348,-0.41349337422855664,-1.0,0.08487229862475458,1.0961427748992518,1.0,0.0,0.0,1.0,0.0,0.0,0.0,3.6
STU-10907,0.3174178312606327,-0.0010144204189304375,1.0575368354705412,0.08576080477345237,2.4,-0.543811394891945,0.7484168105929767,1.0,0.0,0.0,0.0,1.0,0.0,0.0,4.03
STU-14885,0.5952000435525098,0.9509703191708453,-0.644981170464165,3.269529257753475,0.6,0.3819253438113949,-0.38457109959700636,0.0,1.0,1.0,0.0,0.0,0.0,0.0,5.31
STU-11053,-0.2242574827085301,-0.5678943898803139,-0.9146285309416846,-1.5838761217250688,1.2,0.38821218074656205,-0.4375359815774324,1.0,0.0,0.0,0.0,1.0,0.0,0.0,3.72
STU-10337,1.1924317999800482,1.0623345717266302,0.5831936684991381,-1.0600684585098468,-1.0,-0.11316306483300602,-0.16350028785261947,0.0,1.0,1.0,0.0,0.0,0.0,0.0,4.57
STU-14383,-2.029841862605737,-0.43641272395961295,-2.3130551704984583,0.9123947732849741,-1.0,-1.1049115913555994,0.584916522740357,0.0,1.0,0.0,0.0,0.0,0.0,1.0,2.65
STU-12934,0.13685939327091098,1.0623345717266302,0.9059832095087242,0.06939181529797629,0.0,0.7119842829076621,-0.5941278065630398,1.0,0.0,1.0,0.0,0.0,0.0,0.0,4.77
STU-11507,-0.4048159206982506,-0.14111783492459576,-0.11454347959780266,-1.8294109638572047,1.2,-0.5249508840864441,-1.1583189407023604,0.0,1.0,0.0,1.0,0.0,0.0,0.0,3.15
STU-10668,-0.3770376994690622,0.9315713848546766,0.3381491693790566,0.3067421626923739,-0.4,-0.16974459724950888,1.1514104778353487,1.0,0.0,0.0,0.0,0.0,0.0,1.0,4.22
STU-12134,-0.8631565709798494,-1.902109983403494,-0.19228852148730582,0.33129564690558766,-0.6,-0.738703339882122,0.14738054116292473,1.0,0.0,0.0,1.0,0.0,0.0,0.0,3.32
STU-14800,-0.4742614737712199,1.0623345717266302,1.1598847387174838,-1.3628947638061473,-0.2,0.011001964636542285,-0.4513529073114566,1.0,0.0,0.0,0.0,0.0,0.0,1.0,4.81
STU-10400,0.12297028265631738,0.8482278152000238,0.41294186790566706,-0.6917661953116434,0.0,-0.8282907662082516,0.06447898675877957,1.0,0.0,1.0,0.0,0.0,0.0,0.0,5.07
STU-10922,-2.2242894112100506,-2.1011286799064135,-1.503128974611601,0.5440925100867715,-0.4,-1.33909626719057,-0.24640184225676443,1.0,0.0,0.0,0.0,0.0,1.0,0.0,2.36
STU-12880,0.011857397739566082,1.0623345717266302,-0.43142833388160345,0.7159668995792663,0.4,0.7308447937131632,-0.6286701208981003,1.0,0.0,0.0,0.0,0.0,0.0,1.0,4.77
STU-12731,0.9285386983027636,0.35606966680832874,0.285991103301288,1.0679001733019944,0.2,0.7889980353634581,-0.8497409326424872,1.0,0.0,0.0,0.0,0.0,1.0,0.0,4.77
STU-11093,-1.0020476771257878,1.0623345717266302,1.5043247977216152,1.0106087101378292,0.4,0.5658153241650296,1.1951640759930917,1.0,0.0,1.0,0.0,0.0,0.0,0.0,4.35
STU-14495,0.0,0.04496823870087764,-0.1962249793044965,-0.40530887949081895,0.8,0.11316306483300602,-0.7760506620610248,1.0,0.0,0.0,0.0,0.0,0.0,1.0,3.9
STU-10015,-0.0020317128750275202,0.7181831073768165,0.1659291398769909,-0.9700390163947301,0.2,-0.43693516699410606,-0.7921704087507198,0.0,1.0,0.0,0.0,0.0,1.0,0.0,4.1
STU-11911,-0.7381545754485045,0.7778168684228184,1.3985107533152335e-15,1.4525714259756723,0.0,0.20746561886051088,1.6764536557282674,0.0,1.0,0.0,0.0,0.0,0.0,1.0,4.36
STU-10918,-0.15481192963556084,0.4983285184602351,1.143154792994426,-0.9864080058702062,0.4,-0.03929273084479372,0.02533103051237774,1.0,0.0,0.0,0.0,0.0,0.0,1.0,4.78
STU-12001,-1.363164553105229,-1.0851993049781545,0.8951579505114516,-1.0928064374607982,0.2,-0.7182711198428291,2.7472654001151415,1.0,0.0,0.0,0.0,0.0,1.0,0.0,3.72
STU-10109,-0.5992634693025648,-0.6368683785600265,-0.45012650851325603,0.7650738680056939,1.8,0.02671905697445972,-0.8105929763960853,0.0,1.0,1.0,0.0,0.0,0.0,0.0,4.51
STU-12014,-0.16870104025015445,1.0623345717266302,1.5043247977216152,-0.5771832689833137,0.6,-0.16345776031434173,-0.32700057570523894,1.0,0.0,1.0,0.0,0.0,0.0,0.0,4.07
STU-14267,0.2618613888022571,0.09957264640564903,0.471004620709221,1.2397745627944883,0.8,0.21689587426326146,0.07369027058146237,0.0,1.0,0.0,1.0,0.0,0.0,0.0,4.43
STU-13834,0.1924158357292866,-0.3063680161364057,1.272073786507401,-1.1664668901004387,-0.2,0.011001964636542285,-0.3431203223949339,1.0,0.0,1.0,0.0,0.0,0.0,0.0,4.54
STU-14483,-0.7659327966776918,-0.06136666051367873,0.16297679651409822,0.0,1.8,-0.32534381139489205,1.351755900978699,1.0,0.0,0.0,0.0,0.0,0.0,1.0,4.97
STU-12680,-0.8214892391360673,-1.760569610800335,-2.1182005085475497,-0.699950690049381,0.2,-0.6946954813359529,-0.12665515256188828,1.0,0.0,0.0,0.0,0.0,0.0,1.0,2.29
STU-14658,0.91464958768817,-1.0241285858346598,-0.046639582251274125,0.0,1.2,-0.4652259332023575,0.4283246977547497,1.0,0.0,0.0,1.0,0.0,0.0,0.0,4.29
STU-13490,-0.6825981329901288,0.7117167959380942,0.859729830156741,-0.42986236370403197,0.6,0.6852652259332027,-0.9280368451352907,1.0,0.0,0.0,0.0,0.0,0.0,1.0,4.11
STU-14406,0.7202020390838558,0.46743391936411366,1.0250610584787234,-2.2386357007440973,0.0,-0.9037328094302556,0.5872193436960277,1.0,0.0,0.0,0.0,0.0,1.0,0.0,3.88
STU-11781,-1.5576121017095443,-1.255478839531194,-1.0356746088202797,0.4458785732339173,-0.2,0.0,-0.888888888888889,1.0,0.0,0.0,0.0,0.0,1.0,0.0,2.62
STU-11887,-0.39092681008365704,-0.21799509314052432,1.1638211965346745,-0.4626003426549834,-0.2,-0.4133595284872298,-0.713874496257916,1.0,0.0,1.0,0.0,0.0,0.0,0.0,4.31
STU-11836,0.5813109329379161,0.3539142296620877,-0.004322660716480166,1.223405573319013,0.0,-0.3677799607072692,0.568796776050662,0.0,1.0,0.0,0.0,1.0,0.0,0.0,4.11
STU-12666,0.0,-0.6253727137800738,-0.05254426897705806,-0.9782235111324685,1.2,-0.12259332023575631,0.5342544617156015,0.0,1.0,0.0,0.0,1.0,0.0,0.0,3.66
STU-11003,0.05352472958334813,-0.4629964487632523,-0.016132034168050834,0.3804026153320144,-0.8,0.05186640471512772,-0.6563039723661486,1.0,0.0,0.0,0.0,0.0,0.0,1.0,4.07
STU-11648,-0.39092681008365704,0.476055667949078,-0.3497468341749096,0.5686459942999853,1.2,-0.6836935166994107,0.30857800805987334,1.0,0.0,0.0,0.0,0.0,0.0,1.0,3.58
STU-11289,0.23408316757306866,-0.21368421884804317,-0.39600021352689285,0.0,-1.0,0.0,2.031088082901555,1.0,0.0,0.0,0.0,0.0,1.0,0.0,4.33
STU-11706,-0.3353703676252814,1.0623345717266302,1.5043247977216152,-0.6262902374097405,1.2,2.113948919449902,2.80944156591825,1.0,0.0,0.0,0.0,0.0,0.0,1.0,5.49
STU-10673,-0.05758815533340317,0.30074678005481,-0.19327263594160385,-1.2810498164287683,-0.8,0.0,-0.7714450201496834,1.0,0.0,0.0,1.0,0.0,0.0,0.0,3.46
STU-10988,-0.9048239028236315,-0.36528329813366023,0.3588155729193038,-0.5280763005568863,-0.2,0.17445972495088402,-0.14968336211859518,1.0,0.0,0.0,0.0,0.0,1.0,0.0,3.6
STU-12508,-0.15481192963556084,1.0623345717266302,1.1569323953545911,-0.3725709005398675,-0.2,0.19174852652259344,-0.5734024179620035,0.0,1.0,0.0,0.0,0.0,0.0,1.0,4.44
STU-11489,0.1507485038855058,-0.9867676752998151,-0.7847254229744128,1.8372426786493516,1.0,-0.919449901768173,-0.20495106505469196,0.0,1.0,1.0,0.0,0.0,0.0,0.0,3.81
STU-14028,-0.4881505843858135,-0.7475141520670641,1.4364209003750867,-0.78179563742676,0.6,-1.6031434184675837,-0.44674726540011517,1.0,0.0,0.0,0.0,1.0,0.0,0.0,2.71
STU-13198,-0.16870104025015445,-1.9955122597406043,-1.4342409628107744,-1.9603628796610097,-1.0,-0.6664047151277015,-0.881980426021877,1.0,0.0,0.0,0.0,1.0,0.0,0.0,2.47
STU-11567,-1.1548278938863212,0.6865700292319487,0.014375513915172458,-1.2073893637891278,0.4,0.3316306483300589,-0.4766839378238342,1.0,0.0,0.0,0.0,0.0,0.0,1.0,4.65
STU-11355,-0.3770376994690622,-0.026879666173822418,0.9768394502181454,1.5344163733530518,0.0,-0.13673870333988203,0.4122049510650548,0.0,1.0,0.0,0.0,0.0,0.0,1.0,3.93
STU-12687,1.4979922335011138,1.0623345717266302,-0.07124244360871208,-0.9700390163947301,0.6,0.7261296660117879,-0.568796776050662,0.0,1.0,0.0,0.0,0.0,1.0,0.0,5.24
STU-13281,1.0535406938341085,-0.34516588476874416,0.5930348130421128,-0.4707848373927218,0.4,-0.028290766208251432,1.2412204951065056,1.0,0.0,0.0,0.0,1.0,0.0,0.0,3.38
STU-12639,-1.1548278938863212,-0.7496695892133052,0.9837282513982274,1.5426008680907897,0.4,0.20589390962671916,0.5526770293609672,1.0,0.0,0.0,0.0,0.0,1.0,0.0,3.35
STU-14761,-1.04371500896957,0.8022451560802156,-0.07025832915441406,0.0,0.4,0.845579567779961,0.12895797351755914,1.0,0.0,0.0,1.0,0.0,0.0,0.0,3.93
STU-13913,-0.5298179162295955,-0.9573100343011883,-0.702059808813421,0.16760575215083057,1.4,-1.1269155206286838,1.3172135866436385,1.0,0.0,1.0,0.0,0.0,0.0,0.0,3.51
STU-11585,0.6229782647816982,0.31727179817599027,-0.03286197989110881,0.4786165521848687,-1.0,-0.2231827111984283,-0.04605641911341398,0.0,1.0,0.0,0.0,1.0,0.0,0.0,3.47
STU-13144,0.0,-0.09872757104852248,-1.0632298135406104,-0.3643864058021299,1.4,0.02200392927308457,-0.07138744962579152,0.0,1.0,0.0,0.0,0.0,1.0,0.0,3.45
STU-11551,0.24797227818766227,0.0,0.6186217888538488,-1.0846219427230603,-0.4,0.37406679764243633,-1.137593552101324,1.0,0.0,0.0,0.0,0.0,0.0,1.0,4.43
STU-14039,0.7202020390838558,1.0623345717266302,0.04980363426988306,0.06939181529797629,1.2,0.2467583497053046,0.02302820955670709,1.0,0.0,0.0,0.0,1.0,0.0,0.0,4.28
STU-14614,0.5813109329379161,-1.1247156526592395,-0.42158718933862743,-0.012453132079401899,0.8,-0.7308447937131631,0.29476108232584924,0.0,1.0,0.0,0.0,1.0,0.0,0.0,4.13
STU-11236,1.7896635564075856,1.0623345717266302,0.18561142896294014,-0.6017367531965275,0.0,0.5076620825147349,-0.7023603914795625,1.0,0.0,0.0,0.0,0.0,0.0,1.0,5.24
STU-13776,-0.7659327966776918,-1.2504494861899644,0.10688227261913895,0.4049560995452282,0.8,-0.51237721021611,0.3914795624640185,0.0,1.0,0.0,1.0,0.0,0.0,0.0,3.07
STU-11198,-0.6131525799171597,0.0,1.5043247977216152,-2.549646500778135,-0.2,0.6318271119842832,0.17271157167530227,1.0,0.0,0.0,0.0,1.0,0.0,0.0,4.19
STU-10063,0.9979842513757329,1.0623345717266302,0.7003032885605426,0.12668327846214147,1.4,0.971316306483301,-0.6355785837651123,0.0,1.0,0.0,0.0,0.0,1.0,0.0,4.9
STU-12712,0.6229782647816982,-1.2001559527776742,1.3985107533152335e-15,0.5195390258735578,2.0,0.059724950884086574,-0.2256764536557282,0.0,1.0,0.0,0.0,0.0,1.0,0.0,3.96
STU-13077,0.6646455966254802,0.6765113225494905,-0.5888866465692058,0.5277235206112962,-0.2,0.43693516699410606,-0.06447898675877957,1.0,0.0,0.0,1.0,0.0,0.0,0.0,4.37
STU-13255,0.4701980480211648,-1.5946009505397776,-0.47276114096209937,0.07757631003571397,1.4,-0.9555992141453833,-0.729994242947611,0.0,1.0,0.0,0.0,0.0,0.0,1.0,3.17
STU-12118,-0.7520436860630981,-2.106876512296389,-1.437193306173667,-0.2579879742115372,1.0,10.336266301125388,0.4674726540011515,0.0,1.0,0.0,0.0,0.0,0.0,1.0,3.13
STU-10259,0.0,1.0623345717266302,1.5043247977216152,1.2888815312209159,0.6,0.6978388998035364,-0.9234312032239494,1.0,0.0,1.0,0.0,0.0,0.0,0.0,5.64
STU-10590,0.5257544904795405,-0.9285708723513079,1.2514073829671537,0.0,-0.2,-0.14302554027504916,0.6056419113413932,0.0,1.0,0.0,0.0,0.0,0.0,1.0,4.13
STU-12507,-0.3214812570106865,1.0623345717266302,0.5270991446041788,-0.8636405848041382,0.4,0.7041257367387033,-0.35463442717328736,1.0,0.0,1.0,0.0,0.0,0.0,0.0,4.69
STU-10192,-1.3076081106468547,0.308650049591027,-1.1144037651640808,-0.11066706893225617,-1.0,-0.37406679764243606,0.0,1.0,0.0,0.0,0.0,1.0,0.0,0.0,3.02
STU-11947,0.9007604770735764,1.0019823316318819,1.3311206537652513,0.08576080477345237,0.0,0.40235756385068777,-0.26021876799078875,0.0,1.0,0.0,0.0,0.0,1.0,0.0,5.89
STU-13376,1.2618773530530174,-1.0291579391758885,-0.45996765305623066,0.24945069952820875,0.2,-0.9430255402750493,-0.050662061024755276,1.0,0.0,0.0,1.0,0.0,0.0,0.0,3.62
STU-11767,-0.4464832525420327,1.0623345717266302,1.0575368354705412,0.5522770048245093,1.2,0.30333988212180746,0.12435233160621764,1.0,0.0,0.0,0.0,0.0,0.0,1.0,4.81
STU-10594,0.49797626925035327,1.0623345717266302,1.2208998348839304,-0.33164842685117846,0.0,0.5076620825147349,-0.8681635002878527,1.0,0.0,0.0,0.0,0.0,0.0,1.0,4.18
STU-10344,-0.9048239028236315,0.494017644167753,0.3568473440107092,0.3722181205942768,1.2,-0.3614931237721021,-0.5918249856073691,1.0,0.0,0.0,0.0,1.0,0.0,0.0,4.16
STU-11008,-1.3214972212614482,-0.42491705917966116,-2.220548411794492,0.5931994785131991,0.0,-1.1253438113948921,-0.16810592976396077,0.0,1.0,0.0,0.0,0.0,0.0,1.0,2.96
STU-14509,-0.4464832525420327,-0.5535248089053737,0.698335059651948,0.5113545311358201,-0.2,-0.6789783889980354,1.1053540587219346,0.0,1.0,0.0,0.0,0.0,0.0,1.0,4.04
STU-14386,-0.1270337084063724,0.9725246906332551,1.5043247977216152,-0.004268637341664224,1.2,0.47465618860510805,-0.6148531951640761,1.0,0.0,0.0,0.0,0.0,1.0,0.0,4.88
STU-11105,-0.557596137458784,-1.7153054307292737,0.2230077782262468,0.22489721531499574,1.8,-0.6003929273084481,1.15601611974669,1.0,0.0,1.0,0.0,0.0,0.0,0.0,3.67
STU-13291,-2.057620083834924,-1.3675615711357252,-2.305182254864078,-0.298910447900227,0.8,-1.595284872298625,0.2210708117443869,1.0,0.0,0.0,1.0,0.0,0.0,0.0,2.43
STU-10486,-0.07147726594799676,-1.16782439558406,-0.10371822060053001,-1.739381521742088,0.8,0.0738703339882123,0.4237190558434082,1.0,0.0,0.0,0.0,1.0,0.0,0.0,3.68
STU-11669,-1.974285420147361,0.3316413791509305,-0.8240900011463127,0.724151394317004,1.2,-0.3111984282907663,-0.15659182498560734,1.0,0.0,0.0,1.0,0.0,0.0,0.0,2.03
STU-13381,0.5396436010941341,-0.8150511826492819,0.5585908071417002,-1.0109614900834198,0.4,-0.2687622789783889,-0.6470926885434658,0.0,1.0,0.0,0.0,0.0,0.0,1.0,3.73
STU-11117,0.0,0.2691337019099411,0.32732391038178393,-0.8309026058531868,0.2,-0.543811394891945,0.20955670696603346,1.0,0.0,0.0,0.0,1.0,0.0,0.0,4.34
STU-12659,1.7896635564075856,1.0623345717266302,0.3440538561048405,-1.5756916269873311,0.0,0.8990176817288804,0.3615428900402995,0.0,1.0,0.0,0.0,0.0,1.0,0.0,5.27
STU-12343,-1.0576041195841634,0.7964973236902397,0.834142854345005,-2.0176543428251748,-0.4,0.8078585461689587,-0.8865860679332183,1.0,0.0,0.0,0.0,0.0,0.0,1.0,4.51
STU-14611,0.2618613888022571,1.0623345717266302,0.6707798549316173,-0.7899801321644976,0.2,-0.1335952848722986,0.13356361542890044,1.0,0.0,0.0,0.0,0.0,0.0,1.0,4.61
STU-13193,-0.07147726594799676,1.0623345717266302,-0.6371082548297851,-1.4447397111835254,0.4,-0.1100196463654223,0.4306275187104204,1.0,0.0,0.0,0.0,0.0,0.0,1.0,4.05
STU-14935,-0.11314459779177881,0.23249127042384474,-1.0524045545433376,0.1921592363640443,-0.2,-0.4935166994106092,-0.13586643638457108,0.0,1.0,0.0,0.0,0.0,0.0,1.0,3.01
STU-13217,-0.4742614737712199,0.8194886532501443,-0.8605022359553214,1.8863496470757792,-1.0,0.22003929273084488,-0.17040875071963163,1.0,0.0,1.0,0.0,0.0,0.0,0.0,3.75
STU-14702,0.8313149240006059,-0.6483640433399783,-0.6666316884587103,0.5440925100867715,0.2,-0.9084479371316307,-0.039147956246401834,0.0,1.0,1.0,0.0,0.0,0.0,0.0,3.8
STU-14625,-0.27981392516690573,-0.39402246008353964,-1.3801146678244112,-0.08611358471904242,0.0,-1.4459724950884087,-0.812895797351756,1.0,0.0,0.0,0.0,1.0,0.0,0.0,2.47
STU-14869,0.6646455966254802,1.0623345717266302,-0.33104865954325696,-0.8390871005909244,0.4,1.076620825147348,0.1082325849165227,1.0,0.0,0.0,0.0,1.0,0.0,0.0,3.85
STU-11746,0.6785347072400738,-0.03909381000252155,1.0329339741131034,-0.5280763005568863,1.0,-0.0974459724950883,-0.7484168105929765,1.0,0.0,0.0,0.0,0.0,0.0,1.0,4.49
STU-14753,1.7479962245638034,0.1987227551327358,1.3985107533152335e-15,0.0,0.8,0.0,-0.26482440990213,1.0,0.0,0.0,0.0,0.0,0.0,1.0,5.65
STU-13442,0.45630893740657125,-1.067955807808227,-0.036798437708298104,0.200343731101782,-0.6,0.5752455795677801,-0.45826137017846863,1.0,0.0,0.0,0.0,0.0,0.0,1.0,3.22
STU-12877,0.3729742737190084,-1.9401893729870852,0.17183382660277483,0.12668327846214147,-0.2,-0.707269155206287,1.275762809441566,1.0,0.0,0.0,0.0,1.0,0.0,0.0,3.74
STU-10415,-1.3353863318760417,-0.20075159597059666,0.8813803481512863,-1.8212264691194664,0.4,-0.13202357563850686,2.031088082901555,0.0,1.0,0.0,0.0,0.0,1.0,0.0,3.39
STU-12217,1.7896635564075856,1.050120427897931,-0.24543070201937242,0.6177529627264121,-1.0,1.1222003929273086,-0.37996545768566486,1.0,0.0,0.0,0.0,0.0,0.0,1.0,6.5
STU-13696,-0.5159288056150019,-0.6763847262411113,0.27713407321261,-0.5117073110814109,-0.4,-0.7717092337917487,0.541162924582614,1.0,0.0,0.0,0.0,0.0,1.0,0.0,3.65
STU-11480,-0.3214812570106865,-1.688721705925635,-1.2315133852254854,-1.534769153298642,-0.6,-0.8534381139489196,-0.039147956246401834,0.0,1.0,0.0,0.0,0.0,1.0,0.0,3.29
STU-11216,0.4285307161773828,0.0,1.3183271658593843,0.42132508902070354,0.2,0.4888015717092338,-0.3960852043753598,1.0,0.0,0.0,1.0,0.0,0.0,0.0,5.4
STU-11282,-0.6825981329901288,1.0623345717266302,0.007486712735090501,-0.05337560576809099,-0.4,0.5155206286836935,0.8428324697754753,1.0,0.0,0.0,0.0,1.0,0.0,0.0,4.66
STU-14749,0.8452040346152008,-0.4227616220334201,0.07243826671872637,0.6177529627264121,0.0,-0.32848722986247547,-0.23719055843408185,0.0,1.0,0.0,0.0,1.0,0.0,0.0,4.17
STU-11123,1.4285466804281444,1.0414986793129668,-0.08305181706028135,0.053022825822500945,0.2,0.8298624754420433,-0.029936672423719037,0.0,1.0,0.0,0.0,0.0,0.0,1.0,5.84
STU-14605,0.16463761450009942,0.11106831118560181,0.5507178915073202,0.06120732056023862,-1.0,0.3536345776031435,-0.02763385146804839,1.0,0.0,1.0,0.0,0.0,0.0,0.0,3.84
STU-10906,-0.7242654648339096,-1.5759204952723558,0.17675439887426353,0.4049560995452282,0.0,-0.22475442043222002,-1.1882556131260797,1.0,0.0,1.0,0.0,0.0,0.0,0.0,3.45
STU-14396,0.1924158357292866,1.0623345717266302,0.7937941617188071,-0.02063762681713957,0.0,0.971316306483301,-0.1174438687392055,1.0,0.0,0.0,0.0,0.0,1.0,0.0,5.03
STU-11682,1.3035446848967995,1.0623345717266302,0.32732391038178393,1.3952799628115085,-1.0,0.10373280943025544,0.5803108808290157,1.0,0.0,0.0,0.0,0.0,1.0,0.0,4.71
STU-14774,-0.7520436860630981,0.6003525433823084,0.8292222820735177,-0.7736111426890223,1.4,-0.4243614931237721,0.0,1.0,0.0,0.0,0.0,0.0,0.0,1.0,4.21
STU-11826,0.5952000435525098,0.15489553315916882,0.9847123658525254,1.6735527838945952,-0.4,0.088015717092338,0.40759930915371345,0.0,1.0,0.0,1.0,0.0,0.0,0.0,5.31
STU-13670,0.9563169195319521,0.3783425173194859,0.06850180890153568,0.8632878048585481,-0.2,0.24204322200392947,-0.3200921128382268,0.0,1.0,0.0,0.0,0.0,1.0,0.0,4.18
STU-14905,-0.39092681008365704,-0.8179250988442704,-0.33104865954325696,-0.6426592268852166,-0.2,-0.16817288801571717,0.9280368451352909,0.0,1.0,0.0,1.0,0.0,0.0,0.0,4.14
STU-14981,0.48408715863575846,0.0,-0.39206375570970214,0.0,-1.0,-0.4762278978388998,-0.6470926885434658,1.0,0.0,0.0,0.0,0.0,0.0,1.0,4.17
STU-12509,-0.5992634693025648,0.81086690466518,-0.7768525073400329,0.16760575215083057,0.8,0.43379174852652264,1.91594703511802,1.0,0.0,0.0,1.0,0.0,0.0,0.0,3.83
STU-13607,0.44241982679197767,-0.5973520308789407,-0.7876777663373055,-0.4626003426549834,-0.6,-0.13673870333988203,-0.050662061024755276,0.0,1.0,0.0,1.0,0.0,0.0,0.0,4.01
STU-12126,-1.7242814290846713,-0.8890545246702231,-0.8644386937725106,0.20852822583951966,-1.0,-1.4852652259332024,-0.46516983304548076,1.0,0.0,0.0,0.0,0.0,0.0,1.0,1.6
STU-12356,-0.27981392516690573,-0.4910171316643853,-0.11355936514350463,0.6586754364151012,0.0,-0.957170923379175,0.06908462867012087,1.0,0.0,0.0,0.0,0.0,0.0,1.0,3.44
STU-11021,0.3729742737190084,-0.4974834431031076,0.8833485770598809,0.977870731186877,-0.6,-0.7166994106090374,0.7207829591249281,0.0,1.0,0.0,1.0,0.0,0.0,0.0,4.65
STU-14212,-0.7242654648339096,0.007607328166032875,1.3985107533152335e-15,0.8632878048585481,0.0,-0.5956777996070727,-0.26482440990213,1.0,0.0,0.0,0.0,1.0,0.0,0.0,3.67
STU-10441,-0.3214812570106865,0.0,-1.9656627681314347,-0.5280763005568863,0.0,-1.3029469548133596,0.01842256764536559,1.0,0.0,0.0,0.0,0.0,1.0,0.0,2.1
STU-10257,-0.07147726594799676,0.7397374788392272,1.5043247977216152,0.1184987837244038,1.8,0.5469548133595287,0.33621185952792176,1.0,0.0,0.0,0.0,0.0,0.0,1.0,4.56
STU-14650,-0.557596137458784,1.0264106192892801,0.842999884433683,-1.2810498164287683,-0.8,-0.047151277013752296,-0.683937823834197,1.0,0.0,0.0,0.0,0.0,0.0,1.0,4.1
STU-14991,-1.61316854416792,-1.1685428746328064,-0.5692043574832552,-0.6099212479342652,-1.0,-0.8911591355599215,-0.7944732297063903,1.0,0.0,0.0,0.0,0.0,0.0,1.0,2.75
STU-12004,0.48408715863575846,-1.3108017262847127,-0.18047914803573656,0.470432057447131,0.2,0.19960707269155203,-0.15659182498560734,1.0,0.0,0.0,0.0,0.0,0.0,1.0,4.82
STU-12524,1.7896635564075856,1.0623345717266302,1.5043247977216152,-0.8800095742796142,-0.8,1.3453831041257371,-0.9280368451352907,1.0,0.0,0.0,0.0,1.0,0.0,0.0,5.5
STU-10875,0.4285307161773828,1.0623345717266302,0.8981102938743443,-0.10248257419451849,-0.6,1.4113948919449901,1.0316637881404722,1.0,0.0,0.0,0.0,0.0,0.0,1.0,5.23
STU-11373,-0.5020396950004083,-3.6307705746887775,-0.5042528034996193,-0.8145336163777114,0.0,-1.7304518664047155,-0.3293033966609096,1.0,0.0,0.0,0.0,0.0,0.0,1.0,2.85
STU-13230,0.386863384333602,0.13477811979425272,0.17773851332856017,0.41314059428296585,0.0,0.0,0.17962003454231443,1.0,0.0,0.0,0.0,0.0,0.0,1.0,4.02
STU-12299,0.48408715863575846,1.0156334335580748,1.5043247977216152,0.7077824048415287,9.4,0.6994106090373283,0.0,1.0,0.0,1.0,0.0,0.0,0.0,0.0,5.66
STU-11716,0.03963561896875452,1.0623345717266302,1.5043247977216152,0.03665383634702487,-1.0,1.3563850687622794,1.9412780656303974,1.0,0.0,0.0,0.0,1.0,0.0,0.0,5.44
STU-14296,-0.015920823489621122,-1.103879760245577,-2.3268327728586233,0.6423064469396258,0.8,-0.5280943025540275,0.0,0.0,1.0,1.0,0.0,0.0,0.0,0.0,3.05
STU-14002,-0.3770376994690622,1.0623345717266302,0.7987147339902944,-1.592060616462807,0.2,0.11316306483300602,-0.6447898675877951,1.0,0.0,0.0,0.0,0.0,0.0,1.0,4.3
STU-10021,0.9285386983027636,0.4343838831217521,-0.6991074654505283,0.4049560995452282,-1.0,0.0,-0.42832469775474963,0.0,1.0,0.0,0.0,0.0,1.0,0.0,5.42
STU-11378,1.234099131823829,0.9286974686596882,0.3115780791130226,-0.42167786896629433,-0.8,0.3017681728880158,-0.49740932642487046,1.0,0.0,0.0,1.0,0.0,0.0,0.0,5.6
STU-11463,-0.8076001285214738,-0.16626460163074036,0.41097363899707245,1.1742986048925854,0.0,-0.13045186640471515,-0.0023028209556706478,1.0,0.0,0.0,0.0,0.0,1.0,0.0,4.28
STU-10500,0.12297028265631738,1.0623345717266302,0.41687832572285777,0.200343731101782,-0.2,-0.5469548133595287,-0.7461139896373058,1.0,0.0,1.0,0.0,0.0,0.0,0.0,4.28
STU-13447,0.44241982679197767,1.0623345717266302,0.20824606141178345,0.8714722995962858,-0.2,1.2275049115913559,2.7495682210708114,1.0,0.0,0.0,1.0,0.0,0.0,0.0,4.7
STU-12986,-0.9881585665111943,0.16998359318285536,-0.482602285505074,0.18397474162630664,-0.4,-0.07701375245579573,0.38917674150834786,1.0,0.0,0.0,0.0,1.0,0.0,0.0,3.52
STU-10881,-0.04369904471880956,0.009762765312273958,-0.5150780624968919,-0.09429807945678081,-0.8,-0.028290766208251432,-0.888888888888889,1.0,0.0,0.0,0.0,1.0,0.0,0.0,4.16
STU-13360,-0.16870104025015445,-1.813737060407613,-0.8398358324150726,0.6586754364151012,1.8,-1.1803536345776033,-0.17731721358664357,0.0,1.0,0.0,0.0,0.0,0.0,1.0,3.82
STU-13011,0.2896396100314443,1.0623345717266302,0.23580126613211408,0.5768304890377229,1.6,1.3815324165029472,-1.0040299366724237,1.0,0.0,0.0,0.0,1.0,0.0,0.0,4.92
STU-11837,-0.349259478239875,1.0623345717266302,0.11967576052500764,-0.8963785637550896,0.8,1.0797642436149313,0.0,1.0,0.0,0.0,0.0,0.0,0.0,1.0,5.47
STU-13564,1.039651583219515,-1.6966249754618519,1.1520118230831038,-0.699950690049381,1.0,-0.3174852652259332,-0.7345998848589523,1.0,0.0,0.0,0.0,0.0,0.0,1.0,4.01
STU-10394,-0.5714852480733775,0.934445301049664,0.9030308661458316,0.5440925100867715,-0.2,0.3819253438113949,1.6925734024179624,0.0,1.0,0.0,0.0,0.0,0.0,1.0,3.92
STU-14584,-0.140922819020966,0.03562801106716594,-1.0533886689976344,-0.6262902374097405,1.2,0.11944990176817287,-0.36384571099597013,1.0,0.0,0.0,0.0,0.0,0.0,1.0,3.05
STU-13589,-0.4464832525420327,1.0623345717266302,-0.28577939464557034,1.5671543523040026,-0.4,0.4935166994106092,-0.2072538860103626,1.0,0.0,0.0,0.0,0.0,1.0,0.0,4.23
STU-12370,-0.5159288056150019,1.0623345717266302,1.3985107533152335e-15,2.385603826077787,0.8,0.46365422396856604,1.1168681635002882,1.0,0.0,0.0,0.0,0.0,0.0,1.0,5.02
STU-13141,0.8868713664589816,-0.9932339867385384,-0.9736753981995365,0.6504909416773635,1.0,-0.7968565815324166,0.05296488198042613,1.0,0.0,0.0,0.0,0.0,0.0,1.0,4.03
STU-11149,0.9840951407611392,0.7196200654743112,0.14821507969963488,0.9615017417114017,-1.0,-0.025147347740668003,0.7115716753022455,1.0,0.0,0.0,1.0,0.0,0.0,0.0,5.11
STU-10369,-0.15481192963556084,-1.4544975360341128,0.13738982070236225,-0.5853677637210514,0.2,-0.7842829076620826,0.27864133563615434,1.0,0.0,0.0,0.0,0.0,0.0,1.0,3.94
STU-12316,-0.2103683720939365,-0.8890545246702231,-0.33104865954325696,-0.4462313531795081,0.4,0.38821218074656205,0.22337363270005756,1.0,0.0,0.0,0.0,0.0,0.0,1.0,4.02
STU-13192,-1.8909507564597983,-0.2776288541865263,-1.6428732271218487,-1.6329830901514961,0.0,-1.062475442043222,-0.8704663212435234,1.0,0.0,0.0,0.0,0.0,0.0,1.0,2.71
STU-14256,0.12297028265631738,0.03203561582343114,-0.8319629167806927,0.06120732056023862,0.0,-0.3206286836935166,2.80944156591825,0.0,1.0,1.0,0.0,0.0,0.0,0.0,4.98
STU-10315,0.3729742737190084,1.0623345717266302,0.6363358490312048,-0.929116542706041,-0.2,-0.1603143418467583,0.3868739205526772,1.0,0.0,0.0,0.0,0.0,1.0,0.0,3.74
STU-10105,1.1785426893654534,0.3661283734907868,0.9286178419575676,0.43769407849617964,0.6,0.5029469548133598,-0.11053540587219335,1.0,0.0,1.0,0.0,0.0,0.0,0.0,5.14
STU-10794,1.0535406938341085,0.9366007381959051,1.5043247977216152,1.1742986048925854,1.2,1.0483300589390965,0.36384571099597013,1.0,0.0,0.0,0.0,0.0,0.0,1.0,5.7
STU-11432,0.3174178312606327,-2.642143403612905,-0.8309788023263961,1.0679001733019944,1.0,-0.4903732809430255,-0.8336211859527922,1.0,0.0,0.0,0.0,1.0,0.0,0.0,3.49
STU-13244,-0.7520436860630981,-1.3287637025033878,-0.5062210324082154,-0.06156010050582939,-0.8,-0.3206286836935166,-0.2671272308578009,0.0,1.0,0.0,0.0,0.0,1.0,0.0,2.51
STU-13857,-0.27981392516690573,0.22602495898512148,0.8774438903340956,0.3804026153320144,0.8,0.5862475442043223,-0.050662061024755276,0.0,1.0,0.0,0.0,0.0,0.0,1.0,4.67
STU-14982,0.13685939327091098,0.5867014414561155,-0.2080343527560672,-0.41349337422855664,-0.8,-0.30333988212180746,0.0046056419113415,1.0,0.0,0.0,0.0,0.0,0.0,1.0,4.54
STU-11575,-0.5853743586879712,-0.7374554453846061,-0.5199986347683793,-0.5771832689833137,1.2,0.06915520628683687,-0.6447898675877951,0.0,1.0,0.0,0.0,0.0,1.0,0.0,4.24
STU-14858,-1.0714932301987572,1.0623345717266302,0.2230077782262468,-0.9618545216569924,0.6,1.4664047151277015,-0.6332757628094416,1.0,0.0,0.0,0.0,0.0,1.0,0.0,4.45
STU-12856,-0.8631565709798494,0.749077706472938,0.21808720595475947,-0.6835817005739057,0.2,-0.25461689587426317,-0.5066206102475532,1.0,0.0,0.0,0.0,0.0,0.0,1.0,3.46
STU-12652,-0.1270337084063724,-0.544184581271663,0.23481715167781606,0.4949855416603448,0.0,-0.8047151277013754,-0.32700057570523894,1.0,0.0,0.0,0.0,0.0,0.0,1.0,3.5
STU-11710,-0.6825981329901288,0.20015971323022952,-2.2599129899663923,0.4786165521848687,0.4,-0.05815324165029458,-0.46286701208981,1.0,0.0,0.0,1.0,0.0,0.0,0.0,3.46
STU-12375,-1.946507198918174,-0.9896415914948036,-0.24543070201937242,0.6177529627264121,-1.0,-1.1866404715127703,-0.3293033966609096,1.0,0.0,0.0,0.0,0.0,0.0,1.0,2.5
STU-11566,0.8174258133860123,1.0623345717266302,1.5043247977216152,0.3640336258565391,1.0,0.6412573673870335,-0.03684513529073118,1.0,0.0,0.0,0.0,0.0,1.0,0.0,4.84
STU-10397,-0.4464832525420327,-2.9367198135991748,-0.5593632129402806,0.9860552259246161,-1.0,-1.5355599214145386,0.22337363270005756,0.0,1.0,1.0,0.0,0.0,0.0,0.0,2.7
STU-12268,-0.349259478239875,0.5708949023836816,-0.853613434775238,-0.7654266479512839,0.0,0.8770137524557958,-0.3753598157743236,0.0,1.0,0.0,0.0,0.0,0.0,1.0,4.54
STU-13022,-1.1687170045009148,-1.5457443752249815,-0.6961551220876356,0.9042102785472365,0.4,-1.456974459724951,-0.15198618307426603,1.0,0.0,0.0,0.0,0.0,0.0,1.0,3.23
STU-14445,0.7757584815422303,-0.8401979493554276,0.5448132047815348,-0.12703605840773224,1.2,-0.5202357563850689,0.10362694300518141,0.0,1.0,0.0,0.0,0.0,0.0,1.0,4.44
STU-12068,0.553532711708729,0.48180350033905384,0.4237671269029397,0.5277235206112962,0.0,0.3017681728880158,1.2642487046632125,1.0,0.0,0.0,0.0,0.0,0.0,1.0,4.43
STU-14061,1.1785426893654534,1.0623345717266302,1.5043247977216152,-0.8309026058531868,0.4,1.3563850687622794,0.0,1.0,0.0,0.0,0.0,0.0,0.0,1.0,5.82
STU-13541,0.2757504994168507,-0.17704178736194578,1.3985107533152335e-15,0.18397474162630664,-1.0,-0.3897838899803538,0.33390903857225107,1.0,0.0,0.0,0.0,0.0,1.0,0.0,3.14
STU-11898,-0.5159288056150019,1.0623345717266302,-1.2157675539567254,-2.3041116586459993,0.8,0.6506876227897838,1.2734599884858955,1.0,0.0,1.0,0.0,0.0,0.0,0.0,4.6
STU-11265,0.0,1.0623345717266302,1.5043247977216152,1.035162194351042,0.0,0.6915520628683696,0.0,1.0,0.0,0.0,0.0,0.0,0.0,1.0,5.68
STU-13487,-0.8631565709798494,-2.0335916493241957,1.3985107533152335e-15,-0.15977403735868367,1.8,-0.07701375245579573,0.9073114565342547,1.0,0.0,0.0,0.0,1.0,0.0,0.0,2.87
STU-12399,1.7896635564075856,0.052871508237094605,-0.2611765332881324,0.7487048785302177,0.2,0.6051080550098232,-0.7530224525043179,0.0,1.0,0.0,0.0,0.0,1.0,0.0,5.39
STU-12532,1.1229862469070777,0.9854573135107016,0.6048441864936834,0.805996341694383,0.0,0.3913555992141455,0.0,1.0,0.0,0.0,0.0,0.0,0.0,1.0,5.31
STU-10133,-0.5298179162295955,1.0623345717266302,-0.18441560585292585,-0.5280763005568863,-0.4,-0.015717092337917432,-0.4375359815774324,0.0,1.0,0.0,0.0,1.0,0.0,0.0,3.7
STU-14721,1.7896635564075856,1.0494019488491837,1.5043247977216152,-0.176143026834159,0.2,0.41335952848723007,-0.310880829015544,0.0,1.0,1.0,0.0,0.0,0.0,0.0,5.96
STU-13498,0.08130295081253533,1.0623345717266302,1.5043247977216152,-0.23343448999832417,0.8,0.9320235756385072,0.2579159470351181,1.0,0.0,1.0,0.0,0.0,0.0,0.0,5.54
STU-14954,-0.30759214639609295,1.0623345717266302,-0.5298397793113553,-0.8472715953286628,-0.4,0.3536345776031435,0.7253886010362695,1.0,0.0,1.0,0.0,0.0,0.0,0.0,4.8
STU-13049,0.2757504994168507,0.5852644833586218,-0.2749541356482977,-0.8881940690173519,0.4,0.1838899803536346,0.17271157167530227,1.0,0.0,0.0,1.0,0.0,0.0,0.0,4.73
STU-12023,0.0,1.0623345717266302,1.3985107533152335e-15,-2.328665142859213,0.0,-0.31434184675834975,-1.0915371329879104,0.0,1.0,0.0,0.0,0.0,0.0,1.0,3.32
STU-12331,0.03963561896875452,1.0623345717266302,1.3985107533152335e-15,-0.4380468584417704,-0.4,-0.34106090373280945,-0.8520437535981578,1.0,0.0,0.0,0.0,0.0,1.0,0.0,4.41
STU-14887,1.4702140122719252,1.0623345717266302,1.5043247977216152,0.5031700363980824,0.4,1.095481335952849,0.3914795624640185,1.0,0.0,0.0,0.0,1.0,0.0,0.0,5.89
STU-10359,-0.6270416905317532,-1.569454183833633,-0.9116761875787919,0.6013839732509367,-0.2,-0.23732809430255403,-0.9694876223373634,1.0,0.0,0.0,1.0,0.0,0.0,0.0,3.32
STU-14208,1.3452120167405803,-1.402767044524329,-1.3978287280017656,-1.5511381427741173,-0.4,-0.5768172888015718,0.02072538860103624,1.0,0.0,1.0,0.0,0.0,0.0,0.0,3.64
STU-14115,0.13685939327091098,1.0321584516792561,0.7465566679125258,1.2561435522699638,1.0,0.5265225933202358,0.601036269430052,1.0,0.0,0.0,0.0,0.0,0.0,1.0,4.67
STU-12722,1.7896635564075856,1.0623345717266302,0.5910665841335181,0.5195390258735578,0.0,1.7053045186640474,0.38917674150834786,1.0,0.0,0.0,1.0,0.0,0.0,0.0,5.2
STU-10326,1.6785506714908343,0.7850016589102881,-0.862470464863916,-0.9373010374437787,-0.8,0.0,-0.8405296488198044,0.0,1.0,0.0,0.0,0.0,1.0,0.0,4.09
STU-14227,1.7896635564075856,0.900676785758555,1.0801714679193846,0.43769407849617964,1.0,0.13045186640471515,0.9902130109383996,1.0,0.0,0.0,0.0,0.0,0.0,1.0,5.4
STU-10665,-0.7798219072922853,1.0623345717266302,1.5043247977216152,-0.6344747321474782,-1.0,0.5893909626719058,-0.5757052389176742,1.0,0.0,0.0,0.0,0.0,0.0,1.0,5.03
STU-12478,0.33130694187522636,1.0623345717266302,-0.4206030748843308,-0.2825414584247509,-1.0,0.744990176817289,-0.3684513529073114,1.0,0.0,0.0,1.0,0.0,0.0,0.0,3.91
STU-11424,-0.29370303578149937,0.16639119793912058,1.5043247977216152,0.08576080477345237,0.4,0.5343811394891946,-1.1675302245250434,0.0,1.0,0.0,0.0,0.0,1.0,0.0,4.72
STU-14418,-1.946507198918174,0.8539756475899997,1.5043247977216152,0.42132508902070354,0.4,-0.10373280943025544,-0.6954519286125505,1.0,0.0,0.0,1.0,0.0,0.0,0.0,3.77
STU-12983,0.7896475921568251,-3.5021628249630643,0.22596012158913945,0.6668599311528396,-1.0,-1.7304518664047155,1.2964881980426024,1.0,0.0,0.0,0.0,0.0,0.0,1.0,2.32
STU-11279,0.9702060301465456,0.06724108921203482,-1.3190995716579645,-0.12703605840773224,0.2,-0.05343811394891944,0.8635578583765116,1.0,0.0,0.0,0.0,0.0,0.0,1.0,4.62
STU-14696,0.20630494634388147,-0.13968087682710204,-0.5022845745910246,1.7717667207474488,0.8,-0.3017681728880158,-0.6563039723661486,1.0,0.0,0.0,0.0,0.0,0.0,1.0,4.7
STU-10999,0.2757504994168507,0.29787286385982154,1.077219124556492,0.7814428574811692,0.2,0.044007858546168864,0.753022452504318,0.0,1.0,1.0,0.0,0.0,0.0,0.0,4.85
STU-11075,1.7896635564075856,0.6247808310397066,1.5043247977216152,1.9845635839286326,1.4,1.021611001964637,0.1174438687392055,1.0,0.0,0.0,0.0,0.0,0.0,1.0,6.15
STU-12961,-1.3076081106468547,-0.912764333278874,-0.9510407657506932,-1.8294109638572047,0.0,-0.8722986247544205,0.1404720782959126,1.0,0.0,0.0,0.0,0.0,1.0,0.0,2.66
STU-12924,0.16463761450009942,0.011199723409768695,-0.6174259657438345,-0.5689987742455761,1.2,-1.0090373280943028,-0.12665515256188828,0.0,1.0,0.0,0.0,1.0,0.0,0.0,3.78
STU-12622,-0.140922819020966,1.0623345717266302,0.042914833089801104,-0.24161898473606186,-0.2,0.9398821218074656,0.320092112838227,1.0,0.0,0.0,1.0,0.0,0.0,0.0,4.08
STU-10703,-0.29370303578149937,1.0623345717266302,-1.0140240908257345,-0.5853677637210514,-1.0,-0.8927308447937132,0.9326424870466322,0.0,1.0,0.0,0.0,1.0,0.0,0.0,4.13
STU-14312,-0.5298179162295955,-2.0185035893005083,-1.4558914808053196,0.3967716048074905,-0.8,-0.38664047151277003,0.0,1.0,0.0,0.0,0.0,1.0,0.0,0.0,3.58
STU-14430,0.4007524949481956,1.0623345717266302,0.6963668307433533,0.3558491311188014,0.0,0.4353634577603143,-0.36154289004029927,0.0,1.0,0.0,0.0,1.0,0.0,0.0,5.39
STU-14934,0.91464958768817,-0.6864434329235695,0.6255105900339307,-1.0191459848211575,-0.2,-0.029862475442043148,0.12435233160621764,0.0,1.0,1.0,0.0,0.0,0.0,0.0,4.09
STU-10377,-0.6270416905317532,-0.22805379982298238,-0.15095571440680988,0.3640336258565391,0.0,-0.4416502946954815,-0.9027058146229132,1.0,0.0,0.0,0.0,1.0,0.0,0.0,3.25
STU-12635,0.5396436010941341,1.0623345717266302,0.07047003781013172,1.313435015434129,-0.6,0.8927308447937136,0.9004029936672427,1.0,0.0,0.0,0.0,0.0,0.0,1.0,5.57
STU-13598,-1.2103843363446969,0.04065736440839547,-0.061401299065736055,0.044838331084762546,0.4,-0.7056974459724953,0.20725388601036282,0.0,1.0,1.0,0.0,0.0,0.0,0.0,4.33
STU-14506,0.17852672511469303,-0.43784968205710667,-0.40190490025267817,-1.3792637532816225,0.8,-0.28447937131630663,0.525043177892919,1.0,0.0,0.0,0.0,0.0,0.0,1.0,4.61
STU-13710,-0.8909347922090366,1.0623345717266302,1.0595050643791373,1.2643280470077027,0.6,0.20432220039292745,-0.455958549222798,1.0,0.0,0.0,1.0,0.0,0.0,0.0,4.61
STU-14125,-0.5298179162295955,-0.5089791078830603,1.3985107533152335e-15,0.7896273522189069,-0.6,-0.21846758349705317,1.0708117443868739,0.0,1.0,0.0,1.0,0.0,0.0,0.0,4.55
STU-13869,-0.5437070268441891,-1.6089705315147178,-1.858394292613005,0.07757631003571397,0.6,-0.5045186640471512,-0.4006908462867013,1.0,0.0,0.0,1.0,0.0,0.0,0.0,2.07
STU-13568,-0.6964872436047225,1.0623345717266302,1.0900126124623606,-1.076437447985322,0.0,1.3123772102161102,-0.6217616580310881,1.0,0.0,1.0,0.0,0.0,0.0,0.0,5.15
STU-12244,0.3035287206460379,0.6915993825731781,0.8479204567051704,-0.675397205836168,-0.2,0.4667976424361495,0.7668393782383423,0.0,1.0,0.0,1.0,0.0,0.0,0.0,4.2
STU-14194,0.011857397739566082,1.0623345717266302,0.5959871564050054,-0.1434050478832076,-1.0,1.9410609037328097,0.19804260218768002,1.0,0.0,1.0,0.0,0.0,0.0,0.0,4.22
STU-10007,0.386863384333602,0.0,-0.36254032208077686,-2.099499290202553,0.2,0.42907662082514747,-0.36614853195164077,0.0,1.0,0.0,0.0,0.0,0.0,1.0,4.28
STU-14124,0.0,1.0623345717266302,1.3557235151226894,0.7650738680056939,0.4,0.3300589390962672,-0.7069660333909039,1.0,0.0,0.0,0.0,0.0,0.0,1.0,4.88
STU-10525,-0.9742694558966007,-0.35091371715872005,-0.5623155563031732,-0.07792908998130474,-1.0,0.11944990176817287,-0.6655152561888313,1.0,0.0,0.0,0.0,0.0,0.0,1.0,3.59
STU-14567,0.0,0.3021837381523037,-1.008119404099949,0.0,0.2,0.5422396856581535,0.6793321819228556,1.0,0.0,0.0,0.0,0.0,1.0,0.0,4.33
STU-11720,0.12297028265631738,-0.6404607738037613,-0.3428580329948262,-0.2743569636870133,-0.6,-0.5155206286836935,-0.24179620034542315,1.0,0.0,0.0,0.0,1.0,0.0,0.0,3.6
STU-11208,-1.2381625575738842,-0.611721611853881,-1.4923037156143282,-1.4774776901344768,0.0,-0.8911591355599215,0.13356361542890044,1.0,0.0,0.0,0.0,0.0,1.0,0.0,3.19
STU-14321,-0.19647926147934167,1.0623345717266302,1.4669284484583098,-0.5280763005568863,0.8,0.8848722986247547,0.8681635002878528,0.0,1.0,0.0,0.0,1.0,0.0,0.0,4.94
STU-10453,0.33130694187522636,0.7576994550579023,0.11573930270781695,-0.3562019110643915,-1.0,-0.39764243614931233,1.2020725388601037,1.0,0.0,0.0,0.0,0.0,0.0,1.0,4.3
STU-10767,-0.6825981329901288,0.9940790620956649,0.3430697416505439,-1.6493520796269716,-1.0,1.013752455795678,0.1312607944732298,0.0,1.0,0.0,0.0,0.0,0.0,1.0,5.25
STU-12125,1.0118733619903277,1.0623345717266302,-0.08895650378606668,-0.7572421532135463,-0.6,0.4196463654223969,0.1312607944732298,0.0,1.0,0.0,0.0,0.0,0.0,1.0,4.7
STU-12611,-0.8909347922090366,-0.8294207636242221,0.027169001821039748,0.38858711006975283,0.8,-1.0294695481335954,-0.07829591249280367,1.0,0.0,1.0,0.0,0.0,0.0,0.0,3.18
STU-12248,-1.3909427743344174,-1.855408845234939,-0.8732957238611886,0.8387343206453336,0.8,-1.5528487229862475,-0.7069660333909039,1.0,0.0,1.0,0.0,0.0,0.0,0.0,3.31
STU-11663,-0.557596137458784,0.26338586951996523,0.11573930270781695,0.33948014164332535,-1.0,0.27347740667976433,0.09671848013816925,0.0,1.0,0.0,0.0,1.0,0.0,0.0,4.72
STU-10537,-0.6825981329901288,0.9380376962933988,-0.6312035681039998,0.22489721531499574,-0.8,0.47151277013752463,0.0,1.0,0.0,0.0,0.0,0.0,0.0,1.0,4.69
STU-14545,0.3729742737190084,0.3424185648821359,-0.37139735216945485,-1.0109614900834198,0.8,0.5862475442043223,0.5734024179620034,0.0,1.0,0.0,0.0,0.0,0.0,1.0,4.16
STU-12796,1.0118733619903277,1.0623345717266302,0.9276337275032696,0.3967716048074905,0.4,1.2825147347740673,2.1439263097294186,1.0,0.0,0.0,0.0,0.0,0.0,1.0,5.31
STU-13821,-0.4603723631566263,0.0,1.2110586903409544,0.10212979424892772,1.2,0.0,0.3246977547495683,1.0,0.0,0.0,0.0,0.0,0.0,1.0,5.0
STU-14049,1.3313229061259868,0.5924492738460914,1.1342977629057478,-0.05337560576809099,0.8,0.4275049115913558,1.162924582613702,1.0,0.0,0.0,0.0,0.0,0.0,1.0,4.83
STU-12349,1.6091051184178649,0.7986527608364808,0.5595749215959982,-0.4626003426549834,-0.6,0.6538310412573678,-0.42832469775474963,1.0,0.0,0.0,1.0,0.0,0.0,0.0,5.07
STU-12096,-0.8214892391360673,0.2806293666898939,0.3912913499111218,-0.4626003426549834,-0.2,-0.1477406679764243,0.3293033966609098,1.0,0.0,0.0,0.0,0.0,1.0,0.0,3.44
STU-11894,1.7896635564075856,1.0623345717266302,1.5043247977216152,0.8960257838094988,-0.6,1.6487229862475445,-0.3431203223949339,1.0,0.0,0.0,0.0,0.0,1.0,0.0,6.37
STU-12978,0.4146416055627892,-0.30924193233139413,0.28303875993839533,0.32311115216785,0.0,0.09744597249508859,0.5549798503166382,0.0,1.0,0.0,0.0,0.0,1.0,0.0,4.8
STU-11187,1.6924397821054278,1.0623345717266302,1.5043247977216152,-1.0109614900834198,-0.4,1.552848722986248,-0.35002878526194586,1.0,0.0,0.0,0.0,0.0,1.0,0.0,5.54
STU-13804,-0.7242654648339096,-0.2115287817018021,0.02815311627533777,0.0,0.2,0.02671905697445972,-0.2164651698330454,1.0,0.0,0.0,0.0,0.0,1.0,0.0,4.02
STU-12179,-0.5020396950004083,0.5234752851663798,-0.3438421474491242,1.6571837944191186,0.8,0.3567779960707269,1.2780656303972369,1.0,0.0,0.0,0.0,1.0,0.0,0.0,4.71
STU-10004,0.6229782647816982,-1.3797757149644243,-0.04073489552548879,-1.1664668901004387,-0.2,0.4557956777996072,0.6816350028785263,0.0,1.0,1.0,0.0,0.0,0.0,0.0,3.9
STU-10026,0.2618613888022571,0.4358208412192458,0.9630618478579801,-1.9521783849232721,1.0,-0.594106090373281,0.2210708117443869,1.0,0.0,0.0,0.0,0.0,0.0,1.0,3.79
STU-12368,-0.6825981329901288,-1.2109331385088795,1.087060269099468,1.0679001733019944,1.0,-1.207072691552063,-0.5365572826712723,1.0,0.0,0.0,1.0,0.0,0.0,0.0,3.61
STU-12092,1.3729902379697687,1.0623345717266302,1.5043247977216152,-1.3547102690684094,1.0,0.5532416502946955,-0.16580310880829013,0.0,1.0,0.0,0.0,0.0,0.0,1.0,4.69
STU-11944,0.8452040346152008,-1.1663874374865653,-0.06927421470011604,0.0,0.0,-0.1477406679764243,-0.07599309153713302,1.0,0.0,0.0,0.0,0.0,0.0,1.0,4.03
STU-10306,0.9840951407611392,0.0,1.5043247977216152,1.4362024365001969,-1.0,0.05186640471512772,0.14968336211859537,1.0,0.0,0.0,0.0,1.0,0.0,0.0,5.55
STU-11676,-1.2103843363446969,-0.6548303547787016,-1.752109931548873,-0.7081351847871195,0.0,0.176031434184676,0.7829591249280369,0.0,1.0,0.0,0.0,0.0,0.0,1.0,3.16
STU-11420,1.7896635564075856,-0.3933039810347933,1.0349022030216994,-0.33164842685117846,-1.0,0.7088408644400787,0.9902130109383996,0.0,1.0,1.0,0.0,0.0,0.0,0.0,5.32
STU-12864,-0.015920823489621122,-0.4076735620097325,-0.19819320821309117,0.1184987837244038,0.0,-0.8628683693516701,-0.95797351755901,1.0,0.0,0.0,0.0,0.0,1.0,0.0,3.32
STU-14231,-0.07147726594799676,0.05502694538333569,0.08326352571599901,0.6914134153660526,0.0,-0.581532416502947,0.6747265400115143,1.0,0.0,0.0,0.0,0.0,1.0,0.0,3.93
STU-11058,-1.4603883274073866,-1.4379725179129315,0.09015232689608098,1.0106087101378292,-0.2,-1.606286836935167,-0.7115716753022453,1.0,0.0,1.0,0.0,0.0,0.0,0.0,3.38
STU-10157,-0.7103763542193161,0.7505146645704317,0.02815311627533777,-0.8963785637550896,-0.4,-0.13516699410609032,1.6004605641911345,1.0,0.0,0.0,0.0,0.0,1.0,0.0,3.8
STU-12948,0.3590851631044136,1.0623345717266302,1.5043247977216152,0.41314059428296585,-0.2,0.0,1.0754173862982157,1.0,0.0,0.0,0.0,0.0,0.0,1.0,4.94
STU-12944,1.4702140122719252,1.0623345717266302,1.1697258832604585,0.044838331084762546,0.6,1.3155206286836936,0.6056419113413932,0.0,1.0,0.0,0.0,1.0,0.0,0.0,6.23
STU-13488,-0.557596137458784,1.0623345717266302,0.606812415402278,0.2903731732168986,0.8,1.0326129666011787,-0.22337363270005756,1.0,0.0,0.0,0.0,0.0,1.0,0.0,5.04
STU-11375,0.33130694187522636,0.17573142557283125,0.9207449263231862,-0.8800095742796142,-1.0,-0.26247544204322204,-0.6194588370754175,1.0,0.0,0.0,0.0,1.0,0.0,0.0,4.65
STU-10606,1.5257704547303008,-0.20649942836057256,0.7790324449043438,-1.5756916269873311,0.6,-0.20117878192534375,1.3886010362694303,0.0,1.0,0.0,0.0,0.0,1.0,0.0,4.71
STU-11795,0.5952000435525098,-1.0068850886647311,-1.4253839327220963,0.5359080153490339,1.6,-0.8597249508840865,0.009211283822682796,1.0,0.0,0.0,0.0,0.0,0.0,1.0,3.26
STU-14864,1.4424357910427381,-0.4270724963259023,0.7937941617188071,-0.31527943737570235,1.4,-0.7591355599214147,-0.7092688543465746,1.0,0.0,1.0,0.0,0.0,0.0,0.0,3.39
STU-12581,-1.4048318849490111,0.4451610688529565,-1.057325126814825,1.6080768259926923,0.0,-0.44793713163064836,-0.03684513529073118,1.0,0.0,0.0,0.0,0.0,1.0,0.0,3.63
STU-13493,0.5952000435525098,-0.7281152177508953,0.6697957404773193,-1.1255444164117496,-1.0,-0.21218074656188604,-0.5112262521588946,1.0,0.0,0.0,0.0,0.0,0.0,1.0,4.07
STU-11660,-1.0576041195841634,-0.49460952690812016,0.7436043245496332,2.009117068141847,0.2,-1.1174852652259333,1.271157167530225,1.0,0.0,0.0,0.0,0.0,1.0,0.0,3.24
STU-13615,0.5118653798649468,1.0623345717266302,0.2584358985809574,-0.7408731637380709,-1.0,1.0043222003929273,-0.09211283822682775,1.0,0.0,0.0,0.0,0.0,0.0,1.0,4.48
STU-10224,0.5952000435525098,1.0623345717266302,1.3985107533152335e-15,-1.0682529532475844,0.8,1.7791748526522595,-0.34772596430627517,1.0,0.0,0.0,0.0,0.0,0.0,1.0,5.25
STU-10972,0.8590931452297944,-0.07070688814738942,0.30468927793294065,2.1400689839456515,1.2,0.0,-0.46516983304548076,0.0,1.0,1.0,0.0,0.0,0.0,0.0,4.73
STU-13889,0.3590851631044136,1.0393432421667266,0.44344941598889037,-1.8294109638572047,-1.0,0.4935166994106092,0.9096142774899253,1.0,0.0,1.0,0.0,0.0,0.0,0.0,4.93
STU-14108,0.8035367027714188,-0.4665888440069871,-0.21098669611895984,0.200343731101782,1.6,-0.5265225933202358,-1.0800230282095566,1.0,0.0,0.0,1.0,0.0,0.0,0.0,3.35
STU-11760,0.02574650835416092,-0.6059737794639051,0.8656345168825264,0.5113545311358201,-1.0,-0.982318271119843,1.3793897524467473,0.0,1.0,1.0,0.0,0.0,0.0,0.0,4.26
STU-10288,1.7479962245638034,-0.4220431429846727,1.3557235151226894,-0.9700390163947301,-0.4,-1.1489194499017683,-0.18192285549798506,0.0,1.0,0.0,0.0,1.0,0.0,0.0,4.75
STU-10427,-0.2103683720939365,-1.4968877999101862,-1.8141091421696163,0.9533172469736639,-0.4,-0.4385068762278978,0.36614853195164077,0.0,1.0,1.0,0.0,0.0,0.0,0.0,3.39
STU-11674,0.06741384019794172,0.5486220518725243,1.2710896720531029,-0.9618545216569924,0.8,0.6899803536345775,-1.077720207253886,1.0,0.0,0.0,1.0,0.0,0.0,0.0,4.54
STU-14350,-0.5020396950004083,-0.595915072781447,-0.9480884223878006,0.16760575215083057,0.2,-1.3139489194499019,-0.6586067933218193,1.0,0.0,0.0,0.0,0.0,0.0,1.0,3.0
STU-14740,-0.2381465933231237,0.26697826476370107,0.7475407823668239,-0.7654266479512839,1.2,-0.06444007858546172,0.0,1.0,0.0,0.0,0.0,0.0,0.0,1.0,4.46
STU-12811,0.08130295081253533,0.40923711641560645,1.5043247977216152,-1.0928064374607982,0.2,0.4463654223968566,-0.49050086355785844,1.0,0.0,0.0,0.0,1.0,0.0,0.0,4.02
STU-13698,1.7896635564075856,1.0623345717266302,0.5959871564050054,1.1824830996303233,-0.6,0.3096267190569746,-0.6747265400115141,1.0,0.0,0.0,0.0,0.0,0.0,1.0,5.29
STU-14606,-0.015920823489621122,0.47677414699782433,-1.3899558123673856,0.45406306797165497,-0.6,-1.0891944990176818,2.3120322394933797,1.0,0.0,0.0,0.0,0.0,0.0,1.0,3.29
STU-13650,0.49797626925035327,-0.37821592101110574,1.3985107533152335e-15,0.830549825907596,-0.4,-0.12730844793713172,-0.6747265400115141,1.0,0.0,1.0,0.0,0.0,0.0,0.0,3.56
STU-14912,1.0118733619903277,-0.4752105925919514,-1.2039581805051547,-1.9849163638742235,0.0,-0.9634577603143419,0.743811168681635,0.0,1.0,0.0,0.0,0.0,0.0,1.0,3.79
STU-14630,-2.3215131855122086,-0.9932339867385384,-0.2533036176537524,-0.04519111103035332,0.2,-0.5343811394891946,2.80944156591825,1.0,0.0,0.0,0.0,0.0,0.0,1.0,3.01
STU-13775,0.011857397739566082,0.09957264640564903,1.1598847387174838,1.1251916364661594,-0.6,-0.8188605108055012,0.2924582613701786,1.0,0.0,0.0,1.0,0.0,0.0,0.0,4.22
STU-12067,0.9840951407611392,1.0623345717266302,-1.0632298135406104,-0.31527943737570235,1.0,1.595284872298625,-0.188831318364997,1.0,0.0,0.0,0.0,1.0,0.0,0.0,4.2
STU-13700,0.34519605248981994,-0.020413354735099167,-0.33006454508895894,-0.5117073110814109,-1.0,-0.47151277013752463,1.1076568796776052,1.0,0.0,0.0,1.0,0.0,0.0,0.0,3.65
STU-13431,0.34519605248981994,1.0623345717266302,0.4277035847201304,0.6750444258905772,-0.2,0.9870333988212181,-0.4052964881980426,1.0,0.0,0.0,0.0,0.0,1.0,0.0,3.95
STU-13798,0.16463761450009942,-1.221710324240085,-1.5759534442296168,-0.6344747321474782,-0.8,0.0,0.13816925734024194,1.0,0.0,0.0,0.0,0.0,1.0,0.0,3.18
STU-10174,0.0,0.9840203554132069,-0.20114555157598382,0.8141808364321206,0.2,1.0860510805500987,0.8773747841105355,1.0,0.0,1.0,0.0,0.0,0.0,0.0,4.66
STU-11476,1.7896635564075856,1.0623345717266302,1.152995937537402,-0.20888100578511043,-0.4,1.703732809430256,0.15889464594127817,0.0,1.0,0.0,0.0,1.0,0.0,0.0,6.03
STU-12323,-2.2104003005954573,1.0623345717266302,-0.709932724447801,0.9205792680227133,0.0,-0.29233791748526516,-0.052964881980425926,1.0,0.0,0.0,0.0,1.0,0.0,0.0,3.37
STU-12772,0.9007604770735764,1.0623345717266302,0.9837282513982274,-1.3547102690684094,1.4,1.4286836935167,-0.13356361542890044,0.0,1.0,0.0,0.0,0.0,1.0,0.0,4.83
STU-14427,-0.140922819020966,0.2497347675937724,-0.36254032208077686,1.0269776996133044,-1.0,-1.5166994106090377,-0.050662061024755276,1.0,0.0,0.0,0.0,0.0,1.0,0.0,4.36
STU-14838,1.7896635564075856,1.0623345717266302,1.5043247977216152,0.06120732056023862,0.6,1.6424361493123776,-0.66090961427749,1.0,0.0,1.0,0.0,0.0,0.0,0.0,5.86
STU-12432,-0.7520436860630981,0.025569304384707888,-0.22771664184201643,0.8632878048585481,0.2,-0.3913555992141455,0.10592976396085205,1.0,0.0,0.0,1.0,0.0,0.0,0.0,3.82
STU-12916,-1.2659407788030725,-0.6074107375613987,-0.9766277415624278,1.7799512154851864,-0.4,-0.5312377210216109,1.1859527921704087,1.0,0.0,1.0,0.0,0.0,0.0,0.0,3.38
STU-12034,0.0,1.0623345717266302,-0.6459652849184617,-0.6181057426720028,-0.2,-0.01886051080550086,0.14968336211859537,1.0,0.0,0.0,1.0,0.0,0.0,0.0,4.25
STU-12704,-0.140922819020966,-1.3007430196022547,-0.6735204896387923,-0.7736111426890223,0.8,-0.4872298624754421,0.05757052389176742,1.0,0.0,0.0,0.0,0.0,1.0,0.0,3.78
STU-13509,0.5118653798649468,0.326612025809702,0.06259712217575035,0.3149266574301116,1.0,0.023575638506876287,-0.4075993091537133,1.0,0.0,0.0,0.0,1.0,0.0,0.0,3.9
STU-13421,1.3035446848967995,1.0486834698004373,1.5043247977216152,0.4049560995452282,0.0,0.7371316306483301,0.8589522164651698,1.0,0.0,1.0,0.0,0.0,0.0,0.0,5.63
STU-11316,-0.9881585665111943,0.1405259521842286,1.3985107533152335e-15,0.08576080477345237,0.8,-0.8581532416502948,-0.30397236614853185,1.0,0.0,0.0,0.0,0.0,0.0,1.0,3.7
STU-13890,-2.2659567430538328,-2.670164086514038,-0.7315832424423462,-0.4707848373927218,0.0,0.0,-0.5987334484743811,1.0,0.0,0.0,0.0,0.0,0.0,1.0,1.15
STU-11877,-1.0714932301987572,1.0623345717266302,-1.1084990784382955,-0.1843275215718967,1.0,0.9147347740667976,-0.4145077720207254,1.0,0.0,0.0,0.0,0.0,0.0,1.0,4.21
STU-14933,0.3729742737190084,-0.3171452018676111,0.40802129563417977,-0.5362607952946247,0.6,-0.2420432220039292,2.155440414507772,0.0,1.0,0.0,0.0,0.0,0.0,1.0,5.24
STU-14120,-0.04369904471880956,-1.2899658338710493,0.22596012158913945,0.2903731732168986,0.2,-0.70098231827112,0.02072538860103624,0.0,1.0,0.0,0.0,1.0,0.0,0.0,3.31
STU-14946,-1.8770616458452034,-0.5305334793454701,-1.3033537403892046,0.6013839732509367,-0.4,-0.8990176817288803,0.6724237190558437,1.0,0.0,1.0,0.0,0.0,0.0,0.0,3.23
STU-14893,0.0,-1.1505808984141312,-1.000246488465569,0.5686459942999853,0.4,-0.12573673870333973,0.6079447322970639,0.0,1.0,0.0,0.0,1.0,0.0,0.0,3.77
STU-11590,1.1090971362924842,1.0623345717266302,-0.8358993745978834,-1.5429536480363797,1.0,-0.007858546168958577,1.1145653425446176,1.0,0.0,1.0,0.0,0.0,0.0,0.0,4.57
STU-10964,-2.5992953978040867,-1.3646876549407378,-0.8585340070467267,-0.6344747321474782,0.2,-1.7288801571709236,0.918825561312608,1.0,0.0,0.0,1.0,0.0,0.0,0.0,2.09
STU-12466,-0.18259015086474806,1.0623345717266302,-0.02400494980243081,-0.48715382686819714,0.0,0.6522593320235758,-0.7484168105929765,1.0,0.0,1.0,0.0,0.0,0.0,0.0,4.41
STU-12746,-0.09925548717718521,-0.6670444986073997,-0.24838304538226508,-1.5429536480363797,0.4,0.3206286836935169,0.7322970639032818,1.0,0.0,0.0,0.0,0.0,0.0,1.0,3.7
STU-10122,0.553532711708729,-1.0449644782483223,-1.5523346973264769,0.7568893732679555,1.0,-0.8424361493123773,-0.025331030512377537,0.0,1.0,0.0,0.0,0.0,0.0,1.0,3.51
STU-13018,-0.9326021240528186,-0.15548741589953596,0.05964477881285768,0.9123947732849741,0.6,-0.14145383104125744,-0.8336211859527922,1.0,0.0,0.0,0.0,0.0,0.0,1.0,4.11
STU-13573,1.4424357910427381,0.14339986837921603,0.8056035351703777,-2.0094698480874373,0.4,0.5249508840864441,0.47207829591249284,0.0,1.0,0.0,0.0,0.0,1.0,0.0,5.25
STU-11550,0.6646455966254802,-0.7798457092606793,0.009454941643685145,-1.9030714164968452,0.4,-0.4542239685658155,-0.987910189982729,1.0,0.0,0.0,0.0,0.0,0.0,1.0,3.83
STU-13220,1.1646535787508598,-0.05992970241618501,0.6471611080284774,-0.9209320479683033,0.0,0.4919449901768175,0.13816925734024194,0.0,1.0,0.0,0.0,0.0,1.0,0.0,5.2
STU-10351,-1.1826061151155085,-0.5987889889764354,-2.2569606466034995,-0.6672127110984296,0.8,-0.050294695481336006,1.6327000575705244,0.0,1.0,1.0,0.0,0.0,0.0,0.0,3.64
STU-14228,-0.15481192963556084,1.0623345717266302,1.1293771906342605,0.7405203837924801,1.4,1.3611001964636547,-0.310880829015544,1.0,0.0,0.0,0.0,0.0,0.0,1.0,5.36
STU-10291,0.6646455966254802,-0.8085848712105597,0.6353517345769067,2.009117068141847,2.4,0.011001964636542285,0.49740932642487057,1.0,0.0,0.0,0.0,1.0,0.0,0.0,4.37
STU-14075,0.0,-0.5916041984889648,0.6343676201226087,2.0745930260437486,-0.6,-0.15402750491159145,0.01842256764536559,0.0,1.0,0.0,1.0,0.0,0.0,0.0,5.05
STU-13814,0.9424278089173572,1.0623345717266302,1.148075365265913,0.8223653311698583,0.0,1.0750491159135565,-0.6747265400115141,1.0,0.0,0.0,0.0,1.0,0.0,0.0,5.4
STU-12250,0.16463761450009942,1.0623345717266302,0.9423954443177328,0.32311115216785,-0.4,0.8848722986247547,-1.0063327576280945,1.0,0.0,1.0,0.0,0.0,0.0,0.0,5.78
STU-12322,-0.6964872436047225,0.06293021491955265,-0.45799942414763606,0.7978118469566453,0.8,0.4180746561886052,-0.4835924006908463,1.0,0.0,0.0,0.0,0.0,1.0,0.0,3.68
STU-10274,-0.2242574827085301,0.6556754301358281,-1.646809684939038,0.0,-0.2,0.04086444007858543,-0.7046632124352332,1.0,0.0,0.0,0.0,0.0,0.0,1.0,3.61
STU-12889,-0.4881505843858135,1.0623345717266302,0.5900824696792201,-0.8063491216399737,0.2,0.27662082514734776,-0.5365572826712723,1.0,0.0,0.0,1.0,0.0,0.0,0.0,4.26
STU-11217,0.6090891541671046,-0.14327327207083684,0.5969712708593035,-1.0928064374607982,-0.6,0.7669941060903736,-0.06217616580310872,1.0,0.0,1.0,0.0,0.0,0.0,0.0,5.01
STU-10838,0.2618613888022571,-0.721648906312172,-0.7601225616169749,-1.051883963772109,-1.0,0.18703339882121803,-0.3707541738629821,1.0,0.0,0.0,0.0,0.0,0.0,1.0,4.31
STU-10231,0.7757584815422303,1.0623345717266302,1.5043247977216152,-0.5853677637210514,-1.0,0.26247544204322204,0.07138744962579172,1.0,0.0,1.0,0.0,0.0,0.0,0.0,4.64
STU-11451,0.6090891541671046,-0.4622779697145049,-0.22574841293342177,-0.3070949426379647,0.8,-0.05500982318271115,0.31548647092688553,1.0,0.0,0.0,0.0,0.0,0.0,1.0,5.51
STU-13773,1.5952160078032713,-0.009636169003894772,0.025200772912445102,-0.9536700269192547,-1.0,0.11630648330058944,0.4928036845135293,0.0,1.0,0.0,0.0,0.0,1.0,0.0,4.69
STU-14830,1.0257624726049213,1.0623345717266302,1.3985107533152335e-15,-0.176143026834159,-1.0,1.1929273084479375,-0.2510074841681059,1.0,0.0,0.0,0.0,0.0,0.0,1.0,4.88
STU-13967,1.4563249016573316,-1.1929711622902046,-0.17555857576424785,-0.3807553952776052,0.0,-0.048722986247544293,-1.001727115716753,1.0,0.0,0.0,0.0,0.0,1.0,0.0,4.48
STU-14995,-1.0576041195841634,-0.6598597081199301,-1.5670964141409387,-1.42837072170805,-1.0,-1.0420432220039295,0.0,0.0,1.0,0.0,1.0,0.0,0.0,0.0,2.84
STU-10067,1.7896635564075856,0.0,1.5043247977216152,0.11031428898666538,1.0,1.9174852652259338,0.6586067933218194,0.0,1.0,0.0,0.0,1.0,0.0,0.0,5.54
STU-10052,-1.1409387832717277,1.0623345717266302,0.4090054100884778,-0.699950690049381,0.2,-0.3237721021611003,0.4743811168681637,1.0,0.0,0.0,0.0,0.0,0.0,1.0,3.9
STU-14233,-2.168732968751675,-0.4687442811532282,-1.4617961675311049,-2.484170542876232,-0.8,-0.4935166994106092,-0.06217616580310872,1.0,0.0,0.0,0.0,0.0,1.0,0.0,2.79
STU-14161,-0.8214892391360673,-0.5283780421992291,1.0270292873873195,0.4868010469226064,1.0,-1.0640471512770138,1.4899251583189408,0.0,1.0,0.0,0.0,0.0,0.0,1.0,3.51
STU-14449,0.91464958768817,1.0623345717266302,1.5043247977216152,0.003915857396073449,-1.0,0.0,0.11053540587219356,1.0,0.0,0.0,0.0,0.0,1.0,0.0,4.75
STU-13941,-0.5159288056150019,0.7519516226679265,0.8823644626055843,0.0,0.4,0.0,-0.03454231433506033,1.0,0.0,0.0,0.0,0.0,1.0,0.0,4.59
STU-13609,-0.5992634693025648,1.0623345717266302,1.5043247977216152,0.42132508902070354,-0.2,0.8408644400785855,1.0155440414507775,1.0,0.0,1.0,0.0,0.0,0.0,0.0,5.46
STU-13632,1.4563249016573316,-0.9350371837900312,-1.5907151610440802,-0.6835817005739057,-1.0,-0.8078585461689588,0.8727691421991941,1.0,0.0,0.0,0.0,0.0,1.0,0.0,3.2
STU-12165,1.1368753575216726,-0.6598597081199301,1.3311206537652513,0.10212979424892772,0.2,0.10373280943025544,-0.07369027058146216,0.0,1.0,0.0,0.0,0.0,0.0,1.0,4.67
STU-13221,-0.2381465933231237,0.37475012207575115,1.3985107533152335e-15,-1.0436994690343706,-1.0,-0.4416502946954815,-0.41681059297639605,1.0,0.0,0.0,0.0,0.0,0.0,1.0,3.6
STU-13852,-0.05758815533340317,-0.18494505689816274,-0.6469493993727597,-0.15977403735868367,-1.0,-0.017288801571709148,0.7322970639032818,0.0,1.0,1.0,0.0,0.0,0.0,0.0,3.81
STU-14689,0.6229782647816982,1.0623345717266302,1.2582961841472355,-0.176143026834159,0.0,0.6035363457760315,0.10362694300518141,1.0,0.0,0.0,0.0,1.0,0.0,0.0,5.33
STU-13305,-1.5159447698657622,-0.5255041260042407,-0.7453608448025115,-1.3547102690684094,0.6,-1.7304518664047155,-1.1076568796776052,1.0,0.0,0.0,0.0,0.0,0.0,1.0,2.87
STU-10009,-0.7659327966776918,-2.9424676459891512,-2.846445204727713,-0.20888100578511043,-1.0,-1.7304518664047155,1.7294185377086935,1.0,0.0,1.0,0.0,0.0,0.0,0.0,2.47
STU-12966,-0.18259015086474806,1.0623345717266302,1.5043247977216152,0.7814428574811692,0.6,0.4526522593320238,-0.4605641911341394,1.0,0.0,0.0,0.0,1.0,0.0,0.0,5.09
STU-13991,0.6090891541671046,1.0623345717266302,-0.846724633595156,0.38858711006975283,0.0,0.9917485265225936,-0.75993091537133,0.0,1.0,0.0,0.0,0.0,0.0,1.0,4.55
STU-12494,-0.07147726594799676,-2.2922441068731154,-0.9126603020330899,0.33948014164332535,0.0,-1.1913555992141456,-0.9073114565342545,1.0,0.0,0.0,0.0,0.0,0.0,1.0,2.87
STU-11759,-3.8354262425029435,-2.4941367195710225,-1.704872437742592,1.5016783944020997,0.4,-1.2463654223968568,0.35233160621761667,1.0,0.0,1.0,0.0,0.0,0.0,0.0,1.46
STU-10360,0.6924238178546674,1.0623345717266302,0.7987147339902944,-0.6181057426720028,-0.4,1.164636542239686,-0.8842832469775476,0.0,1.0,1.0,0.0,0.0,0.0,0.0,4.78
STU-11565,0.5813109329379161,1.0623345717266302,-0.5908548754778018,0.0284693416092872,-0.4,1.4333988212180748,-0.6563039723661486,1.0,0.0,0.0,0.0,0.0,1.0,0.0,5.17
STU-13763,0.8729822558443879,1.0623345717266302,1.124456618362773,-1.6166141006760202,0.0,0.550098231827112,0.9948186528497409,1.0,0.0,0.0,0.0,0.0,0.0,1.0,5.03
STU-14937,0.6785347072400738,-0.34875828001247894,0.06850180890153568,-0.6262902374097405,0.8,-0.20589390962671916,1.0500863557858378,1.0,0.0,0.0,0.0,1.0,0.0,0.0,4.37
STU-13006,1.0674298044487034,1.0623345717266302,0.7908418183559144,-0.6099212479342652,0.8,1.0860510805500987,1.0408750719631552,0.0,1.0,0.0,0.0,0.0,0.0,1.0,5.6
STU-11569,0.13685939327091098,1.0623345717266302,0.02323254400385046,0.6341219522018882,0.6,1.6974459724950886,1.1905584340817505,1.0,0.0,0.0,0.0,1.0,0.0,0.0,4.35
STU-14629,0.2757504994168507,-0.46012253256826385,0.11869164607070962,1.468940415451149,-1.0,0.047151277013752574,-0.35002878526194586,0.0,1.0,0.0,1.0,0.0,0.0,0.0,4.08
STU-10865,0.08130295081253533,0.0,-0.05746484124854677,1.0515311838265176,0.8,-0.13202357563850686,-0.4951065054691998,0.0,1.0,0.0,0.0,0.0,0.0,1.0,5.24
STU-11920,-0.5020396950004083,-0.7396108825308471,-0.1824473769443312,2.1482534786833907,-0.4,-0.3677799607072692,2.1715601611974673,1.0,0.0,0.0,0.0,1.0,0.0,0.0,3.63
STU-14957,0.0,1.0623345717266302,0.13640570624806422,-0.8390871005909244,0.4,1.318664047151277,-0.33160621761658027,0.0,1.0,0.0,0.0,0.0,0.0,1.0,4.66
STU-11096,-0.5992634693025648,1.0623345717266302,0.11672341716211497,-0.49533832160593483,-0.8,1.268369351669941,0.048359240069084625,1.0,0.0,0.0,0.0,1.0,0.0,0.0,4.55
STU-12907,0.9840951407611392,-0.4213246639359264,-0.093877076057554,-0.7572421532135463,0.8,0.3332023575638509,0.3062751871042027,1.0,0.0,0.0,0.0,1.0,0.0,0.0,4.81
STU-14760,0.48408715863575846,0.16854663508536166,-0.6243147669239164,0.830549825907596,1.0,-0.5092337917485267,0.03223949337938989,1.0,0.0,1.0,0.0,0.0,0.0,0.0,4.11
STU-14594,0.6368673753962918,-0.7568543797007747,1.3985107533152335e-15,1.6899217733700707,-1.0,-0.05500982318271115,-0.234887737478411,0.0,1.0,0.0,0.0,0.0,0.0,1.0,5.26
STU-12757,-0.30759214639609295,1.0623345717266302,-0.14406691322672793,0.6668599311528396,2.0,0.5422396856581535,-0.5757052389176742,0.0,1.0,1.0,0.0,0.0,0.0,0.0,4.28
STU-10722,-0.4881505843858135,-1.0471199153945634,-0.7886618807916022,-1.264680826953293,0.6,-0.7607072691552064,-0.9303396660909615,1.0,0.0,1.0,0.0,0.0,0.0,0.0,3.77
STU-12464,-0.0020317128750275202,-0.683569516728581,-1.6241750524901961,-0.8963785637550896,0.2,-0.4463654223968566,-0.17271157167530227,1.0,0.0,0.0,0.0,0.0,1.0,0.0,3.51
STU-14140,-0.0020317128750275202,0.2806293666898939,-0.694186893179041,-2.2140822165308833,0.0,0.8895874263261301,0.0,0.0,1.0,0.0,0.0,0.0,0.0,1.0,3.86
STU-11351,1.5118813441157073,0.17285750937784383,0.9581412755864929,-1.1337289111494873,1.0,0.2954813359528489,-0.20495106505469196,1.0,0.0,0.0,0.0,1.0,0.0,0.0,5.29
STU-13570,0.09519206142713017,0.11466070642933661,1.5043247977216152,-0.41349337422855664,0.6,0.0,0.07599309153713302,1.0,0.0,0.0,0.0,0.0,0.0,1.0,3.43
STU-12554,-1.5992794335533265,-2.223270118193403,-1.0179605486429237,-1.412001732232574,-1.0,-1.0153241650294698,-0.02072538860103624,1.0,0.0,0.0,0.0,0.0,0.0,1.0,2.37
STU-12568,-0.7937110179068801,-0.08507646912232962,0.12558044725079157,0.33129564690558766,-0.4,-0.7528487229862477,0.19573978123200936,1.0,0.0,0.0,1.0,0.0,0.0,0.0,2.96
STU-13075,-0.6964872436047225,-0.4967649640543612,0.3164986513845113,2.483817762930641,0.4,-0.3096267190569746,2.065630397236615,0.0,1.0,0.0,0.0,0.0,1.0,0.0,4.77
STU-11086,-1.446499216792793,-1.2159624918501082,-0.13914634095524062,-0.822718111115449,-0.8,-1.0027504911591356,0.7461139896373057,1.0,0.0,0.0,0.0,0.0,0.0,1.0,2.72
STU-12161,-0.9742694558966007,-0.13177760729088506,0.12459633279649496,-0.31527943737570235,0.4,-0.056581532416502864,0.24409902130109398,1.0,0.0,0.0,0.0,0.0,1.0,0.0,3.46
STU-13286,1.400768459198956,-0.5571172041491095,-0.6154577368352397,-0.659028216360692,-0.4,0.6444007858546169,-0.7714450201496834,1.0,0.0,0.0,0.0,0.0,0.0,1.0,3.83
STU-12258,-0.2103683720939365,1.0623345717266302,0.02323254400385046,0.32311115216785,0.6,1.5512770137524559,-0.8198042602187681,0.0,1.0,0.0,0.0,0.0,0.0,1.0,5.0
STU-10170,0.48408715863575846,-0.3573800285974433,0.31846688029310594,2.9503339629816985,0.2,-0.031434184675834864,-0.05987334484743807,1.0,0.0,0.0,0.0,0.0,0.0,1.0,4.16
STU-13635,0.8452040346152008,1.0623345717266302,-1.4913196011600303,0.0,0.6,0.33948919449901777,0.6493955094991364,0.0,1.0,0.0,0.0,0.0,0.0,1.0,5.88
STU-10404,-0.7242654648339096,-1.5895715971985487,0.3617679162821965,-0.822718111115449,-0.6,-0.3536345776031435,1.6004605641911345,0.0,1.0,0.0,0.0,0.0,0.0,1.0,3.58
STU-10524,-0.668709022375534,-0.41413987344845576,0.9473160165892202,-1.035514974296633,0.8,0.09430255402750487,-0.5365572826712723,1.0,0.0,0.0,0.0,0.0,1.0,0.0,3.94
STU-13799,-2.43262607042896,0.0,-1.275798535668874,1.4280179417624592,0.8,-0.2420432220039292,-0.04145077720207248,0.0,1.0,0.0,0.0,0.0,0.0,1.0,2.19
STU-14443,0.011857397739566082,1.0623345717266302,0.47494107852641165,1.6326303102059054,0.2,0.9838899803536347,0.2855497985031665,1.0,0.0,0.0,0.0,0.0,0.0,1.0,4.9
STU-10866,1.400768459198956,-0.613877049000122,1.5043247977216152,-0.02063762681713957,0.4,0.20432220039292745,0.44905008635578597,1.0,0.0,0.0,0.0,0.0,1.0,0.0,4.67
STU-10772,0.0,1.0623345717266302,1.5043247977216152,-1.723012532266612,0.4,-0.35520628683693517,0.42141623488773755,0.0,1.0,0.0,0.0,0.0,1.0,0.0,4.9
STU-12482,0.1507485038855058,-1.2224288032888313,-0.6420288271012724,2.0500395418305355,1.0,0.17917485265225946,-0.16350028785261947,0.0,1.0,0.0,0.0,1.0,0.0,0.0,4.67
STU-12770,0.34519605248981994,-0.5944781146839533,1.0408068897474847,-0.2661724689492756,0.0,-0.35992141453831034,1.25503742084053,1.0,0.0,0.0,1.0,0.0,0.0,0.0,4.27
STU-14219,0.9979842513757329,0.6147221243572486,1.5043247977216152,-0.15158954262094526,0.8,-0.11630648330058944,0.02533103051237774,0.0,1.0,0.0,0.0,0.0,1.0,0.0,5.58
STU-11671,1.2896555742822047,1.0623345717266302,1.5043247977216152,-0.7981646269022353,0.6,1.119056974459725,-0.33160621761658027,1.0,0.0,0.0,0.0,0.0,0.0,1.0,5.37
STU-14101,-0.6409308011463468,0.12615637120928838,-0.5524744117601986,0.17579024688856823,0.2,-0.1100196463654223,-0.9349453080023029,1.0,0.0,0.0,1.0,0.0,0.0,0.0,3.0
STU-13809,0.2896396100314443,-0.4852692992744095,-1.1409748554301136,1.493493899664362,1.6,0.5312377210216113,0.03223949337938989,1.0,0.0,0.0,0.0,0.0,1.0,0.0,4.04
STU-11886,0.5813109329379161,-0.6383053366575202,-0.5859343032063131,0.7814428574811692,1.0,-0.36620825147347746,2.772596430627519,0.0,1.0,1.0,0.0,0.0,0.0,0.0,3.88
STU-12391,-0.5159288056150019,-1.2878103967248082,-0.2178754972990418,-0.9536700269192547,-1.0,-0.4982318271119844,0.26021876799078875,0.0,1.0,0.0,0.0,0.0,0.0,1.0,4.38
STU-13206,0.4701980480211648,-0.32001911806259853,-0.9047873863987099,0.200343731101782,1.0,0.3850687622789786,-0.6516983304548072,0.0,1.0,1.0,0.0,0.0,0.0,0.0,4.9
STU-10447,-0.4464832525420327,1.0623345717266302,1.5043247977216152,-0.2579879742115372,-0.4,0.793713163064833,1.4738054116292458,1.0,0.0,0.0,0.0,0.0,0.0,1.0,5.36
STU-11538,-0.7381545754485045,0.016229076750997207,0.4178624401771544,-1.2810498164287683,0.4,-0.20432220039292717,-0.5734024179620035,1.0,0.0,0.0,0.0,0.0,0.0,1.0,3.75
STU-13402,0.0,0.11034983213685444,1.3985107533152335e-15,-1.2974188059042444,0.0,0.3866404715127703,-0.009211283822682796,1.0,0.0,0.0,0.0,0.0,0.0,1.0,3.72
STU-13754,1.7202180033346162,1.0623345717266302,1.5043247977216152,-1.3137877953797197,0.0,2.109233791748527,0.07369027058146237,1.0,0.0,0.0,0.0,0.0,0.0,1.0,5.33
STU-10200,0.7896475921568251,1.0623345717266302,0.4444335304431884,-0.1843275215718967,0.0,1.0844793713163068,-0.17731721358664357,0.0,1.0,1.0,0.0,0.0,0.0,0.0,4.88
STU-12845,-1.946507198918174,-1.3797757149644243,-1.9636945392228387,-0.5280763005568863,-0.2,-1.4365422396856584,-0.12435233160621764,0.0,1.0,0.0,0.0,0.0,1.0,0.0,2.08
STU-10669,1.234099131823829,0.2044705875227117,-1.5779216731382113,-0.3070949426379647,1.0,-0.2090373280943026,-0.356937248128958,0.0,1.0,0.0,0.0,0.0,0.0,1.0,4.82
STU-14844,-1.2242734469592904,-0.37893440005985307,-1.3742099810986257,-1.6739055638401854,-1.0,-0.275049115913556,-0.8543465745538286,1.0,0.0,0.0,0.0,0.0,1.0,0.0,3.18
STU-11637,-0.877045681594443,-0.45221926303204685,0.614685331036658,0.6832289206283149,-0.4,-0.20275049115913546,-0.5411629245826137,0.0,1.0,1.0,0.0,0.0,0.0,0.0,3.58
STU-13758,-1.0992714514279456,-1.3424148044295805,-0.3369533462690409,-1.3956327427570985,1.6,-0.6899803536345777,-0.5411629245826137,1.0,0.0,0.0,1.0,0.0,0.0,0.0,2.45
STU-12992,0.8729822558443879,-0.3480398009637316,1.5043247977216152,-1.518400163823166,0.8,1.1300589390962672,0.2671272308578009,1.0,0.0,0.0,0.0,0.0,1.0,0.0,5.28
STU-11558,-0.5159288056150019,1.0623345717266302,-0.5751090442090405,0.5522770048245093,-0.6,0.16660117878192546,0.2556131260794474,1.0,0.0,0.0,0.0,0.0,1.0,0.0,4.06
STU-10022,0.3174178312606327,0.6441797653558764,1.3281683104023587,0.6177529627264121,0.0,-0.09273084479371316,-0.4237190558434082,1.0,0.0,0.0,0.0,0.0,0.0,1.0,4.87
STU-10976,0.1924158357292866,0.0,-0.8644386937725106,0.7568893732679555,-0.8,-0.35049115913556006,1.0316637881404722,1.0,0.0,1.0,0.0,0.0,0.0,0.0,3.07
STU-13866,-0.015920823489621122,-0.37965287910859946,0.7406519811867405,0.18397474162630664,0.0,-0.16502946954813347,0.8497409326424873,1.0,0.0,0.0,1.0,0.0,0.0,0.0,3.8
STU-11824,1.0674298044487034,0.7900310122515165,0.7229379210093859,-1.2483118374778168,-1.0,0.4542239685658155,-0.09211283822682775,1.0,0.0,0.0,0.0,0.0,0.0,1.0,4.75
STU-14974,-1.085382340813352,-0.878995817987765,-0.9362790489362298,0.6177529627264121,0.6,-0.7245579567779961,-0.3246977547495683,0.0,1.0,1.0,0.0,0.0,0.0,0.0,3.39
STU-13511,-0.39092681008365704,-0.7424847987258355,-0.44914239405895806,-0.6672127110984296,-0.2,-1.1284872298624755,0.0,0.0,1.0,0.0,0.0,1.0,0.0,0.0,3.24
STU-11586,-0.2103683720939365,0.7842831798615406,-0.9343108200276352,-2.4432480691875433,-1.0,0.36620825147347746,-0.46286701208981,1.0,0.0,0.0,0.0,0.0,1.0,0.0,4.23
STU-13680,-1.3909427743344174,-2.2785930049469223,0.8784280047883937,-0.3070949426379647,0.0,-1.5072691552062871,0.8543465745538286,1.0,0.0,0.0,0.0,0.0,0.0,1.0,3.46
STU-12269,-0.04369904471880956,-0.6102846537563872,0.03504191745541973,0.0,1.2,-0.025147347740668003,-0.25561312607944725,1.0,0.0,0.0,1.0,0.0,0.0,0.0,3.01
STU-10230,-0.3631485888544686,1.0623345717266302,0.30173693457004797,-0.7736111426890223,-1.0,1.5544204322200394,0.9464594127806565,1.0,0.0,0.0,0.0,0.0,0.0,1.0,4.08
STU-12591,1.1646535787508598,0.47102631460784844,-0.23755778638499245,-0.2743569636870133,0.4,-0.24047151277013745,-0.42141623488773744,0.0,1.0,0.0,0.0,1.0,0.0,0.0,5.0
STU-11981,0.8868713664589816,1.0623345717266302,0.996521739304096,0.9205792680227133,-1.0,1.068762278978389,-0.7322970639032815,1.0,0.0,0.0,0.0,1.0,0.0,0.0,5.38
STU-13009,-2.307624074897615,-1.7900272517989622,-1.3643688365556512,0.7077824048415287,1.6,-1.2495088408644404,1.5244674726540015,1.0,0.0,0.0,0.0,0.0,0.0,1.0,1.92
STU-11191,-0.3631485888544686,0.751233143619179,1.3985107533152335e-15,0.0,0.8,-0.12416502946954802,0.5964306275187107,1.0,0.0,1.0,0.0,0.0,0.0,0.0,4.72
STU-10639,-0.4742614737712199,-1.1850678927539877,-0.07813124478879403,1.346172994385081,0.2,-1.7304518664047155,0.6563039723661488,0.0,1.0,0.0,0.0,0.0,0.0,1.0,2.89
STU-10517,-1.0992714514279456,-0.27475493799153783,-0.7611066760712715,-0.33983292158891615,1.0,0.15245579567779974,-0.5043177892918826,1.0,0.0,0.0,1.0,0.0,0.0,0.0,3.19
STU-10612,0.6924238178546674,-0.8107403083567998,-0.7994871397888748,0.5931994785131991,0.4,-1.2715127701375248,-0.2302820955670697,0.0,1.0,0.0,0.0,1.0,0.0,0.0,2.62
STU-11057,-0.4742614737712199,-0.34372892667124944,-0.3241598583631736,-1.3547102690684094,-1.0,-0.6789783889980354,-0.9142199194012667,1.0,0.0,1.0,0.0,0.0,0.0,0.0,2.99
STU-14712,-1.0992714514279456,-1.2827810433835796,-3.006855860778209,-0.33983292158891615,-0.8,-0.08644400785854602,-0.1174438687392055,1.0,0.0,0.0,1.0,0.0,0.0,0.0,2.23
STU-11831,1.7896635564075856,0.7821277427152995,0.825285824256327,-1.1500979006249632,-0.2,0.7764243614931238,-0.9280368451352907,1.0,0.0,1.0,0.0,0.0,0.0,0.0,4.84
STU-12793,-0.09925548717718521,-1.159921126047843,-0.7522496459825949,-0.41349337422855664,0.0,-1.6047151277013754,-0.33621185952792176,1.0,0.0,0.0,0.0,0.0,0.0,1.0,3.42
STU-14022,1.2896555742822047,-0.9163567285226099,-0.31628694272879365,0.5031700363980824,-1.0,-0.5611001964636544,2.054116292458262,1.0,0.0,1.0,0.0,0.0,0.0,0.0,3.77
STU-10298,1.4563249016573316,-0.5901672403914711,-0.8910097840385446,-1.5756916269873311,-1.0,0.40392927308447946,-0.17731721358664357,1.0,0.0,0.0,0.0,0.0,0.0,1.0,4.51
STU-13989,-0.6131525799171597,0.4394132364629806,0.36668848855368386,0.25763519426594716,-1.0,-0.05500982318271115,-0.09211283822682775,1.0,0.0,1.0,0.0,0.0,0.0,0.0,3.64
STU-12318,1.7896635564075856,1.0623345717266302,1.1697258832604585,-0.9454855321815171,1.2,1.4129666011787823,-0.36614853195164077,1.0,0.0,0.0,0.0,0.0,0.0,1.0,6.06
STU-10512,0.08130295081253533,-2.0055709664230625,-2.1329622253620126,1.6489992996813807,0.2,-0.9964636542239688,-0.0805987334484743,0.0,1.0,0.0,1.0,0.0,0.0,0.0,2.66
STU-10458,-0.7242654648339096,0.003296453873551729,-1.2915443669376339,-0.2907259531624886,-0.2,0.09744597249508859,-0.32239493379389744,0.0,1.0,0.0,0.0,0.0,0.0,1.0,4.03
STU-12931,0.5813109329379161,0.0,0.30960985020442794,-1.9030714164968452,-0.2,0.0,-0.3914795624640185,1.0,0.0,0.0,1.0,0.0,0.0,0.0,5.28
STU-13746,1.1368753575216726,1.0623345717266302,1.1766146844405418,1.2315900680567506,-1.0,1.046758349705305,-0.29015544041450775,0.0,1.0,1.0,0.0,0.0,0.0,0.0,5.32
STU-10688,1.0674298044487034,-1.2504494861899644,0.3784978620052545,-0.028822121554877973,-0.2,-0.47151277013752463,0.6493955094991364,0.0,1.0,0.0,0.0,0.0,0.0,1.0,4.0
STU-13877,1.4285466804281444,1.0623345717266302,1.4620078761868212,-1.641167584889234,-0.4,0.0,-0.6125503742084053,1.0,0.0,0.0,0.0,0.0,0.0,1.0,5.67
STU-12408,-1.5992794335533265,1.0623345717266302,-1.251195674311436,-0.1434050478832076,-0.4,-0.40078585461689575,0.10592976396085205,1.0,0.0,1.0,0.0,0.0,0.0,0.0,3.2
STU-11341,-0.07147726594799676,1.0623345717266302,0.1314851339765769,0.0,-0.2,1.0640471512770142,-0.7000575705238918,0.0,1.0,0.0,0.0,1.0,0.0,0.0,5.75
STU-11287,1.150764468136266,-1.95096655871829,0.14427862188244558,-1.2810498164287683,0.0,-0.15245579567779974,0.37075417386298226,0.0,1.0,0.0,0.0,0.0,1.0,0.0,4.18
STU-12246,1.081318915063297,1.0623345717266302,1.434452671466492,-0.659028216360692,0.4,0.9320235756385072,0.5734024179620034,1.0,0.0,1.0,0.0,0.0,0.0,0.0,5.5
STU-10895,0.5674218223233225,-0.7209304272634247,1.1303613050885586,-0.9864080058702062,-0.4,0.13831041257367402,-0.8451352907311458,0.0,1.0,0.0,0.0,0.0,1.0,0.0,5.04
STU-14505,1.5813268971886765,-0.39114854388855225,1.3985107533152335e-15,-0.12703605840773224,0.4,0.7654223968565815,-1.2204951065054694,0.0,1.0,0.0,0.0,0.0,0.0,1.0,4.98
STU-10715,0.10908117204172377,0.0600562987245642,0.453290560531865,0.977870731186877,-0.6,-0.46365422396856576,2.6850892343120325,0.0,1.0,0.0,0.0,1.0,0.0,0.0,3.95
STU-10617,-1.7520596503138586,-1.8108631442126253,-0.8890415551299485,-1.0846219427230603,-1.0,-0.532809430255403,-0.6033390903857225,1.0,0.0,1.0,0.0,0.0,0.0,0.0,3.0
STU-10289,0.0,-1.1850678927539877,-1.4303045049935836,0.1430522679376168,-0.6,-0.037721021611002006,0.5388601036269433,0.0,1.0,1.0,0.0,0.0,0.0,0.0,3.77
STU-14868,-0.8631565709798494,0.5256307223126209,-0.45111062296755405,-0.6835817005739057,1.6,-0.35049115913556006,0.274035693724813,1.0,0.0,1.0,0.0,0.0,0.0,0.0,4.08
STU-11811,0.23408316757306866,1.0623345717266302,0.3529108861935185,0.3067421626923739,1.4,0.5846758349705307,0.02533103051237774,1.0,0.0,0.0,1.0,0.0,0.0,0.0,4.02
STU-14302,1.0257624726049213,1.0623345717266302,1.2868355033218644,2.1073310049947005,-0.2,0.5768172888015718,0.2510074841681059,1.0,0.0,0.0,0.0,1.0,0.0,0.0,4.85
STU-10464,-1.9603963095327674,-2.2872147535318863,-0.5672361285746605,-0.2825414584247509,-0.8,0.0,-0.6493955094991365,1.0,0.0,0.0,0.0,0.0,0.0,1.0,2.37
STU-10278,1.4424357910427381,0.9013952648073025,0.2417059528578994,-1.4774776901344768,-1.0,0.13988212180746573,1.966609096142775,0.0,1.0,0.0,1.0,0.0,0.0,0.0,4.94
STU-13690,-0.9048239028236315,-0.24242338079792258,1.045727462018972,-0.9127475532305657,-0.6,-1.295088408644401,-1.017846862406448,0.0,1.0,0.0,0.0,0.0,0.0,1.0,3.77
STU-14064,0.5674218223233225,1.017788870704316,-0.6193941946524291,-1.2810498164287683,1.2,0.1241650294695483,1.3632700057570528,1.0,0.0,0.0,0.0,1.0,0.0,0.0,4.66
STU-14128,-1.529833880480356,-2.770032674289871,-1.292528481391932,-0.6508437216229542,-0.4,-0.42593320235756377,-0.8267127230857801,1.0,0.0,1.0,0.0,0.0,0.0,0.0,2.58
STU-11910,0.2618613888022571,1.0623345717266302,1.5043247977216152,-0.1352205531454699,0.0,1.0939096267190571,0.0,1.0,0.0,0.0,0.0,0.0,0.0,1.0,5.72
STU-13355,0.33130694187522636,0.0,-0.5701884719375532,-0.7572421532135463,0.0,-0.6019646365422398,0.508923431203224,0.0,1.0,0.0,0.0,1.0,0.0,0.0,2.88
STU-11474,0.6368673753962918,1.0623345717266302,1.3985107533152335e-15,-0.6344747321474782,0.6,-0.1713163064833006,-0.4375359815774324,0.0,1.0,0.0,0.0,1.0,0.0,0.0,4.77
STU-11852,-1.1548278938863212,-1.2511679652387118,-1.2620209333087087,1.4362024365001969,-1.0,-0.12259332023575631,0.029936672423719037,0.0,1.0,1.0,0.0,0.0,0.0,0.0,4.52
STU-13812,-0.9048239028236315,-0.23164619506671819,1.5043247977216152,-0.42167786896629433,-0.8,-0.669548133595285,-0.6701208981001727,0.0,1.0,0.0,0.0,0.0,1.0,0.0,4.5
STU-11847,0.7063129284692611,1.0623345717266302,1.5043247977216152,0.012100352133811124,0.4,1.2306483300589393,1.3632700057570528,0.0,1.0,0.0,1.0,0.0,0.0,0.0,5.06
STU-11397,1.7896635564075856,1.0623345717266302,1.5043247977216152,-1.7311970270043504,0.8,2.2003929273084486,-0.33160621761658027,1.0,0.0,0.0,1.0,0.0,0.0,0.0,6.08
STU-12747,-0.7242654648339096,-0.8100218293080534,-1.2659573911258992,0.7650738680056939,-1.0,-0.3897838899803538,-0.8359240069084629,1.0,0.0,0.0,0.0,0.0,0.0,1.0,2.65
STU-12003,-0.3770376994690622,-1.6226216334409107,0.013391399460874436,1.8945341418135169,0.6,-0.7559921414538311,-0.538860103626943,1.0,0.0,0.0,0.0,0.0,0.0,1.0,3.11
STU-13906,-1.5992794335533265,-0.14471023016833054,-0.1696538890384639,0.0,0.0,-0.8833005893909628,-0.45826137017846863,1.0,0.0,1.0,0.0,0.0,0.0,0.0,2.56
STU-13394,-0.41870503131284426,-0.7942152902356195,0.48084576525219563,0.200343731101782,0.6,-0.40392927308447946,-0.5826137017846863,0.0,1.0,0.0,1.0,0.0,0.0,0.0,3.96
STU-11305,-1.696503207855483,-2.5760433311281807,-1.3417342041068079,-1.1500979006249632,0.8,-0.8722986247544205,0.13356361542890044,1.0,0.0,0.0,0.0,0.0,1.0,0.0,2.47
STU-13713,-1.779837871543047,-0.8495381769891382,-1.6979836365625098,-0.822718111115449,0.4,-1.0499017681728882,0.4283246977547497,1.0,0.0,0.0,0.0,1.0,0.0,0.0,2.58
STU-14819,-0.04369904471880956,-2.9079806516492948,-0.8929780129471393,-1.7966729849062533,-0.4,-1.7304518664047155,-0.9786989061600462,1.0,0.0,0.0,0.0,0.0,0.0,1.0,1.74
STU-13271,0.6507564860108854,1.0623345717266302,0.8872850348770717,-1.3547102690684094,0.6,0.28762278978389005,-0.584916522740357,0.0,1.0,0.0,1.0,0.0,0.0,0.0,4.67
STU-10677,-0.3353703676252814,0.8496647732975184,0.7219538065550879,-0.5035228163436732,-0.2,0.7811394891944993,0.1128382268278642,0.0,1.0,0.0,0.0,1.0,0.0,0.0,5.28
STU-12115,0.6924238178546674,1.0623345717266302,0.8115082218961617,-1.346525774330671,-0.2,1.2966601178781931,-0.06217616580310872,1.0,0.0,0.0,1.0,0.0,0.0,0.0,5.64
STU-13411,0.7896475921568251,-0.02616118712507607,0.49954393988384965,1.223405573319013,0.6,0.2451866404715129,0.5434657455382845,0.0,1.0,0.0,0.0,1.0,0.0,0.0,4.61
STU-10516,-0.8076001285214738,-0.8093033502593061,-1.8318232023469723,0.4049560995452282,-1.0,-1.5669941060903734,-0.7438111686816351,1.0,0.0,0.0,0.0,0.0,1.0,0.0,3.24
STU-11743,0.6090891541671046,1.0623345717266302,0.0025661404636017904,1.4853094049266244,0.8,0.8078585461689587,-0.881980426021877,0.0,1.0,0.0,0.0,1.0,0.0,0.0,5.16
STU-14519,0.0,-2.1471113390262215,-1.0720868436292883,3.0321789103590784,0.8,-0.8220039292730845,0.4191134139320669,1.0,0.0,0.0,0.0,1.0,0.0,0.0,2.46
STU-12084,-0.39092681008365704,-0.7439217568233293,-0.09289296160325737,-0.6099212479342652,0.4,0.03300589390962686,-0.7023603914795625,1.0,0.0,0.0,0.0,0.0,1.0,0.0,2.6
STU-13004,0.22019405695847505,-1.1663874374865653,0.8538251434309556,-0.4462313531795081,-0.8,-0.9398821218074657,0.34542314335060453,1.0,0.0,0.0,1.0,0.0,0.0,0.0,3.89
STU-14404,-1.5576121017095443,-0.2697255846503093,-1.767855762817633,-1.8294109638572047,0.0,-1.2306483300589393,-0.8497409326424872,1.0,0.0,0.0,0.0,0.0,0.0,1.0,2.25
STU-11194,-0.8909347922090366,0.5881383995536102,1.2533756118757482,0.0,1.0,0.3850687622789786,0.0,1.0,0.0,0.0,0.0,0.0,0.0,1.0,4.23
STU-10171,0.8313149240006059,1.0623345717266302,1.5043247977216152,-0.3480174163266538,-0.4,1.0420432220039295,-0.8566493955094993,1.0,0.0,0.0,0.0,0.0,0.0,1.0,5.04
STU-12949,-1.1826061151155085,0.0,0.48182987970649366,-0.5280763005568863,8.4,-1.4601178781925346,-0.36154289004029927,0.0,1.0,0.0,0.0,1.0,0.0,0.0,3.32
STU-11680,-1.8492834246160161,-1.0025742143722491,-0.1991773226673892,2.401972815553263,-0.2,-0.6113948919449904,0.14277489925158324,1.0,0.0,0.0,0.0,1.0,0.0,0.0,3.65
STU-14220,-2.307624074897615,-2.909417609746789,-1.394876384638873,0.2740041837414225,-0.2,-1.7304518664047155,1.5843408175014395,1.0,0.0,0.0,0.0,0.0,0.0,1.0,2.51
STU-12024,-1.5576121017095443,-0.9989818191285142,-0.3723814666237515,1.5835233417794778,-0.8,-0.5218074656188606,0.17962003454231443,1.0,0.0,0.0,0.0,0.0,1.0,0.0,2.81
STU-12315,-3.00207960562731,0.0,-0.708948609993503,-1.6575365743647092,0.6,-0.5846758349705307,-0.8359240069084629,1.0,0.0,0.0,0.0,0.0,1.0,0.0,2.41
STU-11730,0.6646455966254802,1.0623345717266302,0.3194509947474026,0.2740041837414225,0.6,0.8392927308447942,-0.12665515256188828,1.0,0.0,0.0,0.0,1.0,0.0,0.0,5.05
STU-14853,0.12297028265631738,-1.2145255337526144,1.3985107533152335e-15,1.1415606259416349,0.4,-1.4318271119842831,2.054116292458262,0.0,1.0,0.0,0.0,0.0,1.0,0.0,3.55
STU-10442,1.7063288927200226,1.0623345717266302,-0.21492315393614914,-0.7245041742625948,0.2,0.795284872298625,-0.5411629245826137,1.0,0.0,0.0,0.0,0.0,1.0,0.0,5.22
STU-13082,-0.19647926147934167,0.10316504164938485,-0.6961551220876356,-0.5117073110814109,-1.0,0.47151277013752463,0.1082325849165227,1.0,0.0,1.0,0.0,0.0,0.0,0.0,4.17
STU-13893,-0.2381465933231237,0.15130313791543298,0.10097758589335362,-0.037006616292615646,-0.4,-0.28447937131630663,0.9625791594703514,1.0,0.0,0.0,0.0,0.0,1.0,0.0,4.78
STU-12706,-0.05758815533340317,-0.6799771214848461,-1.5907151610440802,0.1184987837244038,-1.0,-0.8675834970530453,0.518134715025907,1.0,0.0,0.0,0.0,0.0,1.0,0.0,2.96
STU-11561,-0.43259414192743784,-1.95815134920576,-2.8011759398300273,0.2740041837414225,1.4,-0.982318271119843,0.08520437535981581,0.0,1.0,0.0,1.0,0.0,0.0,0.0,2.24
STU-13675,0.7063129284692611,-1.3898344216468823,-1.1183402229812716,-1.534769153298642,0.8,-0.4620825147347741,-0.5020149683362118,0.0,1.0,0.0,0.0,0.0,1.0,0.0,3.02
STU-13630,-0.04369904471880956,-0.18063418260568057,0.42967181362872503,0.470432057447131,-0.2,0.1210216110019646,-0.5549798503166379,1.0,0.0,0.0,0.0,1.0,0.0,0.0,4.59
STU-11444,-1.0020476771257878,-2.996353574645176,-0.9697389403823459,-0.06974459524356708,0.4,-0.9430255402750493,0.039147956246401834,1.0,0.0,0.0,0.0,0.0,0.0,1.0,2.1
STU-14341,-1.0992714514279456,0.1642357607928795,-0.11552759405209928,0.9369482574981887,-1.0,-0.9917485265225934,-0.6447898675877951,0.0,1.0,0.0,0.0,0.0,0.0,1.0,3.69
STU-12429,-0.26592481455231215,1.0623345717266302,-0.09682941942044666,0.25763519426594716,-0.4,0.8172888015717096,0.10132412204951076,0.0,1.0,0.0,0.0,0.0,1.0,0.0,5.21
STU-10936,1.1090971362924842,0.8927735162223381,1.5043247977216152,-0.5853677637210514,0.0,0.3049115913555992,-0.386873920552677,0.0,1.0,0.0,0.0,0.0,1.0,0.0,4.84
STU-11031,-0.6409308011463468,0.0,-0.9313584766647426,-0.012453132079401899,0.4,0.0,-0.22797927461139905,1.0,0.0,0.0,0.0,0.0,1.0,0.0,3.02
STU-13051,1.567437786574083,1.0623345717266302,1.3655646596656654,-0.5280763005568863,0.4,2.9579567779960714,0.13356361542890044,1.0,0.0,0.0,0.0,0.0,0.0,1.0,5.11
STU-11798,0.49797626925035327,0.3769055592219912,-0.39206375570970214,0.8551033101208104,1.6,0.3944990176817289,-0.3937823834196892,1.0,0.0,0.0,0.0,1.0,0.0,0.0,4.2
STU-13880,0.0,-0.5736422222702898,-0.9854847716511058,0.5768304890377229,0.0,0.36149312377210235,1.7086931491076573,0.0,1.0,0.0,0.0,0.0,1.0,0.0,3.77
STU-11525,-1.0992714514279456,0.09526177211316789,1.2346774372440956,-1.0191459848211575,0.4,-0.938310412573674,1.4047207829591253,0.0,1.0,1.0,0.0,0.0,0.0,0.0,3.96
STU-13964,1.0952080256778904,-0.5226302098092532,0.842999884433683,0.5440925100867715,-0.2,0.056581532416502864,-0.06447898675877957,1.0,0.0,1.0,0.0,0.0,0.0,0.0,4.78
STU-14827,0.02574650835416092,-2.392831173697696,-0.7325673568966442,-2.0012853533496995,1.0,-1.3721021611001967,-0.17271157167530227,0.0,1.0,0.0,0.0,1.0,0.0,0.0,2.98
STU-10613,-0.1270337084063724,1.0623345717266302,0.9758553357638474,-0.5280763005568863,-0.4,1.2903732809430255,-0.12895797351755894,1.0,0.0,0.0,0.0,0.0,1.0,0.0,4.47
STU-11559,-1.5437229910949508,1.0623345717266302,-1.0622456990863123,0.7568893732679555,-0.4,0.5721021611001966,-0.30397236614853185,0.0,1.0,0.0,0.0,0.0,1.0,0.0,3.93
STU-14281,-0.5714852480733775,0.8460723780537827,1.5043247977216152,-0.176143026834159,1.0,1.3422396856581535,-0.2302820955670697,1.0,0.0,0.0,0.0,1.0,0.0,0.0,5.61
STU-10452,-0.3353703676252814,-0.7769717930656909,-0.5967595622035857,-0.4707848373927218,1.6,-1.3831041257367391,-0.7161773172135867,1.0,0.0,0.0,0.0,0.0,0.0,1.0,3.44
STU-11934,-0.39092681008365704,1.0623345717266302,0.24859475403798137,0.06120732056023862,-1.0,0.5060903732809432,-0.3753598157743236,1.0,0.0,0.0,0.0,0.0,0.0,1.0,4.67
STU-13363,0.9563169195319521,1.0623345717266302,0.8243017098020304,0.5440925100867715,-0.4,0.993320235756385,0.5296488198042603,1.0,0.0,0.0,0.0,0.0,1.0,0.0,5.07
STU-12715,-0.2103683720939365,-0.340855010476262,-1.0425634100003616,-0.2170655005228481,-1.0,-0.2216110019646366,-0.5664939550949915,1.0,0.0,0.0,0.0,0.0,0.0,1.0,3.84
STU-13484,-0.7242654648339096,-0.23236467411546455,1.366548774119962,-0.22524999526058578,0.4,-0.8958742632612968,-0.5826137017846863,1.0,0.0,0.0,0.0,1.0,0.0,0.0,3.83
STU-13668,0.12297028265631738,1.0623345717266302,-0.701075694359123,2.017301562879585,-0.8,0.8298624754420433,-0.13356361542890044,1.0,0.0,0.0,0.0,0.0,1.0,0.0,5.16
STU-12146,-1.0298258983549764,-1.626214028684646,1.3985107533152335e-15,0.1430522679376168,0.2,-0.3300589390962672,0.21876799078871625,1.0,0.0,0.0,0.0,0.0,1.0,0.0,2.79
STU-13415,0.0,-1.8022413956276608,-1.379130553370113,-1.0027769953456815,0.4,-1.4271119842829079,-0.5020149683362118,1.0,0.0,0.0,0.0,0.0,1.0,0.0,2.01
STU-10603,0.16463761450009942,-0.38540071149857635,-0.12635285304937194,-0.8472715953286628,0.4,0.2561886051080552,-0.14968336211859518,1.0,0.0,0.0,0.0,0.0,0.0,1.0,4.23
STU-10766,-0.3214812570106865,-0.31570824377011736,-0.2090184672103638,-0.7163196795248571,1.6,-0.9037328094302556,-0.6908462867012091,0.0,1.0,1.0,0.0,0.0,0.0,0.0,3.39
STU-10380,0.44241982679197767,-0.9113273751813803,-1.2944967103005265,-0.5689987742455761,0.4,-0.21375245579567775,0.04375359815774333,0.0,1.0,0.0,0.0,0.0,1.0,0.0,3.29
STU-13958,1.5257704547303008,1.0623345717266302,1.400992780020376,1.3625419838605564,0.0,-0.10373280943025544,1.8606793321819235,1.0,0.0,0.0,0.0,0.0,1.0,0.0,4.91
STU-13778,0.7202020390838558,0.4911437279727645,0.5330038313299642,0.7568893732679555,-0.8,0.9681728880157175,0.1128382268278642,1.0,0.0,0.0,0.0,0.0,1.0,0.0,5.28
STU-13980,1.5257704547303008,0.6298101843809362,0.48773456643227897,-0.5771832689833137,0.0,-0.11944990176817287,-0.42832469775474963,1.0,0.0,0.0,0.0,0.0,1.0,0.0,5.15
STU-11737,-0.3214812570106865,0.169265114134108,0.06161300772145373,0.25763519426594716,0.0,-0.3756385068762281,0.17040875071963163,1.0,0.0,0.0,0.0,0.0,0.0,1.0,3.44
STU-12675,0.2757504994168507,1.0623345717266302,1.2504232685128556,1.640814804943643,0.4,0.9147347740667976,-0.6908462867012091,1.0,0.0,1.0,0.0,0.0,0.0,0.0,6.09
STU-14338,0.2896396100314443,1.0623345717266302,1.5043247977216152,-0.3807553952776052,0.4,1.2888015717092343,-0.3385146804835924,1.0,0.0,0.0,1.0,0.0,0.0,0.0,4.41
STU-11777,0.7202020390838558,1.0623345717266302,1.0388386608388887,0.42132508902070354,1.2,0.6978388998035364,-0.9487622337363272,0.0,1.0,0.0,0.0,0.0,0.0,1.0,5.34
STU-13619,0.4007524949481956,1.0623345717266302,0.02421665845814708,-0.5035228163436732,-0.4,0.0,-0.5895221646516984,1.0,0.0,0.0,1.0,0.0,0.0,0.0,4.66
STU-12314,-0.41870503131284426,0.0,0.8144605652590544,-1.305603300641982,-0.8,0.8408644400785855,-0.23719055843408185,0.0,1.0,0.0,0.0,0.0,1.0,0.0,4.58
STU-13242,-0.877045681594443,-1.5838237648085727,0.8302063965278157,-0.16795853209642134,1.4,-0.4793713163064832,0.011514104778353443,0.0,1.0,0.0,0.0,1.0,0.0,0.0,3.55
STU-10920,-1.1964952257301034,-1.4257583740842323,-0.4196189604300328,0.20852822583951966,-0.4,-0.9917485265225934,0.6816350028785263,1.0,0.0,1.0,0.0,0.0,0.0,0.0,3.21
STU-10878,0.4285307161773828,1.0623345717266302,0.7937941617188071,-1.8130419743817288,-0.6,0.09587426326129658,2.80944156591825,0.0,1.0,1.0,0.0,0.0,0.0,0.0,5.45
STU-10748,0.34519605248981994,-1.3977376911830994,-1.3594482642841625,-0.8554560900664004,1.0,-0.6664047151277015,1.0846286701208983,0.0,1.0,0.0,0.0,0.0,1.0,0.0,3.57
STU-12841,0.4701980480211648,1.0623345717266302,-0.14111456986383525,-1.3874482480193608,-0.8,0.8330058939096266,0.09902130109384011,0.0,1.0,1.0,0.0,0.0,0.0,0.0,4.22
STU-14275,-0.349259478239875,0.5730503395299227,-1.0120558619171385,-2.1567907533667183,0.4,10.249801115214757,1.0224525043177894,0.0,1.0,0.0,0.0,0.0,0.0,1.0,3.28
STU-12823,-0.6964872436047225,0.20015971323022952,0.9561730466778982,0.1512367626753552,-1.0,0.018860510805501142,1.5705238917674151,1.0,0.0,0.0,0.0,1.0,0.0,0.0,4.55
STU-11646,0.49797626925035327,0.9768355649257373,1.0221087151158306,0.2740041837414225,-0.2,0.0031434184675834306,-0.10362694300518141,1.0,0.0,1.0,0.0,0.0,0.0,0.0,5.34
STU-12167,-1.1409387832717277,-0.8754034227440303,1.3985107533152335e-15,0.977870731186877,-0.2,0.0,-0.5872193436960277,1.0,0.0,0.0,0.0,0.0,1.0,0.0,3.24
STU-11940,-0.5437070268441891,0.7749429522278299,1.5043247977216152,-0.11066706893225617,0.8,1.0781925343811398,0.02302820955670709,0.0,1.0,0.0,0.0,0.0,0.0,1.0,5.29
STU-12720,0.0,1.0623345717266302,0.44344941598889037,-0.2579879742115372,-0.6,-0.3614931237721021,-0.8612550374208406,1.0,0.0,0.0,0.0,0.0,0.0,1.0,4.78
STU-14225,-1.4603883274073866,-1.5529291657124518,0.4759251929807083,0.9123947732849741,0.0,-1.463261296660118,0.08981001727115731,1.0,0.0,0.0,0.0,0.0,1.0,0.0,3.16
STU-13909,0.2757504994168507,0.494017644167753,-0.41371427370424746,1.04334668908878,0.6,0.5485265225933204,0.009211283822682796,1.0,0.0,0.0,0.0,0.0,0.0,1.0,4.01
STU-12559,0.7063129284692611,-1.4458757874491486,0.07047003781013172,1.976379089190895,0.2,-0.6051080550098232,-0.14507772020725387,1.0,0.0,0.0,0.0,0.0,1.0,0.0,4.2
STU-14717,0.5952000435525098,0.4911437279727645,1.5043247977216152,1.6981062681078083,-0.6,0.09587426326129658,0.5388601036269433,1.0,0.0,0.0,0.0,1.0,0.0,0.0,4.63
STU-13119,-0.11314459779177881,0.8748115400036631,-1.0760233014464777,0.5359080153490339,1.2,-0.5312377210216109,1.4254461715601614,1.0,0.0,0.0,0.0,1.0,0.0,0.0,3.3
STU-12383,0.3174178312606327,1.0623345717266302,0.2417059528578994,0.1430522679376168,-0.2,0.4809430255402752,0.9395509499136446,0.0,1.0,0.0,0.0,0.0,0.0,1.0,4.53
STU-10801,-0.3770376994690622,0.12256397596555357,-1.5828422454097002,1.1251916364661594,-0.6,-0.5626719056974461,0.0,0.0,1.0,0.0,1.0,0.0,0.0,0.0,3.56
STU-11832,-0.7798219072922853,-1.080169951636925,0.26237235639814666,0.5031700363980824,-0.8,-0.900589390962672,-0.039147956246401834,1.0,0.0,0.0,0.0,1.0,0.0,0.0,3.26
STU-10929,-0.05758815533340317,0.7102798378405994,0.13345336288517154,1.5016783944020997,0.4,-0.5595284872298626,-0.683937823834197,1.0,0.0,0.0,0.0,0.0,0.0,1.0,3.41
STU-10070,0.4007524949481956,0.7605733712528897,-0.30447756927722297,-0.24980347947379952,-0.4,0.6821218074656192,-0.9349453080023029,0.0,1.0,0.0,1.0,0.0,0.0,0.0,4.44
STU-11100,1.5118813441157073,-0.3415734895250094,0.826269938710625,1.076084668039732,0.0,0.3646365422396858,1.0316637881404722,0.0,1.0,0.0,1.0,0.0,0.0,0.0,5.36
STU-11505,-0.9603803452820071,0.9696507744382666,0.7485248968211204,1.5753388470417402,-0.6,0.5029469548133598,-0.20955670696603346,1.0,0.0,0.0,0.0,0.0,1.0,0.0,4.8
STU-11732,0.9285386983027636,1.0623345717266302,1.5043247977216152,1.1661141101548478,-0.2,0.20746561886051088,0.46286701208981,0.0,1.0,0.0,0.0,0.0,0.0,1.0,6.02
STU-10731,1.7202180033346162,1.0623345717266302,0.8636662879739303,0.9042102785472365,-0.6,0.09744597249508859,-0.8451352907311458,0.0,1.0,0.0,1.0,0.0,0.0,0.0,5.16
STU-10917,0.24797227818766227,0.20878146181519386,-1.0878326748980482,-0.7245041742625948,-0.2,-0.16502946954813347,-0.025331030512377537,0.0,1.0,1.0,0.0,0.0,0.0,0.0,4.83
STU-12835,0.20630494634388147,1.0623345717266302,1.4915313098157479,0.9042102785472365,-0.2,1.17721021611002,0.009211283822682796,0.0,1.0,1.0,0.0,0.0,0.0,0.0,4.48
STU-11626,0.0,1.0623345717266302,-1.9509010513169713,0.470432057447131,-0.2,-0.6616895874263262,-0.9740932642487047,0.0,1.0,0.0,0.0,0.0,0.0,1.0,3.75
STU-12080,1.4424357910427381,-0.6174694442438567,0.6540499092085593,0.15942125741309288,1.2,10.028069503185973,0.4421416234887738,1.0,0.0,0.0,0.0,0.0,1.0,0.0,4.41
STU-10013,1.7896635564075856,1.0623345717266302,1.0526162631990539,1.6080768259926923,1.6,0.6349705304518667,-0.09671848013816925,1.0,0.0,0.0,0.0,1.0,0.0,0.0,5.39
STU-14634,0.33130694187522636,-1.0686742868569732,0.42868769917442706,-0.32346393211344004,0.2,-1.2416502946954815,-0.7276914219919401,1.0,0.0,0.0,0.0,0.0,1.0,0.0,3.41
STU-10900,-1.8909507564597983,0.8784039352473979,-0.09092473269466132,-0.4380468584417704,0.8,-0.11159135559921401,-0.3776626367299942,1.0,0.0,1.0,0.0,0.0,0.0,0.0,3.0
STU-10104,0.91464958768817,1.0623345717266302,0.8036353062617817,1.6162613207304302,-0.6,0.5532416502946955,-0.6010362694300518,0.0,1.0,0.0,0.0,1.0,0.0,0.0,5.01
STU-11656,0.22019405695847505,-0.8840251713289946,1.5043247977216152,-0.6672127110984296,0.8,-0.8188605108055012,-0.568796776050662,1.0,0.0,0.0,0.0,0.0,0.0,1.0,4.4
STU-12617,1.039651583219515,1.0623345717266302,0.14132627851955293,0.7896273522189069,-1.0,1.0263261296660118,-0.4421416234887738,1.0,0.0,1.0,0.0,0.0,0.0,0.0,5.46
STU-10581,0.8590931452297944,1.0623345717266302,1.3380094549453347,1.706290762845546,-0.4,0.7481335952848724,0.0,1.0,0.0,0.0,0.0,0.0,0.0,1.0,5.41
STU-13925,1.7896635564075856,1.0371878050204855,1.4895630809071518,1.1088226469906828,0.8,0.40235756385068777,1.8238341968911922,1.0,0.0,0.0,1.0,0.0,0.0,0.0,5.22
STU-13982,-1.0992714514279456,0.0,-0.6656475740044123,-1.747566016479826,-0.6,0.0,-0.22797927461139905,1.0,0.0,0.0,0.0,0.0,1.0,0.0,3.39
STU-13515,1.0257624726049213,1.0623345717266302,0.5064327410639315,-0.9700390163947301,-1.0,0.2561886051080552,1.1145653425446176,1.0,0.0,0.0,0.0,0.0,1.0,0.0,4.92
STU-11056,-0.6131525799171597,1.0623345717266302,-0.10076587723763734,-0.7163196795248571,0.6,1.0247544204322203,-0.3431203223949339,0.0,1.0,0.0,0.0,0.0,0.0,1.0,4.63
STU-14073,1.1785426893654534,1.0623345717266302,0.17183382660277483,3.269529257753475,0.0,1.2919449901768176,-0.3293033966609096,1.0,0.0,1.0,0.0,0.0,0.0,0.0,5.74
STU-12170,0.06741384019794172,-0.5951965937326996,-0.08305181706028135,-0.11066706893225617,-0.4,-0.4133595284872298,0.7092688543465748,1.0,0.0,0.0,0.0,0.0,1.0,0.0,3.32
STU-12400,-1.0298258983549764,-0.2381125065054404,-0.07911535924309206,1.2725125417454406,-1.0,-0.5925343811394892,1.591249280368452,1.0,0.0,1.0,0.0,0.0,0.0,0.0,3.4
STU-12135,0.7757584815422303,-0.20865486550681364,0.5300514879670716,-0.5035228163436732,0.2,0.2577603143418469,2.173862982153138,1.0,0.0,0.0,0.0,1.0,0.0,0.0,4.79
STU-14811,0.06741384019794172,1.0623345717266302,1.3985107533152335e-15,0.33948014164332535,0.6,5.871175725973296,1.678756476683938,1.0,0.0,0.0,0.0,0.0,1.0,0.0,5.2
STU-13625,0.45630893740657125,1.0623345717266302,1.400008665566078,0.25763519426594716,-1.0,0.9681728880157175,-0.13586643638457108,1.0,0.0,0.0,0.0,1.0,0.0,0.0,5.31
STU-13227,-0.9881585665111943,-1.968210055888218,-0.09092473269466132,-1.3301567848551958,1.0,-1.494695481335953,0.2210708117443869,0.0,1.0,0.0,0.0,0.0,0.0,1.0,3.28
STU-11116,-0.5714852480733775,0.9552811934633275,0.8833485770598809,-0.9536700269192547,0.0,0.176031434184676,2.385722510074842,1.0,0.0,0.0,1.0,0.0,0.0,0.0,5.03
STU-12389,-0.6409308011463468,-0.20147007501934405,0.858745715702443,0.9860552259246161,-0.6,-0.4667976424361495,0.4052964881980426,1.0,0.0,0.0,0.0,0.0,0.0,1.0,3.73
STU-12654,-0.3631485888544686,-1.8697784262098793,-0.9638342536565605,0.38858711006975283,1.4,-1.1866404715127703,-0.26482440990213,1.0,0.0,0.0,0.0,1.0,0.0,0.0,3.17
STU-10368,0.12297028265631738,0.9646214210970382,0.4414811870802957,0.8632878048585481,0.4,0.2671905697445975,1.3701784686240648,1.0,0.0,0.0,0.0,0.0,1.0,0.0,3.67
STU-10226,-0.6131525799171597,0.28206632478738763,-0.727646784625157,-0.42167786896629433,0.8,0.088015717092338,-0.92573402417962,1.0,0.0,0.0,1.0,0.0,0.0,0.0,4.06
STU-10897,-2.5437389553457113,-0.9429404533262481,-1.244306873131354,0.7978118469566453,-0.6,0.0,-0.43523316062176165,1.0,0.0,1.0,0.0,0.0,0.0,0.0,3.18
STU-13862,0.03963561896875452,0.06077477777331157,0.09408878471327166,0.8469188153830713,0.6,-0.20589390962671916,1.3402417962003454,0.0,1.0,1.0,0.0,0.0,0.0,0.0,3.7
STU-13565,1.150764468136266,-1.1333374012442037,0.29287990448136997,0.7405203837924801,1.4,-0.5752455795677801,0.3431203223949339,0.0,1.0,0.0,1.0,0.0,0.0,0.0,3.48
STU-10843,0.3590851631044136,-0.04987099573372696,-0.5662520141203639,1.100638152252945,0.6,-0.3819253438113949,-0.5526770293609673,1.0,0.0,0.0,0.0,0.0,0.0,1.0,4.7
STU-14184,1.7618853351783983,1.0623345717266302,1.5043247977216152,0.0,0.6,0.9996070726915525,0.7737478411053542,1.0,0.0,0.0,0.0,0.0,0.0,1.0,5.11
STU-12072,-0.5437070268441891,0.8913365581248444,0.9236972696860788,-0.822718111115449,0.6,0.19960707269155203,-0.5181347150259068,0.0,1.0,0.0,0.0,0.0,0.0,1.0,4.76
STU-10312,1.6785506714908343,-1.042090562053335,-0.6951710076333376,-1.518400163823166,1.2,-0.7607072691552064,-0.6793321819228555,0.0,1.0,0.0,0.0,0.0,0.0,1.0,4.45
STU-13470,-0.3353703676252814,0.15705097030540988,-1.3013855114806099,-0.08611358471904242,0.4,-0.38821218074656205,-0.2671272308578009,0.0,1.0,0.0,0.0,0.0,0.0,1.0,3.49
STU-11700,0.9840951407611392,0.1764499046215786,-0.499332231228132,-0.4462313531795081,1.0,1.0373280943025542,-0.3200921128382268,1.0,0.0,0.0,0.0,0.0,1.0,0.0,4.68
STU-11383,0.05352472958334813,0.354632708710835,0.9660141912208728,-0.8390871005909244,-0.2,1.021611001964637,0.47668393782383434,1.0,0.0,0.0,0.0,0.0,0.0,1.0,4.82
STU-11699,0.4285307161773828,0.53784486614132,-0.10667056396342268,-1.8457799533326802,-0.6,-0.6003929273084481,0.1082325849165227,0.0,1.0,0.0,0.0,0.0,0.0,1.0,5.18
STU-12701,-2.793742946408401,-0.8732479855977892,-2.622067109147879,-0.3807553952776052,0.8,-1.1127701375245582,-0.3684513529073114,1.0,0.0,0.0,0.0,1.0,0.0,0.0,2.23
STU-13874,1.317433795511393,-0.8833066922802472,-0.5849501887520165,-1.2319428480023416,0.2,0.5359528487229863,0.0,0.0,1.0,0.0,0.0,0.0,0.0,1.0,4.39
STU-10076,1.4563249016573316,-1.5737650581261147,-1.4096381014533363,0.4868010469226064,-0.4,-0.4133595284872298,-0.4421416234887738,0.0,1.0,0.0,0.0,0.0,0.0,1.0,3.83
STU-11384,-0.7381545754485045,1.0623345717266302,-0.7561861037997842,-0.2907259531624886,-0.2,0.08958742632612973,-0.85895221646517,1.0,0.0,0.0,0.0,1.0,0.0,0.0,3.79
STU-14063,0.33130694187522636,1.0623345717266302,1.5043247977216152,0.8141808364321206,-0.6,1.7823182711198433,-0.18652849740932637,1.0,0.0,0.0,1.0,0.0,0.0,0.0,5.73
STU-11657,-0.04369904471880956,-0.05202643287996805,-0.8516452058666434,-0.08611358471904242,1.6,-0.47151277013752463,-0.14968336211859518,0.0,1.0,0.0,1.0,0.0,0.0,0.0,3.61
STU-10625,1.7896635564075856,1.0623345717266302,0.6943986018347572,-0.8800095742796142,-0.6,1.7901768172888017,1.3655728267127234,1.0,0.0,0.0,0.0,1.0,0.0,0.0,5.71
STU-14876,0.16463761450009942,1.0623345717266302,1.2051540036151691,0.7568893732679555,0.2,1.9504911591355605,-0.23719055843408185,1.0,0.0,0.0,0.0,0.0,1.0,0.0,5.75
STU-10759,1.7896635564075856,0.0,1.0880443835537645,-0.15158954262094526,0.2,0.10530451866404716,0.7760506620610249,0.0,1.0,0.0,0.0,1.0,0.0,0.0,5.96
STU-10880,0.17852672511469303,-0.20865486550681364,0.49265513870376626,0.044838331084762546,-0.2,0.08487229862475458,-0.27173287276914215,1.0,0.0,0.0,0.0,1.0,0.0,0.0,3.51
STU-10785,-0.6409308011463468,-2.223270118193403,-0.23854190083928906,0.25763519426594716,0.6,-0.9807465618860512,-0.34772596430627517,1.0,0.0,1.0,0.0,0.0,0.0,0.0,2.96
STU-12476,0.0,1.0623345717266302,1.5043247977216152,0.699597910103791,-0.4,2.400000000000001,0.4559585492227981,1.0,0.0,1.0,0.0,0.0,0.0,0.0,6.0
STU-12202,-0.5853743586879712,-1.751947862215371,0.1669132543312875,0.5686459942999853,-0.2,0.0,0.280944156591825,1.0,0.0,0.0,1.0,0.0,0.0,0.0,3.23
STU-12264,0.1924158357292866,-0.8703740694028017,1.1923605157093018,0.0284693416092872,-0.6,-0.8110019646365424,1.625791594703512,1.0,0.0,0.0,0.0,0.0,0.0,1.0,4.09
STU-13873,0.5396436010941341,-0.3013386627951772,-1.5611917274151548,-1.1828358795759146,-0.6,0.3096267190569746,0.3937823834196892,1.0,0.0,0.0,0.0,0.0,1.0,0.0,3.76
STU-10890,-0.26592481455231215,-1.0313133763221294,-1.7432529014601952,1.035162194351042,0.2,-1.4554027504911593,-0.8981001727115718,1.0,0.0,1.0,0.0,0.0,0.0,0.0,3.07
STU-10844,-0.2103683720939365,0.21596625230266345,1.2120428047952523,-0.5853677637210514,0.6,0.3756385068762281,1.8929188255613125,1.0,0.0,0.0,0.0,0.0,1.0,0.0,3.87
STU-10718,1.2896555742822047,0.17285750937784383,-0.7916142241544948,0.9615017417114017,0.4,0.0,0.4858952216465171,1.0,0.0,1.0,0.0,0.0,0.0,0.0,5.14
STU-11467,1.7896635564075856,0.8697821866624336,0.9817600224896328,0.2821886784791602,0.4,1.2416502946954815,0.0,0.0,1.0,0.0,0.0,0.0,0.0,1.0,5.02
STU-14446,-1.279829889417666,-1.647049921098309,1.247470925149963,-0.3807553952776052,-1.0,-0.5611001964636544,-0.6010362694300518,1.0,0.0,0.0,0.0,0.0,0.0,1.0,3.02
STU-13462,0.1924158357292866,1.0623345717266302,1.1342977629057478,-0.2907259531624886,0.8,1.376817288801572,-1.0155440414507775,1.0,0.0,0.0,0.0,0.0,1.0,0.0,5.35
STU-12149,-0.2381465933231237,-0.9515622019112124,-0.5908548754778018,-0.9945925006079438,-0.8,-0.48565815324165035,0.5503742084052965,0.0,1.0,0.0,0.0,0.0,0.0,1.0,3.95
STU-14246,-0.5020396950004083,0.1656727188903732,0.5015121687924443,-1.7066435427911368,-0.2,-0.2970530451866406,-0.33621185952792176,1.0,0.0,0.0,0.0,1.0,0.0,0.0,3.59
STU-13621,-1.5715012123241379,0.07370740065075705,-2.6712728318627548,0.6013839732509367,0.4,0.0,-0.5457685664939551,0.0,1.0,0.0,0.0,0.0,0.0,1.0,3.74
STU-12007,0.5257544904795405,0.38552730780695554,0.5644954938674855,0.2740041837414225,0.6,0.6805500982318272,-0.02072538860103624,1.0,0.0,0.0,0.0,1.0,0.0,0.0,4.18
STU-10489,0.91464958768817,1.0623345717266302,-0.5180304058597845,1.8208736891738764,1.2,0.3347740667976426,-0.7023603914795625,1.0,0.0,0.0,0.0,1.0,0.0,0.0,5.2
STU-14392,0.13685939327091098,-1.3316376186983752,-0.22574841293342177,1.788135710222924,0.0,0.28919449901768174,1.0247553252734602,1.0,0.0,0.0,0.0,0.0,1.0,0.0,5.04
STU-11313,0.22019405695847505,1.0623345717266302,0.29780047675285726,-0.9209320479683033,-1.0,0.8172888015717096,-0.09211283822682775,1.0,0.0,1.0,0.0,0.0,0.0,0.0,5.34
STU-13717,-0.27981392516690573,0.8079929884701915,-0.2218119551162325,1.1661141101548478,-0.8,0.19332023575638516,-0.7806563039723662,1.0,0.0,0.0,0.0,0.0,0.0,1.0,5.07
STU-11803,1.7896635564075856,0.0,1.5043247977216152,0.0,-0.2,1.0090373280943028,0.8198042602187681,0.0,1.0,0.0,1.0,0.0,0.0,0.0,5.28
STU-12415,-1.1687170045009148,-1.432943164571703,-2.1182005085475497,1.1824830996303233,0.4,-1.6345776031434187,-0.4006908462867013,1.0,0.0,0.0,0.0,1.0,0.0,0.0,2.71
STU-10328,0.0,-0.8933653989627053,-1.185260005873502,0.7568893732679555,0.4,-0.1603143418467583,-0.888888888888889,1.0,0.0,0.0,0.0,1.0,0.0,0.0,2.24
STU-14359,-0.7242654648339096,-0.08148407387859483,-0.7630749049798675,-0.7572421532135463,-0.8,-0.2907662082514735,0.8082901554404148,1.0,0.0,0.0,0.0,0.0,1.0,0.0,2.73
STU-14855,0.23408316757306866,0.12543789216054102,-0.6331717970125944,-0.2743569636870133,1.8,0.3646365422396858,1.232009211283823,1.0,0.0,0.0,1.0,0.0,0.0,0.0,4.66
STU-14670,1.7618853351783983,1.0623345717266302,1.5043247977216152,-1.9521783849232721,2.0,1.043614931237721,0.1174438687392055,0.0,1.0,0.0,0.0,0.0,0.0,1.0,5.4
STU-14699,-0.09925548717718521,-1.8360099109187704,-0.6400605981926778,-0.7899801321644976,-0.6,-0.5563850687622789,-0.4375359815774324,0.0,1.0,0.0,0.0,0.0,1.0,0.0,3.49
STU-12236,1.7896635564075856,-0.4162953105946968,1.273057900961699,-0.3971243847530813,1.6,-0.4133595284872298,-0.5803108808290156,0.0,1.0,0.0,0.0,0.0,1.0,0.0,5.36
STU-12404,0.13685939327091098,-0.12746673299840292,-0.19819320821309117,-0.176143026834159,-1.0,0.42907662082514747,0.6217616580310882,0.0,1.0,0.0,0.0,0.0,0.0,1.0,4.97
STU-11409,-2.5715171765748988,-1.2274581566300609,-0.8172011999662308,0.053022825822500945,-0.6,-1.1159135559921416,1.5313759355210133,1.0,0.0,0.0,0.0,0.0,0.0,1.0,2.91
STU-14138,0.3174178312606327,-0.21871357218927168,0.14231039297384956,-0.9536700269192547,0.4,-0.3929273084479372,0.5066206102475533,1.0,0.0,0.0,0.0,0.0,0.0,1.0,3.35
STU-10887,1.400768459198956,0.7864386170077817,1.5043247977216152,-0.2743569636870133,-0.6,0.8377210216110021,-0.842832469775475,0.0,1.0,1.0,0.0,0.0,0.0,0.0,5.76
STU-14272,-1.0714932301987572,0.08304762828446875,-0.8752639527697846,0.4949855416603448,-0.8,-0.07544204322200401,-0.5757052389176742,1.0,0.0,0.0,0.0,0.0,0.0,1.0,4.54
STU-11604,-1.5020556592511687,-1.9495296006207963,-2.7844459941069695,2.0745930260437486,0.0,-1.2227897838899804,0.5388601036269433,1.0,0.0,0.0,0.0,0.0,1.0,0.0,2.35
STU-11818,1.5396595653448957,0.6592678253795629,1.019156371752938,-1.2810498164287683,0.6,-0.050294695481336006,0.591824985607369,0.0,1.0,0.0,0.0,0.0,1.0,0.0,4.48
STU-10795,0.05352472958334813,-0.3365441361837798,-0.25920830437953774,-1.0928064374607982,2.4,0.14302554027504916,-0.6632124352331606,0.0,1.0,1.0,0.0,0.0,0.0,0.0,4.84
STU-14654,-0.7103763542193161,-0.30564953708765935,1.229756864972607,0.06939181529797629,0.0,-0.5783889980353635,2.183074265975821,1.0,0.0,0.0,0.0,0.0,1.0,0.0,3.64
STU-10814,-0.3214812570106865,1.0623345717266302,1.5043247977216152,-0.2743569636870133,-0.2,0.5296660117878195,0.13356361542890044,1.0,0.0,0.0,0.0,0.0,0.0,1.0,4.92
STU-14118,-0.7520436860630981,0.43150996692676363,0.4503382171689737,0.1512367626753552,-0.2,-0.46365422396856576,1.0938399539435812,1.0,0.0,0.0,1.0,0.0,0.0,0.0,3.39
STU-10735,-0.2520357039377173,-1.8022413956276608,-1.0346904943659816,0.2412662047904711,1.0,-1.0593320235756387,-0.45826137017846863,0.0,1.0,0.0,0.0,1.0,0.0,0.0,1.68
STU-12075,0.9285386983027636,0.0931063349669268,-0.2936523102799503,-0.11066706893225617,0.4,-0.4683693516699412,-0.33160621761658027,0.0,1.0,0.0,0.0,0.0,1.0,0.0,3.93
STU-14439,0.44241982679197767,0.6039449386260441,1.3380094549453347,0.9369482574981887,0.2,-0.4086444007858546,-0.12204951065054699,1.0,0.0,0.0,1.0,0.0,0.0,0.0,4.52
STU-11624,-0.9048239028236315,0.0047334119710454444,-0.5160621769511899,0.9860552259246161,-0.2,-1.2683693516699412,0.49050086355785844,1.0,0.0,0.0,0.0,0.0,1.0,0.0,2.75
STU-11621,-0.9048239028236315,0.3769055592219912,0.39522780772831245,-0.23343448999832417,0.8,1.3469548133595284,2.80944156591825,1.0,0.0,0.0,0.0,0.0,0.0,1.0,5.12
STU-11111,-0.6270416905317532,0.04999759204210615,1.1333136484514512,-0.08611358471904242,-1.0,0.02200392927308457,0.5342544617156015,1.0,0.0,0.0,0.0,0.0,0.0,1.0,4.06
STU-11951,1.7896635564075856,1.0623345717266302,1.5043247977216152,0.8469188153830713,-0.4,0.6884086444007861,0.0,0.0,1.0,0.0,0.0,1.0,0.0,0.0,6.22
STU-13655,1.0674298044487034,-0.5068236707368193,0.12951690506798227,-0.8390871005909244,-1.0,-0.10844793713163059,0.0,0.0,1.0,0.0,0.0,0.0,0.0,1.0,4.63
STU-13262,1.1924317999800482,1.0623345717266302,1.5043247977216152,0.7978118469566453,0.8,2.2569744597249515,-0.8336211859527922,1.0,0.0,0.0,1.0,0.0,0.0,0.0,5.91
STU-10830,0.553532711708729,0.9416300915371336,0.7711595292699638,1.411648952286984,0.4,0.5988212180746564,-0.9671848013816926,1.0,0.0,0.0,0.0,0.0,1.0,0.0,4.97
STU-11109,0.8174258133860123,0.4078001583181127,0.9896329381240128,-0.6099212479342652,0.8,0.6585461689587426,-0.8773747841105355,1.0,0.0,0.0,0.0,0.0,1.0,0.0,5.44
STU-13759,0.3729742737190084,-0.8042739969180775,-1.201005837142262,0.5359080153490339,0.2,-0.337917485265226,-0.49740932642487046,1.0,0.0,1.0,0.0,0.0,0.0,0.0,3.81
STU-10987,-1.0298258983549764,-1.1592026469990957,-0.36549266544366954,2.0582240365682734,-0.4,-0.49666011787819264,0.2717328727691424,0.0,1.0,0.0,0.0,0.0,0.0,1.0,4.06
STU-14264,-1.2937190000322598,-0.4730551554457103,1.3985107533152335e-15,0.3558491311188014,0.4,-0.8675834970530453,0.356937248128958,1.0,0.0,0.0,0.0,0.0,0.0,1.0,3.08
STU-14129,0.9007604770735764,1.0623345717266302,-0.1470192565896206,0.6832289206283149,-0.4,-0.32848722986247547,0.7921704087507199,1.0,0.0,0.0,0.0,0.0,0.0,1.0,4.11
STU-11402,1.3035446848967995,-0.47089971829946925,-0.7315832424423462,-2.1649752481044557,-1.0,0.7905697445972495,-1.0201496833621186,0.0,1.0,0.0,0.0,0.0,1.0,0.0,4.23
STU-10245,0.6368673753962918,-1.7893087727502148,-0.9106920731244953,0.3804026153320144,-0.6,-0.2231827111984283,0.6309729418537708,1.0,0.0,0.0,0.0,0.0,0.0,1.0,3.65
STU-11508,-0.41870503131284426,-1.0686742868569732,1.5043247977216152,-0.3643864058021299,0.4,-0.050294695481336006,-0.37305699481865295,1.0,0.0,0.0,0.0,0.0,0.0,1.0,4.13
STU-13416,-1.6687249866262956,1.04796499075169,0.2062778325031888,-0.20888100578511043,1.2,0.03300589390962686,1.4369602763385148,1.0,0.0,0.0,0.0,1.0,0.0,0.0,3.81
STU-14332,1.2202100212092355,0.7217755026205522,1.5043247977216152,-0.5280763005568863,0.4,1.4915520628683696,1.2642487046632125,1.0,0.0,0.0,0.0,0.0,0.0,1.0,6.0
STU-10128,1.7896635564075856,1.0623345717266302,1.5043247977216152,0.24945069952820875,0.2,2.027504911591356,0.29476108232584924,0.0,1.0,0.0,0.0,0.0,0.0,1.0,6.68
STU-14474,0.12297028265631738,-0.6268096718775685,0.09704112807616433,1.4771249101888868,0.0,0.3929273084479372,0.7806563039723662,1.0,0.0,0.0,0.0,0.0,1.0,0.0,4.86
STU-10461,0.4007524949481956,1.0623345717266302,0.9650300767665748,1.9027186365512545,1.8,-0.028290766208251432,1.073114565342545,1.0,0.0,1.0,0.0,0.0,0.0,0.0,5.9
STU-11957,0.22019405695847505,-0.4809584249819273,-1.7216023834656498,0.4868010469226064,0.4,-0.5579567779960707,1.5613126079447326,0.0,1.0,0.0,0.0,0.0,0.0,1.0,3.53
STU-14422,-0.3214812570106865,0.2425499771063028,-0.06927421470011604,-0.7245041742625948,-0.4,-0.43693516699410606,0.4858952216465171,1.0,0.0,0.0,1.0,0.0,0.0,0.0,3.68
STU-10529,-0.5020396950004083,-0.5894487613427237,-1.2039581805051547,-0.9209320479683033,0.2,-0.7685658153241651,-0.8520437535981578,0.0,1.0,0.0,0.0,1.0,0.0,0.0,3.79
STU-12546,0.6924238178546674,-0.603818342317664,-1.544461781692097,-0.8963785637550896,0.4,-0.950884086444008,-1.1214738054116293,0.0,1.0,0.0,0.0,0.0,1.0,0.0,4.11
STU-12360,-1.2242734469592904,-1.747636987922889,-0.3763179244409422,-0.04519111103035332,-0.4,-0.44950884086444004,-0.19113413932066786,1.0,0.0,0.0,0.0,0.0,1.0,0.0,3.04
STU-12926,0.03963561896875452,0.4631230450716315,0.5625272649588908,1.2397745627944883,1.0,0.0,2.4110535405872193,1.0,0.0,1.0,0.0,0.0,0.0,0.0,4.36
STU-10991,1.3729902379697687,1.0623345717266302,1.2602644130558303,0.7159668995792663,-0.2,-0.6365422396856583,1.1352907311456537,0.0,1.0,0.0,0.0,0.0,0.0,1.0,4.84
STU-11514,0.0,0.0,-0.6646634595501157,1.0515311838265176,1.2,-0.7559921414538311,-0.0069084628670121485,1.0,0.0,0.0,0.0,0.0,0.0,1.0,3.47
STU-13328,0.0,1.0623345717266302,-0.39501609907259483,-1.1910203743136523,-0.6,0.4683693516699412,0.20034542314335066,1.0,0.0,0.0,0.0,1.0,0.0,0.0,4.58
STU-13905,-0.27981392516690573,1.0623345717266302,0.7672230714527745,-1.3137877953797197,0.6,0.3913555992141455,0.7230857800805988,0.0,1.0,0.0,1.0,0.0,0.0,0.0,4.58
STU-13550,0.3590851631044136,0.3733131639782564,1.2602644130558303,0.8469188153830713,1.0,0.14302554027504916,0.9856073690270584,1.0,0.0,1.0,0.0,0.0,0.0,0.0,4.86
STU-14813,-0.1270337084063724,-0.536281311735446,0.5546543493245095,-2.222266711268621,0.2,0.5626719056974461,-0.33390903857225107,0.0,1.0,1.0,0.0,0.0,0.0,0.0,3.49
STU-14154,-0.4048159206982506,-0.7396108825308471,0.37751374755095646,-0.6835817005739057,0.2,-0.6978388998035364,0.7737478411053542,1.0,0.0,0.0,0.0,0.0,0.0,1.0,3.21
STU-11807,0.2896396100314443,0.17932382081656606,0.5812254395905435,-0.2825414584247509,-0.2,1.1992141453831044,0.0,1.0,0.0,0.0,0.0,0.0,0.0,1.0,4.74
STU-10997,0.8729822558443879,1.0623345717266302,1.5043247977216152,-0.298910447900227,-1.0,0.6868369351669941,1.3563615428900404,0.0,1.0,0.0,0.0,0.0,1.0,0.0,4.52
STU-13357,-0.6825981329901288,-0.8401979493554276,-1.2384021864055688,0.3640336258565391,0.8,-0.46994106090373294,-0.8911917098445598,1.0,0.0,0.0,0.0,0.0,0.0,1.0,3.67
STU-14099,-0.5159288056150019,-0.09010582246355917,1.5043247977216152,-0.2907259531624886,0.4,0.20275049115913574,-0.06217616580310872,0.0,1.0,0.0,0.0,0.0,0.0,1.0,4.69
STU-11666,-1.04371500896957,0.26697826476370107,0.9305860708661622,1.739028741796498,1.2,0.028290766208251432,-1.0201496833621186,1.0,0.0,0.0,0.0,1.0,0.0,0.0,3.94
STU-10262,1.2202100212092355,-2.109750428491377,1.3985107533152335e-15,-1.1091754269362735,-0.4,-0.3300589390962672,-0.24870466321243528,0.0,1.0,1.0,0.0,0.0,0.0,0.0,3.52
STU-12692,-0.6964872436047225,1.0414986793129668,1.0880443835537645,0.7323358890547425,-0.8,-0.7984282907662084,0.3914795624640185,1.0,0.0,0.0,0.0,0.0,0.0,1.0,4.58
STU-10033,1.48410312288652,0.3029022172010511,0.21907132040905608,-0.3480174163266538,-0.4,1.3736738703339886,0.18883131836499722,0.0,1.0,0.0,0.0,0.0,0.0,1.0,5.73
STU-13677,1.0952080256778904,-0.21368421884804317,-2.299277568138293,1.2397745627944883,0.2,-0.36306483300589404,-0.12895797351755894,1.0,0.0,1.0,0.0,0.0,0.0,0.0,4.57
STU-14320,-0.7381545754485045,0.0,-1.242338644222758,0.24945069952820875,0.0,-0.21060903732809433,-0.32700057570523894,1.0,0.0,1.0,0.0,0.0,0.0,0.0,3.56
STU-13917,0.4701980480211648,-0.8754034227440303,0.8990944083286408,-0.08611358471904242,-0.6,-0.40392927308447946,-0.14277489925158324,1.0,0.0,0.0,1.0,0.0,0.0,0.0,4.0
STU-13771,0.4146416055627892,0.40851863736686006,-0.2611765332881324,-0.675397205836168,0.0,-0.15402750491159145,-0.05757052389176742,1.0,0.0,0.0,0.0,0.0,1.0,0.0,3.99
STU-14543,0.02574650835416092,1.0623345717266302,0.8961420649657482,0.3722181205942768,0.0,0.7607072691552067,-0.27403569372481285,0.0,1.0,0.0,0.0,0.0,1.0,0.0,5.18
STU-11438,1.7063288927200226,1.0623345717266302,1.1018219859139298,-0.5608142795078377,0.4,0.6899803536345775,-0.5918249856073691,0.0,1.0,0.0,0.0,0.0,0.0,1.0,5.51
STU-10265,-0.16870104025015445,-2.83972514201833,-1.2000217226879655,-0.33164842685117846,-0.4,-0.8895874263261299,0.5987334484743814,0.0,1.0,0.0,0.0,0.0,1.0,0.0,3.93
STU-11295,0.011857397739566082,-0.23739402745669408,1.0831238112822772,0.3722181205942768,1.0,-0.5422396856581532,-0.12204951065054699,1.0,0.0,0.0,0.0,0.0,0.0,1.0,4.27
STU-10944,-0.8631565709798494,1.0623345717266302,-1.486399028888543,-0.7981646269022353,0.8,0.3819253438113949,0.9671848013816927,1.0,0.0,0.0,0.0,0.0,0.0,1.0,4.14
STU-14562,-0.5437070268441891,-1.5917270343447898,-1.7245547268285426,-0.6181057426720028,0.4,-0.7041257367387034,-1.1030512377662638,1.0,0.0,0.0,0.0,0.0,1.0,0.0,3.47
STU-11233,0.9007604770735764,-0.04268620524625635,-0.9106920731244953,-0.9782235111324685,0.2,-0.6459724950884087,1.0477835348301672,0.0,1.0,0.0,0.0,0.0,0.0,1.0,4.69
STU-14939,0.03963561896875452,0.24111301900880805,-0.677456947455983,0.29855766795463623,-1.0,-0.09115913555992144,0.6655152561888313,1.0,0.0,0.0,0.0,1.0,0.0,0.0,4.35
STU-11662,-2.168732968751675,0.5867014414561155,0.7022715174691372,1.5262318786153128,0.2,0.47779960707269176,-0.8013816925734025,1.0,0.0,1.0,0.0,0.0,0.0,0.0,3.72
STU-14910,-0.27981392516690573,-0.07286232529363049,0.9079514384173188,0.9205792680227133,0.6,-0.7465618860510806,0.0,0.0,1.0,1.0,0.0,0.0,0.0,0.0,4.86
STU-10161,-1.2242734469592904,-0.7769717930656909,-0.43142833388160345,-1.2483118374778168,0.2,-1.0577603143418468,-0.508923431203224,1.0,0.0,0.0,0.0,0.0,0.0,1.0,2.78
STU-11080,0.0,0.5565253214087413,-1.3240201439294519,-0.10248257419451849,0.8,0.16502946954813374,0.9948186528497409,1.0,0.0,0.0,0.0,0.0,0.0,1.0,4.21
STU-11074,1.2479882424384239,0.09813568830815532,1.350802942851202,2.0909620155192252,-0.8,0.09587426326129658,-0.8359240069084629,1.0,0.0,1.0,0.0,0.0,0.0,0.0,4.75
STU-12243,1.7896635564075856,0.8697821866624336,1.0782032390107898,-0.6181057426720028,-1.0,0.2640471512770137,-0.5872193436960277,0.0,1.0,0.0,0.0,1.0,0.0,0.0,4.25
STU-10892,-0.39092681008365704,1.0623345717266302,1.0919808413709553,0.1921592363640443,0.2,0.9823182711198433,-0.3960852043753598,1.0,0.0,0.0,0.0,0.0,0.0,1.0,4.99
STU-11175,0.2896396100314443,-0.18422657784941537,0.68947802956327,0.1512367626753552,0.6,0.3316306483300589,0.1128382268278642,0.0,1.0,0.0,0.0,1.0,0.0,0.0,3.69
STU-12854,-0.0020317128750275202,-0.4479083887395647,1.5043247977216152,1.1088226469906828,1.4,0.6098231827111986,-0.1934369602763385,1.0,0.0,0.0,0.0,0.0,1.0,0.0,5.13
STU-13567,-0.2381465933231237,1.0623345717266302,0.014375513915172458,0.10212979424892772,-0.8,0.3567779960707269,-0.2210708117443869,0.0,1.0,0.0,0.0,0.0,0.0,1.0,4.83
STU-14431,-1.1409387832717277,1.0623345717266302,0.08523175462459366,-0.5608142795078377,-0.2,0.6176817288801573,0.677029360967185,1.0,0.0,0.0,0.0,0.0,0.0,1.0,4.05
STU-13274,-0.6270416905317532,-0.2855321237227432,0.4739569640721137,1.2397745627944883,0.0,-0.07701375245579573,-0.6125503742084053,0.0,1.0,1.0,0.0,0.0,0.0,0.0,4.39
STU-12069,-0.015920823489621122,-3.4461214591607985,-2.891714469625399,-1.2073893637891278,-0.6,-1.145776031434185,-0.5964306275187105,0.0,1.0,0.0,0.0,0.0,0.0,1.0,2.26
STU-14358,-0.2242574827085301,-0.6569857919249427,0.690462144017568,-0.9945925006079438,0.6,-0.6962671905697446,1.9573978123200924,1.0,0.0,1.0,0.0,0.0,0.0,0.0,2.87
STU-12033,0.2618613888022571,-1.4293507693279683,-1.7127453533769719,-1.3792637532816225,0.4,-0.6035363457760315,-0.9395509499136444,1.0,0.0,0.0,0.0,0.0,0.0,1.0,3.25
STU-14464,-0.39092681008365704,-0.12746673299840292,-0.45406296633044674,-1.0273304795588953,1.0,0.05500982318271115,0.06678180771445022,1.0,0.0,0.0,0.0,0.0,0.0,1.0,4.0
STU-13027,0.2757504994168507,-0.3882746276935638,-2.7450814159350685,-0.4707848373927218,-0.2,-0.06286836935167,-1.0293609671848014,1.0,0.0,0.0,0.0,0.0,0.0,1.0,2.77
STU-11002,0.06741384019794172,0.2856587200311224,0.6530657947542613,-0.05337560576809099,-0.8,0.3599214145383106,-0.3776626367299942,0.0,1.0,1.0,0.0,0.0,0.0,0.0,5.74
STU-12765,0.6646455966254802,1.0623345717266302,0.657002252571452,0.6832289206283149,2.8,0.5862475442043223,-0.013816925734024092,0.0,1.0,0.0,0.0,0.0,1.0,0.0,5.65
STU-14936,-0.05758815533340317,0.048560633944612436,-1.3732258666443278,0.4786165521848687,0.6,0.16345776031434203,-0.49050086355785844,0.0,1.0,0.0,0.0,0.0,1.0,0.0,3.64
STU-11226,-0.5992634693025648,0.0,-0.6144736223809418,-0.004268637341664224,-1.0,0.12259332023575631,0.013816925734024297,1.0,0.0,0.0,1.0,0.0,0.0,0.0,3.51
STU-12691,-0.27981392516690573,-0.5951965937326996,-0.35171506308350425,-1.1828358795759146,-0.8,-0.1477406679764243,0.22797927461139905,0.0,1.0,0.0,0.0,0.0,0.0,1.0,3.06
STU-14037,1.1646535787508598,0.0,-1.160657144516064,-0.4789693321304595,-1.0,-0.38664047151277003,2.169257340241797,1.0,0.0,0.0,1.0,0.0,0.0,0.0,3.52
STU-10040,-0.3214812570106865,1.0623345717266302,0.631415276759716,0.5768304890377229,1.4,1.020039292730845,-0.713874496257916,1.0,0.0,1.0,0.0,0.0,0.0,0.0,4.58
STU-12965,1.7896635564075856,0.4207327811955582,1.5043247977216152,-1.1173599216740118,-0.6,0.0,1.0500863557858378,1.0,0.0,0.0,0.0,0.0,0.0,1.0,4.99
STU-11382,-1.4187209955636046,-0.8811512551340062,-1.0986579338953208,-1.3301567848551958,0.8,-0.30019646365422403,0.356937248128958,1.0,0.0,0.0,0.0,0.0,0.0,1.0,2.5
STU-11602,0.4701980480211648,1.0623345717266302,1.3985107533152335e-15,-0.08611358471904242,-0.4,1.1080550098231827,-0.0990213010938399,1.0,0.0,1.0,0.0,0.0,0.0,0.0,4.74
STU-12855,-0.2381465933231237,1.0623345717266302,-1.7816333651777985,-1.158282395362701,0.6,1.1897838899803537,-0.2878526194588371,1.0,0.0,0.0,0.0,1.0,0.0,0.0,3.86
STU-12714,1.7896635564075856,1.0623345717266302,1.5043247977216152,0.7650738680056939,-0.4,1.0546168958742632,1.8123200921128386,1.0,0.0,0.0,0.0,0.0,1.0,0.0,6.31
STU-10338,1.081318915063297,1.0623345717266302,1.5043247977216152,1.3543574891228187,0.0,0.0,0.5618883131836502,0.0,1.0,0.0,0.0,0.0,0.0,1.0,5.87
STU-10120,-0.6409308011463468,-1.5277823990063066,0.22103954931765074,-0.3070949426379647,-1.0,-1.031041257367387,-0.31778929188255617,0.0,1.0,0.0,0.0,0.0,1.0,0.0,3.41
STU-11337,-0.4603723631566263,-0.639742294755014,-0.03483020879970346,-0.9045630584928273,1.2,-1.7304518664047155,-0.2855497985031665,0.0,1.0,0.0,1.0,0.0,0.0,0.0,3.42
STU-14892,1.7896635564075856,-0.04053076810001526,0.33322859710756786,-1.747566016479826,-1.0,0.7827111984282907,0.7299942429476112,1.0,0.0,0.0,1.0,0.0,0.0,0.0,4.44
STU-12500,-0.3353703676252814,-1.9574328701570132,0.5261150301498823,-0.1434050478832076,-0.6,-0.27347740667976433,-0.07599309153713302,0.0,1.0,0.0,0.0,0.0,1.0,0.0,3.35
STU-14378,0.48408715863575846,1.0623345717266302,1.5043247977216152,0.470432057447131,1.4,1.1819253438113952,0.432930339666091,0.0,1.0,0.0,0.0,1.0,0.0,0.0,5.15
STU-13268,1.7896635564075856,1.0623345717266302,1.5043247977216152,0.470432057447131,1.4,1.2495088408644404,-0.4835924006908463,1.0,0.0,0.0,0.0,1.0,0.0,0.0,6.02
STU-13333,1.1785426893654534,0.0,-0.018100263076645477,-0.4380468584417704,1.8,0.0,0.6724237190558437,1.0,0.0,0.0,1.0,0.0,0.0,0.0,4.95
STU-12713,-1.1548278938863212,-0.5427476231741694,-0.048607811159868765,0.2658196890036848,2.0,-0.9115913555992142,-0.5365572826712723,1.0,0.0,0.0,0.0,0.0,1.0,0.0,2.98
STU-10307,1.7757744457929918,1.0623345717266302,1.5043247977216152,0.9615017417114017,0.2,1.7163064833005897,0.29706390328151994,1.0,0.0,0.0,0.0,0.0,0.0,1.0,5.36
STU-13185,0.16463761450009942,-0.1547689368507886,-0.9589136813850732,-1.641167584889234,1.4,0.06601178781925343,-0.18192285549798506,0.0,1.0,0.0,0.0,0.0,1.0,0.0,3.15
STU-12276,1.1924317999800482,1.0623345717266302,1.5043247977216152,1.640814804943643,1.6,0.8848722986247547,1.0800230282095569,0.0,1.0,0.0,0.0,0.0,1.0,0.0,6.17
STU-10492,-0.2242574827085301,-0.04627860048999217,0.9345225286833515,-0.9536700269192547,0.0,0.6522593320235758,0.320092112838227,1.0,0.0,0.0,0.0,0.0,0.0,1.0,5.01
STU-14999,-0.6964872436047225,-1.7332674069479488,-1.185260005873502,1.0515311838265176,-0.6,0.0,0.07138744962579172,1.0,0.0,0.0,1.0,0.0,0.0,0.0,3.41
STU-12693,-0.6825981329901288,1.0623345717266302,0.2791023021212046,0.8141808364321206,0.0,0.8172888015717096,0.7806563039723662,1.0,0.0,0.0,0.0,0.0,0.0,1.0,5.17
STU-12036,1.7896635564075856,-0.43569424491086556,1.230740979426905,0.21671272057725732,-1.0,-0.02671905697445972,-0.630972941853771,0.0,1.0,0.0,0.0,0.0,0.0,1.0,5.19
STU-13503,0.4701980480211648,-1.6025042200759951,0.5477655481444276,0.13486777319987914,0.6,-1.331237721021611,-1.0685089234312033,1.0,0.0,0.0,0.0,0.0,0.0,1.0,3.49
STU-13352,0.9702060301465456,-0.5887302822939774,0.6599545959343447,0.9205792680227133,-0.2,-0.09430255402750487,-0.31778929188255617,1.0,0.0,1.0,0.0,0.0,0.0,0.0,4.85
STU-10663,0.386863384333602,-0.5643019946365792,-0.12143228077788462,-1.1664668901004387,-0.4,0.1493123772102163,0.2164651698330456,1.0,0.0,0.0,1.0,0.0,0.0,0.0,3.39
STU-11749,-1.974285420147361,-1.958869828254507,-2.438037706194243,0.6586754364151012,1.6,-1.3862475442043225,-0.5618883131836501,1.0,0.0,0.0,0.0,0.0,1.0,0.0,2.09
STU-14966,1.0535406938341085,1.0623345717266302,0.6855415717460807,1.2479590575322261,0.0,1.0388998035363461,-0.050662061024755276,0.0,1.0,0.0,0.0,0.0,1.0,0.0,6.25
STU-10118,0.3174178312606327,-0.5355628326866987,-2.2402307008804416,1.3543574891228187,-0.4,0.08487229862475458,-0.15428900402993667,0.0,1.0,1.0,0.0,0.0,0.0,0.0,4.54
STU-14459,0.48408715863575846,0.581672088114887,1.2100745758866578,-0.9945925006079438,-0.2,0.3332023575638509,-0.4145077720207254,1.0,0.0,0.0,0.0,1.0,0.0,0.0,3.47
STU-10654,-0.140922819020966,-0.09872757104852248,1.1342977629057478,-0.15977403735868367,1.6,0.0,-0.2625215889464594,1.0,0.0,0.0,0.0,0.0,0.0,1.0,4.66
STU-11249,0.7063129284692611,1.0623345717266302,1.5043247977216152,-1.739381521742088,-0.6,-0.2829076620825146,0.0,1.0,0.0,0.0,0.0,0.0,0.0,1.0,4.79
STU-14070,-1.1826061151155085,-1.3603767806482556,-1.8534737203415177,-0.7899801321644976,0.6,-1.3186640471512774,-1.0293609671848014,1.0,0.0,0.0,0.0,0.0,0.0,1.0,2.17
STU-11980,1.5952160078032713,0.0,1.0142357994814506,0.3722181205942768,0.6,0.9587426326129667,0.3062751871042027,1.0,0.0,0.0,0.0,0.0,0.0,1.0,5.27
STU-13225,1.7896635564075856,1.0623345717266302,0.5989394997678981,2.099146510256963,-0.8,1.8137524557956783,-0.4145077720207254,1.0,0.0,1.0,0.0,0.0,0.0,0.0,4.23
STU-12190,1.0535406938341085,0.6901624244756834,0.33027625374467523,-1.158282395362701,0.0,0.8597249508840867,-0.7092688543465746,1.0,0.0,0.0,1.0,0.0,0.0,0.0,5.64
STU-11154,1.0535406938341085,0.05071607109085352,0.34897442837632925,-1.1992048690513901,-1.0,0.37092337917485263,-0.6355785837651123,1.0,0.0,0.0,0.0,0.0,1.0,0.0,4.23
STU-13349,-2.015952751991143,-0.09010582246355917,-0.6321876825582964,-0.08611358471904242,1.0,-0.42907662082514747,-0.5803108808290156,1.0,0.0,0.0,0.0,0.0,1.0,0.0,3.01
STU-13994,0.0,-1.8956436719647711,0.12951690506798227,0.5195390258735578,-1.0,-0.6585461689587426,-0.234887737478411,0.0,1.0,0.0,0.0,0.0,0.0,1.0,3.71
STU-12162,0.5257544904795405,-0.15045806255830643,1.4885789664528553,-0.659028216360692,0.0,-0.43693516699410606,-0.11514104778353484,1.0,0.0,0.0,1.0,0.0,0.0,0.0,3.37
STU-10578,1.7896635564075856,1.0623345717266302,1.400008665566078,0.25763519426594716,-0.4,1.3108055009823187,1.0777202072538863,1.0,0.0,0.0,0.0,0.0,0.0,1.0,6.0
STU-10385,-0.9187130134382251,1.0623345717266302,0.9168084685059968,-0.31527943737570235,1.4,0.017288801571709148,-0.1128382268278642,1.0,0.0,0.0,0.0,0.0,1.0,0.0,3.38
STU-12561,-0.015920823489621122,-0.2345201112617056,0.042914833089801104,-0.12703605840773224,0.8,-0.048722986247544293,-0.5112262521588946,0.0,1.0,0.0,1.0,0.0,0.0,0.0,3.02
STU-10148,0.34519605248981994,1.0623345717266302,1.140202449631533,1.796320204960662,0.6,0.1587426326129666,-0.12895797351755894,1.0,0.0,0.0,0.0,0.0,0.0,1.0,5.08
STU-10981,0.13685939327091098,0.6283732262834414,-0.31235048491160294,-1.7639350059553018,0.2,0.4055009823182712,-0.32700057570523894,0.0,1.0,0.0,0.0,0.0,0.0,1.0,4.36
STU-10495,0.0,-0.7144641158247025,-1.742268787005897,1.9109031312889921,0.6,-1.163064833005894,0.6977547495682213,0.0,1.0,0.0,0.0,0.0,0.0,1.0,3.06
STU-13707,0.8035367027714188,1.0623345717266302,1.5043247977216152,0.33129564690558766,-1.0,1.4758349705304519,0.45826137017846874,1.0,0.0,0.0,0.0,0.0,0.0,1.0,5.44
STU-11987,-0.9326021240528186,0.9078615762460247,1.5043247977216152,0.34766463638106304,0.6,0.0,0.59412780656304,0.0,1.0,0.0,0.0,1.0,0.0,0.0,5.21
STU-13199,0.7757584815422303,1.0623345717266302,-0.5150780624968919,-0.5198918058191486,1.4,0.6318271119842832,0.24409902130109398,0.0,1.0,0.0,0.0,1.0,0.0,0.0,4.47
STU-11917,-0.8909347922090366,0.0765813168457455,-0.25133538874515776,-0.8063491216399737,0.6,-0.047151277013752296,0.0,1.0,0.0,0.0,0.0,0.0,0.0,1.0,3.82
STU-13211,-0.8492674603652558,-0.6727923309973766,0.8164287941676505,1.5098628891398373,-0.4,-0.03929273084479372,-0.888888888888889,1.0,0.0,1.0,0.0,0.0,0.0,0.0,3.78
STU-13432,0.8868713664589816,0.03131713677468479,-0.07517890142590138,1.3543574891228187,0.0,0.3237721021611003,1.7662636729994248,0.0,1.0,0.0,0.0,1.0,0.0,0.0,4.18
STU-14932,1.5396595653448957,0.0,-0.02302083534813279,0.0,1.6,0.8015717092337918,0.08750719631548647,1.0,0.0,1.0,0.0,0.0,0.0,0.0,5.35
STU-13817,0.4007524949481956,1.0623345717266302,1.5043247977216152,-0.42167786896629433,-0.8,1.677013752455796,0.274035693724813,1.0,0.0,0.0,0.0,0.0,1.0,0.0,5.86
STU-11647,-0.6825981329901288,-0.9616209085936706,-2.1182005085475497,-1.641167584889234,0.8,-0.40392927308447946,-0.5872193436960277,1.0,0.0,0.0,1.0,0.0,0.0,0.0,2.89
STU-11685,-0.11314459779177881,0.053589987285840954,-0.89691447076433,0.9123947732849741,0.4,0.5013752455795678,0.8128957973517561,0.0,1.0,1.0,0.0,0.0,0.0,0.0,4.3
STU-14738,-0.668709022375534,-1.345288720624569,-2.750986102660854,0.7405203837924801,0.2,-0.6051080550098232,0.7046632124352332,0.0,1.0,0.0,0.0,0.0,1.0,0.0,2.68
STU-10898,-1.113160562042539,-0.8976762732551874,-1.1458954277016022,-2.4432480691875433,-0.6,-0.18074656188605118,0.17962003454231443,0.0,1.0,1.0,0.0,0.0,0.0,0.0,3.44
STU-11311,-0.2381465933231237,-0.6763847262411113,-1.4982084023401137,0.0,0.0,-0.22632612966601176,-0.789867587795049,0.0,1.0,0.0,0.0,1.0,0.0,0.0,3.71
STU-14522,0.06741384019794172,-0.7733793978219561,-0.13619399759234796,-1.1173599216740118,1.0,0.3567779960707269,1.0086355785837653,0.0,1.0,1.0,0.0,0.0,0.0,0.0,4.04
STU-14136,-0.08536637656259037,-0.6950651815085327,1.3985107533152335e-15,-1.7148280375288745,-0.8,0.0,0.05757052389176742,1.0,0.0,0.0,0.0,0.0,1.0,0.0,2.88
STU-12724,0.0,0.5256307223126209,-0.8122806276947434,-0.2907259531624886,0.2,0.33948919449901777,0.591824985607369,0.0,1.0,1.0,0.0,0.0,0.0,0.0,4.44
STU-14318,0.49797626925035327,0.1836346951090482,-0.03975078107119077,-0.6835817005739057,2.4,0.6051080550098232,0.4605641911341394,1.0,0.0,0.0,0.0,0.0,0.0,1.0,4.28
STU-11579,0.3590851631044136,1.0623345717266302,0.5900824696792201,1.411648952286984,1.2,1.1913555992141456,-0.911917098445596,1.0,0.0,0.0,0.0,1.0,0.0,0.0,5.12
STU-12406,0.6507564860108854,0.8992398276610614,1.5043247977216152,-1.264680826953293,-1.0,0.22003929273084488,-0.5503742084052965,1.0,0.0,0.0,0.0,0.0,0.0,1.0,5.08
STU-10152,-0.7381545754485045,-0.7697870025782212,1.3419459127625242,-0.06974459524356708,0.6,-0.009430255402750571,-0.30857800805987334,1.0,0.0,0.0,0.0,1.0,0.0,0.0,3.7
STU-14501,0.33130694187522636,-1.0837623468806608,-1.5690646430495347,1.1742986048925854,0.8,0.47308447937131637,0.1174438687392055,1.0,0.0,0.0,0.0,1.0,0.0,0.0,3.34
STU-14902,1.7896635564075856,0.32373810961471355,0.9729029924009548,-0.7081351847871195,-0.2,-0.09587426326129658,0.15428900402993667,1.0,0.0,0.0,0.0,1.0,0.0,0.0,4.91
STU-11555,-0.668709022375534,-1.836728389967517,0.7347472944609565,-0.3725709005398675,-0.4,-0.9445972495088409,-0.41681059297639605,1.0,0.0,0.0,0.0,1.0,0.0,0.0,3.29
STU-13894,0.7479802603130431,0.599634064333562,0.7101444331035186,0.4458785732339173,-1.0,0.921021611001965,-0.8013816925734025,1.0,0.0,0.0,0.0,0.0,1.0,0.0,5.23
STU-10325,0.7063129284692611,-0.11022323582847424,-0.9569454524764786,2.3610503418645745,-0.6,-0.4762278978388998,-0.8981001727115718,0.0,1.0,0.0,0.0,0.0,1.0,0.0,4.91
STU-11999,-0.4603723631566263,1.0623345717266302,0.28500698884699,0.6423064469396258,-0.6,1.1552062868369353,0.08290155440414516,1.0,0.0,0.0,1.0,0.0,0.0,0.0,4.69
STU-11672,-0.557596137458784,-0.8279838055267285,1.5043247977216152,-1.8294109638572047,0.0,7.014108712980404,-0.24179620034542315,0.0,1.0,0.0,0.0,1.0,0.0,0.0,4.58
STU-14919,0.91464958768817,0.627654747234695,0.7495090112754185,-1.0846219427230603,0.2,0.16660117878192546,-0.8773747841105355,1.0,0.0,0.0,0.0,0.0,0.0,1.0,4.76
STU-10521,1.7896635564075856,1.0623345717266302,1.416738611289136,-0.7572421532135463,0.0,1.7493123772102166,-0.3385146804835924,1.0,0.0,0.0,0.0,0.0,1.0,0.0,6.67
STU-13782,-0.5437070268441891,-0.18997441023939227,-1.0199287775515198,-0.2661724689492756,0.2,-0.3913555992141455,0.10132412204951076,0.0,1.0,0.0,0.0,1.0,0.0,0.0,3.57
STU-14046,0.02574650835416092,-0.39402246008353964,1.5043247977216152,0.6668599311528396,-0.4,-0.1713163064833006,-0.5204375359815775,0.0,1.0,0.0,0.0,0.0,1.0,0.0,3.94
STU-10877,0.33130694187522636,-0.7094347624834729,0.7731277581785584,-0.5689987742455761,0.6,10.715803059481651,-0.4881980426021877,1.0,0.0,0.0,1.0,0.0,0.0,0.0,2.95
STU-14360,0.17852672511469303,1.0623345717266302,1.3985107533152335e-15,0.6423064469396258,-0.4,1.0058939096267192,-0.895797351755901,1.0,0.0,0.0,0.0,0.0,0.0,1.0,5.67
STU-12054,0.03963561896875452,1.0623345717266302,0.3657043740993872,1.076084668039732,0.8,0.4982318271119844,-0.44905008635578586,0.0,1.0,0.0,0.0,0.0,1.0,0.0,4.88
STU-10072,1.2479882424384239,1.0623345717266302,1.5043247977216152,-0.6344747321474782,0.2,0.4982318271119844,1.271157167530225,1.0,0.0,0.0,0.0,0.0,1.0,0.0,4.66
STU-13434,1.0952080256778904,1.0623345717266302,0.3086257357501299,0.724151394317004,0.0,0.20117878192534375,1.314910765687968,1.0,0.0,0.0,0.0,0.0,0.0,1.0,5.08
STU-10514,-0.16870104025015445,1.0623345717266302,0.26630881421533736,2.0418550470927976,-1.0,0.22632612966601176,-0.07138744962579152,1.0,0.0,0.0,0.0,1.0,0.0,0.0,5.14
STU-10183,-0.6131525799171597,0.8072745094214452,-0.3635244365350749,-0.7981646269022353,0.2,-0.088015717092338,-0.3684513529073114,1.0,0.0,0.0,0.0,0.0,1.0,0.0,4.0
STU-12261,0.16463761450009942,-0.24817121318789848,-0.39304787016400017,0.9205792680227133,0.6,-0.18546168958742631,-0.27864133563615434,0.0,1.0,0.0,0.0,0.0,0.0,1.0,3.85
STU-11285,0.4146416055627892,0.4523458593404271,0.8115082218961617,2.0254860576173224,-0.2,0.5139489194499018,-0.8313183649971215,1.0,0.0,0.0,0.0,0.0,0.0,1.0,5.27
STU-12850,0.20630494634388147,0.46168608697413777,-0.306445798185819,-1.2974188059042444,-1.0,-1.0640471512770138,0.34772596430627517,1.0,0.0,0.0,0.0,0.0,0.0,1.0,4.49
STU-11690,-0.27981392516690573,1.0623345717266302,-0.643012941555569,0.41314059428296585,-0.8,-0.6098231827111984,0.0,1.0,0.0,0.0,0.0,1.0,0.0,0.0,3.82
STU-14205,-0.2242574827085301,0.591730794797345,1.3985107533152335e-15,-0.822718111115449,1.2,-0.07072691552062858,1.5129533678756477,1.0,0.0,0.0,0.0,0.0,0.0,1.0,3.29
STU-12458,1.0118733619903277,1.0623345717266302,-0.31333459936590097,2.0336705523550602,0.2,-0.059724950884086296,1.7248128957973519,0.0,1.0,0.0,0.0,0.0,0.0,1.0,4.83
STU-12541,0.08130295081253533,-0.7949337692843659,-1.058309241269123,0.0,1.4,-0.5406679764243615,-0.6240644789867589,0.0,1.0,0.0,0.0,0.0,1.0,0.0,3.35
STU-10479,0.5257544904795405,0.4286360507317762,0.251547097400874,-0.9782235111324685,-1.0,0.1838899803536346,1.2181922855497986,1.0,0.0,0.0,0.0,1.0,0.0,0.0,4.26
STU-10317,0.6646455966254802,-0.7590098168470159,0.5704001805932708,3.1631308261628823,-0.4,-0.13988212180746573,-0.3891767415083477,0.0,1.0,0.0,0.0,0.0,1.0,0.0,4.91
STU-13323,0.09519206142713017,-0.3695941724261424,-1.9066159008735828,-1.9603628796610097,-0.4,-0.2719056974459726,-0.47207829591249284,1.0,0.0,0.0,0.0,1.0,0.0,0.0,2.83
STU-10867,-1.4048318849490111,-0.8416349074529212,1.3985107533152335e-15,-0.2825414584247509,0.6,-0.8220039292730845,-0.34772596430627517,1.0,0.0,0.0,0.0,0.0,1.0,0.0,1.67
STU-12029,1.3452120167405803,1.0623345717266302,1.0585209499248394,-0.9618545216569924,0.4,0.5280943025540275,-0.33390903857225107,0.0,1.0,0.0,0.0,1.0,0.0,0.0,5.04
STU-14475,-0.6825981329901288,1.0623345717266302,1.5043247977216152,-0.24980347947379952,0.0,1.3485265225933205,-0.5734024179620035,1.0,0.0,0.0,0.0,0.0,1.0,0.0,4.45
STU-10383,0.9979842513757329,1.0623345717266302,1.4934995387243426,-1.894886921759107,-0.6,1.1489194499017685,-0.30397236614853185,1.0,0.0,0.0,0.0,0.0,0.0,1.0,5.33
STU-13616,0.4285307161773828,0.6413058491608878,0.18659554341723816,2.254651910273982,-1.0,-0.32220039292730834,1.4899251583189408,1.0,0.0,0.0,0.0,0.0,0.0,1.0,4.96
STU-14041,0.8729822558443879,1.0027008106806292,1.5043247977216152,-0.5198918058191486,0.0,0.7842829076620826,-0.03454231433506033,1.0,0.0,0.0,0.0,0.0,1.0,0.0,5.01
STU-11638,1.650772450261647,0.627654747234695,1.132329533997153,1.370726478598294,1.6,0.27662082514734776,-0.7438111686816351,0.0,1.0,0.0,0.0,1.0,0.0,0.0,5.46
STU-14241,0.3035287206460379,1.0012638525831354,0.7918259328102124,-1.5020311743476906,1.2,0.47465618860510805,-0.39838802533103046,1.0,0.0,0.0,0.0,1.0,0.0,0.0,4.54
STU-12638,-0.8492674603652558,-2.981265514621489,-1.581858130955402,-0.675397205836168,0.0,-0.8628683693516701,-0.4743811168681635,1.0,0.0,0.0,0.0,0.0,1.0,0.0,2.7
STU-10177,0.17852672511469303,-2.2340473039246085,1.0801714679193846,1.8126891944361385,0.8,-0.12573673870333973,-0.12665515256188828,1.0,0.0,0.0,0.0,1.0,0.0,0.0,3.8
STU-11348,-1.0298258983549764,-0.24242338079792258,1.5043247977216152,0.0284693416092872,-0.8,-1.1096267190569746,1.8307426597582042,1.0,0.0,0.0,0.0,0.0,1.0,0.0,5.24
STU-10008,-2.6270736190332746,-0.8804327760852597,-0.7433926158939169,0.4622475627093934,-0.4,-0.18703339882121803,0.3108808290155442,1.0,0.0,0.0,0.0,0.0,0.0,1.0,2.65
STU-12904,-0.2381465933231237,-1.07657755639319,-1.8928382985134176,1.5671543523040026,0.4,-1.100196463654224,0.18192285549798506,1.0,0.0,1.0,0.0,0.0,0.0,0.0,3.26
STU-13143,0.6090891541671046,-0.27403645894279044,-0.5278715504027606,-1.698459048053399,-0.6,-0.06601178781925343,0.0,1.0,0.0,0.0,0.0,0.0,1.0,0.0,2.37
STU-10577,1.7479962245638034,0.0,-0.07517890142590138,-0.8554560900664004,0.2,0.07701375245579573,-0.3891767415083477,0.0,1.0,0.0,0.0,0.0,1.0,0.0,4.88
STU-12951,1.7896635564075856,1.0623345717266302,1.5043247977216152,0.3640336258565391,0.8,1.194499017681729,0.3062751871042027,1.0,0.0,1.0,0.0,0.0,0.0,0.0,6.06
STU-13308,0.6090891541671046,0.9904866668519301,0.3558632295564112,1.7799512154851864,0.2,0.0,2.80944156591825,1.0,0.0,0.0,0.0,1.0,0.0,0.0,5.38
STU-11460,-0.41870503131284426,0.9028322229047961,-0.6302194536497018,0.8796567943340234,0.4,-0.587819253438114,-0.3822682786413357,1.0,0.0,0.0,0.0,0.0,0.0,1.0,3.93
STU-11855,0.24797227818766227,1.0623345717266302,0.060628893267155703,0.6586754364151012,1.4,-0.5139489194499018,0.40759930915371345,0.0,1.0,0.0,0.0,0.0,1.0,0.0,3.76
STU-12664,-1.279829889417666,-1.3618137387457494,-0.660727001732925,-1.4938466796099528,0.0,-0.38506876227897835,1.8721934369602764,1.0,0.0,1.0,0.0,0.0,0.0,0.0,4.31
STU-11465,0.48408715863575846,0.21237385705892864,1.3985107533152335e-15,0.9533172469736639,-0.8,0.8990176817288804,0.21876799078871625,0.0,1.0,0.0,0.0,1.0,0.0,0.0,4.6
STU-14467,-0.5992634693025648,0.5823905671636334,-0.4461900506960654,0.4786165521848687,0.0,0.583104125736739,-0.37996545768566486,1.0,0.0,1.0,0.0,0.0,0.0,0.0,4.74
STU-13215,0.49797626925035327,0.8712191447599282,1.5043247977216152,1.9027186365512545,-0.4,0.8927308447937136,1.5774323546344275,0.0,1.0,0.0,0.0,0.0,1.0,0.0,5.66
STU-11125,-0.6825981329901288,0.016229076750997207,-1.2492274454028414,0.9533172469736639,-1.0,-0.7512770137524558,-0.052964881980425926,0.0,1.0,1.0,0.0,0.0,0.0,0.0,3.75
STU-14377,0.6785347072400738,1.0623345717266302,0.614685331036658,-0.5444452900323623,-1.0,0.007858546168958855,-0.40299366724237196,1.0,0.0,0.0,1.0,0.0,0.0,0.0,4.28
STU-13970,-0.09925548717718521,0.38480882875820815,-0.9589136813850732,0.42132508902070354,-1.0,0.04086444007858543,-0.32700057570523894,0.0,1.0,0.0,0.0,0.0,1.0,0.0,4.27
STU-12117,-0.5020396950004083,-1.9416263310845794,-1.268909734488792,-0.4626003426549834,0.4,-1.6833005893909627,2.2084052964881984,0.0,1.0,0.0,0.0,0.0,0.0,1.0,3.38
STU-11416,1.7896635564075856,-1.87911865384359,-1.2118310961395347,-1.4611087006590013,0.6,0.7701375245579569,0.7046632124352332,0.0,1.0,1.0,0.0,0.0,0.0,0.0,4.35
STU-13089,1.081318915063297,-1.0248470648834063,1.3985107533152335e-15,-0.6099212479342652,1.0,-0.5752455795677801,1.0063327576280945,1.0,0.0,0.0,0.0,0.0,0.0,1.0,3.39
STU-13583,0.8868713664589816,1.0623345717266302,-0.033846094345405434,-0.004268637341664224,-1.0,-0.13988212180746573,0.04605641911341398,0.0,1.0,0.0,0.0,0.0,0.0,1.0,5.55
STU-13157,0.1507485038855058,-0.09082430151230551,0.640272306848394,1.518047383877575,-0.8,0.971316306483301,-0.05987334484743807,1.0,0.0,0.0,0.0,1.0,0.0,0.0,4.56
STU-12886,-1.2937190000322598,0.49473612321649935,1.3985107533152335e-15,0.830549825907596,-1.0,-0.21375245579567775,1.466896948762234,1.0,0.0,1.0,0.0,0.0,0.0,0.0,3.39
STU-11854,1.7896635564075856,1.0623345717266302,1.5043247977216152,0.12668327846214147,-1.0,2.096660117878193,-0.6586067933218193,0.0,1.0,0.0,1.0,0.0,0.0,0.0,6.07
STU-13061,1.0535406938341085,0.9488148820246042,0.8538251434309556,-0.7081351847871195,-1.0,0.12888015717092344,0.49740932642487057,0.0,1.0,0.0,0.0,0.0,0.0,1.0,5.15
STU-14276,1.4285466804281444,-0.9910785495922972,-0.644981170464165,-1.0027769953456815,0.6,-0.5736738703339883,-0.5066206102475532,0.0,1.0,0.0,1.0,0.0,0.0,0.0,3.85
STU-13734,0.3590851631044136,1.0623345717266302,0.2062778325031888,1.681737278632333,0.2,-0.1210216110019646,0.08520437535981581,0.0,1.0,0.0,0.0,0.0,0.0,1.0,5.13
STU-12074,-1.4326101061781995,-0.191411368336886,0.5251309156955842,-0.40530887949081895,0.0,-0.46994106090373294,1.526770293609672,0.0,1.0,1.0,0.0,0.0,0.0,0.0,3.71
STU-11135,-1.2937190000322598,-1.7598511317515881,-1.4588438241682122,0.5850149837754607,-0.4,-1.3092337917485268,-0.13126079447322958,0.0,1.0,0.0,0.0,1.0,0.0,0.0,2.87
STU-12919,-0.6548199117609405,-1.3424148044295805,-1.4440821073537489,0.4049560995452282,0.0,-0.12573673870333973,-0.5757052389176742,1.0,0.0,0.0,0.0,1.0,0.0,0.0,3.2
STU-12940,-1.4048318849490111,-0.5463400184179041,0.672748083840212,0.053022825822500945,0.8,-0.6852652259332024,0.0,0.0,1.0,0.0,0.0,1.0,0.0,0.0,3.9
STU-12733,-0.9187130134382251,-1.0866362630756483,-1.1370383976129241,1.2561435522699638,-1.0,-0.2451866404715129,2.80944156591825,1.0,0.0,1.0,0.0,0.0,0.0,0.0,3.21
STU-14363,0.4285307161773828,1.0623345717266302,1.5043247977216152,0.20852822583951966,-0.6,2.4722986247544205,0.5826137017846864,1.0,0.0,0.0,0.0,0.0,1.0,0.0,5.87
STU-13748,-1.2381625575738842,-0.15907981114327077,0.09507289916756968,0.17579024688856823,0.6,-0.14459724950884087,-0.6033390903857225,1.0,0.0,0.0,0.0,1.0,0.0,0.0,3.52
STU-13310,-0.6409308011463468,0.19010100654777146,-0.2749541356482977,-1.8294109638572047,-0.2,-0.4888015717092338,0.7737478411053542,1.0,0.0,0.0,0.0,0.0,1.0,0.0,3.51
STU-14373,-1.0714932301987572,0.5831090462123807,-0.44914239405895806,1.1742986048925854,0.4,-0.3017681728880158,0.009211283822682796,1.0,0.0,0.0,0.0,1.0,0.0,0.0,3.2
STU-11568,0.49797626925035327,-0.15333197875329488,-1.3230360294751553,-0.3480174163266538,0.6,-0.0974459724950883,-0.6079447322970639,0.0,1.0,0.0,0.0,1.0,0.0,0.0,4.24
STU-14903,0.03963561896875452,-2.4445616652074795,0.5753207528647581,0.7323358890547425,0.2,-0.6664047151277015,0.49740932642487057,1.0,0.0,0.0,0.0,1.0,0.0,0.0,3.97
STU-14270,1.7896635564075856,1.0623345717266302,1.5043247977216152,-1.682090058577923,-0.2,2.06679764243615,-0.2993667242371906,1.0,0.0,0.0,0.0,0.0,1.0,0.0,6.02
STU-13596,0.5118653798649468,1.0623345717266302,1.2071222325237652,0.8551033101208104,0.0,1.628290766208252,-0.24179620034542315,1.0,0.0,0.0,0.0,0.0,0.0,1.0,5.29
STU-12239,0.23408316757306866,0.01263668150726241,-0.6735204896387923,1.0269776996133044,0.0,-0.14616895874263258,-0.6793321819228555,1.0,0.0,0.0,0.0,0.0,1.0,0.0,3.8
STU-14435,-1.8770616458452034,0.0,-0.3379374607233389,1.681737278632333,0.4,-0.5406679764243615,0.24870466321243528,1.0,0.0,1.0,0.0,0.0,0.0,0.0,3.59
STU-14907,0.7202020390838558,0.0,1.1067425581854171,0.6423064469396258,-1.0,-0.20275049115913546,0.07369027058146237,1.0,0.0,0.0,0.0,1.0,0.0,0.0,4.25
STU-14417,-0.07147726594799676,0.8812778514423864,0.43360827144591574,0.4458785732339173,-0.8,0.3724950884086446,0.16580310880829013,0.0,1.0,0.0,0.0,0.0,1.0,0.0,4.83
STU-10396,-0.8909347922090366,-1.9387524148895914,0.19151611568872548,-1.4692931953967392,0.2,-1.4789783889980357,-0.5987334484743811,0.0,1.0,0.0,0.0,0.0,1.0,0.0,2.74
STU-12100,1.4285466804281444,-0.07717319958611266,1.3985107533152335e-15,-0.3807553952776052,1.6,-0.46994106090373294,0.24409902130109398,1.0,0.0,0.0,0.0,1.0,0.0,0.0,3.93
STU-10979,0.6924238178546674,1.0623345717266302,-0.03778255216259612,-1.0682529532475844,0.0,0.919449901768173,-0.039147956246401834,0.0,1.0,0.0,0.0,0.0,0.0,1.0,5.17
STU-14555,0.13685939327091098,-1.5622693933461629,0.48970279534087363,0.0,-0.8,0.3536345776031435,1.139896373056995,1.0,0.0,1.0,0.0,0.0,0.0,0.0,4.03
STU-13787,0.45630893740657125,-0.17201243402071725,0.1797067422371562,-0.24161898473606186,-0.6,0.35206286836935174,-0.5181347150259068,1.0,0.0,0.0,0.0,0.0,1.0,0.0,4.31
STU-11419,-0.9187130134382251,-1.281344085286086,-1.163609487878957,0.7650738680056939,-0.8,-0.4385068762278978,0.1174438687392055,1.0,0.0,0.0,0.0,0.0,0.0,1.0,3.54
STU-12969,0.3729742737190084,-0.01610248044261802,1.2691214431445084,1.4034644575492463,0.8,0.7905697445972495,0.3937823834196892,1.0,0.0,0.0,0.0,1.0,0.0,0.0,4.13
STU-14818,-0.6825981329901288,-0.06855145100114833,-0.18933617812441314,1.1415606259416349,1.0,0.5406679764243615,0.0,0.0,1.0,0.0,0.0,0.0,1.0,0.0,4.63
STU-12968,-1.3492754424906355,-0.297027788502695,0.7121126620121132,0.2658196890036848,0.6,-0.35049115913556006,0.13356361542890044,0.0,1.0,1.0,0.0,0.0,0.0,0.0,4.55
STU-11433,0.011857397739566082,-1.780687024165251,-0.11355936514350463,0.5850149837754607,0.4,-0.23732809430255403,-0.6724237190558435,1.0,0.0,1.0,0.0,0.0,0.0,0.0,3.04
STU-14236,-0.09925548717718521,-0.34372892667124944,-0.41371427370424746,0.2330817100527334,-1.0,-0.4196463654223969,0.0,1.0,0.0,0.0,0.0,0.0,0.0,1.0,4.22
STU-11692,0.9424278089173572,-0.209373344555561,1.5043247977216152,-0.7572421532135463,-0.6,-0.4133595284872298,-0.0898100172711571,1.0,0.0,0.0,0.0,0.0,1.0,0.0,4.22
STU-14601,-0.4881505843858135,-0.20362551216558514,0.35389500064781654,0.4868010469226064,-0.6,-0.13516699410609032,1.5152561888313187,0.0,1.0,0.0,1.0,0.0,0.0,0.0,4.5
STU-14054,1.7896635564075856,1.0623345717266302,1.5043247977216152,1.6653682891568562,1.4,0.587819253438114,-0.47207829591249284,1.0,0.0,0.0,0.0,1.0,0.0,0.0,5.97
STU-11788,0.7479802603130431,-0.049152516684979594,0.8577616012481464,-1.0600684585098468,-1.0,-0.12259332023575631,0.011514104778353443,1.0,0.0,0.0,1.0,0.0,0.0,0.0,3.94
STU-10743,-0.39092681008365704,1.0623345717266302,1.1520118230831038,-0.15158954262094526,0.2,-0.21532416502946947,-0.04145077720207248,1.0,0.0,0.0,0.0,0.0,1.0,0.0,4.93
STU-12825,-0.2520357039377173,-0.24817121318789848,0.32732391038178393,0.0,1.0,-0.05500982318271115,-0.987910189982729,1.0,0.0,0.0,1.0,0.0,0.0,0.0,4.5
STU-10363,-2.5992953978040867,1.0623345717266302,0.19446845905161814,0.2412662047904711,0.2,-0.14145383104125744,2.4617156016119743,1.0,0.0,0.0,1.0,0.0,0.0,0.0,3.82
STU-10334,1.6368833396470521,1.0623345717266302,1.4649602195497138,0.06120732056023862,0.8,1.3752455795677805,0.8221070811744386,0.0,1.0,0.0,0.0,0.0,0.0,1.0,6.56
STU-11301,1.7896635564075856,1.0623345717266302,1.5043247977216152,0.4458785732339173,0.0,0.0,-0.6908462867012091,0.0,1.0,0.0,0.0,1.0,0.0,0.0,5.74
STU-14393,-0.4603723631566263,0.0,-0.5701884719375532,-0.8063491216399737,-0.2,-1.2165029469548136,-0.432930339666091,1.0,0.0,0.0,1.0,0.0,0.0,0.0,2.3
STU-12078,0.8313149240006059,0.8841517676373738,1.1943287446178963,-0.07792908998130474,-1.0,0.8534381139489198,1.2020725388601037,1.0,0.0,0.0,1.0,0.0,0.0,0.0,5.04
STU-14394,-0.7520436860630981,-0.4270724963259023,-1.8475690336157322,1.9190876260267298,1.2,-0.5988212180746564,0.17962003454231443,1.0,0.0,0.0,0.0,0.0,1.0,0.0,2.99
STU-13860,-0.3353703676252814,1.0623345717266302,-1.5661122996866421,0.6259374574641497,0.8,0.21375245579567775,0.0,0.0,1.0,0.0,0.0,1.0,0.0,0.0,4.28
STU-10965,-1.0020476771257878,-2.6636977750753146,-1.0120558619171385,-0.5117073110814109,0.0,-1.2007858546168961,0.743811168681635,1.0,0.0,0.0,0.0,0.0,0.0,1.0,2.49
STU-10980,1.2618773530530174,-0.8761219017927776,0.5615431505045928,0.6914134153660526,-0.2,0.10373280943025544,0.04375359815774333,0.0,1.0,0.0,0.0,1.0,0.0,0.0,4.41
STU-11137,-1.2659407788030725,-2.001978571179327,-1.5100177757916828,0.2330817100527334,1.4,-1.7304518664047155,-0.2118595279217041,1.0,0.0,0.0,0.0,1.0,0.0,0.0,1.92
STU-14632,-1.2659407788030725,-1.981142678765664,-1.4962401734315176,1.739028741796498,-0.6,-0.8125736738703341,1.1122625215889468,0.0,1.0,1.0,0.0,0.0,0.0,0.0,2.5
STU-13025,0.9007604770735764,-0.6555488338274479,0.40211660890839446,-1.4447397111835254,-0.8,-0.4919449901768172,-0.11053540587219335,1.0,0.0,1.0,0.0,0.0,0.0,0.0,4.51
STU-10025,1.039651583219515,0.7519516226679265,-0.18441560585292585,0.6095684679886744,1.0,0.5611001964636544,-0.0805987334484743,0.0,1.0,0.0,0.0,0.0,0.0,1.0,5.54
STU-14975,0.4701980480211648,0.6470536815508637,-1.7206182690113518,-1.7639350059553018,0.0,-0.39607072691552064,1.646516983304548,1.0,0.0,0.0,0.0,1.0,0.0,0.0,4.13
STU-12626,0.5813109329379161,0.5148535365814154,-0.4343806772444961,0.3967716048074905,-1.0,0.0,0.601036269430052,1.0,0.0,0.0,0.0,1.0,0.0,0.0,3.95
STU-10137,0.13685939327091098,-1.3445702415758216,1.3985107533152335e-15,-1.0928064374607982,0.0,-0.8298624754420433,1.4300518134715028,0.0,1.0,0.0,0.0,0.0,1.0,0.0,3.0
STU-10511,-1.6409467653971073,-0.5556802460516148,0.02815311627533777,0.0,0.4,-1.1552062868369353,0.31318364997121484,1.0,0.0,0.0,0.0,0.0,0.0,1.0,3.91
STU-10702,-0.668709022375534,-1.0255655439321536,-0.6154577368352397,-0.6508437216229542,0.4,-0.650687622789784,2.80944156591825,1.0,0.0,0.0,0.0,1.0,0.0,0.0,3.71
STU-12859,0.6646455966254802,-1.685847789730647,-1.6015404200413528,-0.7163196795248571,0.4,-0.5563850687622789,0.5365572826712726,1.0,0.0,0.0,0.0,1.0,0.0,0.0,3.16
STU-13208,1.4563249016573316,-0.6110031328051345,-0.0033385462621821444,1.2561435522699638,0.6,-0.9807465618860512,0.0,1.0,0.0,0.0,1.0,0.0,0.0,0.0,4.07
STU-13504,-0.668709022375534,1.0623345717266302,0.9168084685059968,-0.10248257419451849,0.0,-0.35206286836935174,-0.09671848013816925,1.0,0.0,0.0,0.0,0.0,0.0,1.0,4.26
STU-10124,-1.2242734469592904,-0.9328817466437901,-0.6075848212008584,0.8551033101208104,1.8,-1.5056974459724954,0.3385146804835924,0.0,1.0,0.0,0.0,0.0,0.0,1.0,3.29
STU-12283,-1.1409387832717277,0.2662597857149537,1.5043247977216152,-1.4938466796099528,-0.2,-0.056581532416502864,0.6862406447898676,0.0,1.0,0.0,0.0,0.0,0.0,1.0,4.29
STU-10607,0.7618693709276366,-1.7311119698017081,-0.735519700259537,-1.0600684585098468,-0.4,0.11316306483300602,-0.03223949337938968,1.0,0.0,0.0,0.0,0.0,0.0,1.0,4.22
STU-11614,0.45630893740657125,-0.4752105925919514,0.02323254400385046,-1.9358093954477966,0.2,-0.2436149312377209,1.0362694300518138,0.0,1.0,0.0,1.0,0.0,0.0,0.0,3.44
STU-14006,0.8868713664589816,-0.14973958350956007,1.5043247977216152,-0.33983292158891615,-0.4,0.38821218074656205,0.3108808290155442,0.0,1.0,0.0,0.0,0.0,0.0,1.0,4.13
STU-12665,1.73410711394921,0.5744872976274163,1.3380094549453347,1.558969857566265,0.8,1.2102161100196467,0.6125503742084056,0.0,1.0,0.0,1.0,0.0,0.0,0.0,6.04
STU-12049,0.8590931452297944,-0.10088300819476355,1.4767695930012845,1.0842691627774697,0.2,-0.4652259332023575,-0.3776626367299942,1.0,0.0,0.0,1.0,0.0,0.0,0.0,4.82
STU-11796,0.8868713664589816,0.0,1.0181722572986414,-0.8800095742796142,-0.6,0.7009823182711198,0.49510650546919993,1.0,0.0,1.0,0.0,0.0,0.0,0.0,5.57
STU-11408,0.0,0.11106831118560181,-0.5583790984859826,-0.9373010374437787,0.6,0.2451866404715129,-0.5112262521588946,0.0,1.0,0.0,0.0,0.0,0.0,1.0,4.07
STU-11616,-0.0020317128750275202,0.4882698117777771,1.5043247977216152,-0.4462313531795081,-0.4,-0.007858546168958577,1.3770869314910767,1.0,0.0,1.0,0.0,0.0,0.0,0.0,4.11
STU-10037,-1.1687170045009148,-2.606219451175555,-0.8309788023263961,-0.3643864058021299,-0.8,-1.7304518664047155,0.0,1.0,0.0,0.0,0.0,0.0,1.0,0.0,2.59
STU-10204,-1.3353863318760417,0.6915993825731781,-1.0140240908257345,0.8632878048585481,0.2,0.6506876227897838,-0.9648819804260219,1.0,0.0,1.0,0.0,0.0,0.0,0.0,3.57
STU-14850,-1.765948760928452,-1.2569157976286878,-1.5602076129608569,-0.9782235111324685,-1.0,-1.2432220039292734,-0.7990788716177318,1.0,0.0,0.0,0.0,1.0,0.0,0.0,1.98
STU-10127,0.2618613888022571,-1.659264064927008,-1.0779915303550722,0.9696862364491393,-0.4,-0.9666011787819254,0.9994242947610826,1.0,0.0,0.0,0.0,0.0,0.0,1.0,4.26
STU-13467,-0.5437070268441891,0.18291621606030187,-0.5406650383086279,0.4868010469226064,1.0,-0.3693516699410609,-0.2993667242371906,1.0,0.0,0.0,0.0,1.0,0.0,0.0,3.5
STU-14390,0.06741384019794172,1.0623345717266302,-0.3231757439088756,-1.2483118374778168,1.2,0.8895874263261301,2.173862982153138,1.0,0.0,0.0,0.0,0.0,1.0,0.0,4.81
STU-12454,0.5674218223233225,-0.508260628834313,1.415754496834838,0.21671272057725732,-0.2,0.2467583497053046,0.0,1.0,0.0,0.0,0.0,0.0,0.0,1.0,4.71
STU-13168,-1.2381625575738842,-0.39043006483980486,0.0005979115550071455,1.0187932048755668,-1.0,0.25461689587426345,-0.04375359815774313,1.0,0.0,0.0,0.0,0.0,1.0,0.0,4.02
STU-11308,0.7618693709276366,-1.4451573084004021,-0.30349345482292633,0.13486777319987914,1.0,-0.6286836935166995,1.0500863557858378,0.0,1.0,0.0,0.0,0.0,0.0,1.0,3.21
STU-11220,0.5118653798649468,1.0623345717266302,1.2533756118757482,-0.929116542706041,-1.0,0.795284872298625,-0.8704663212435234,0.0,1.0,0.0,0.0,1.0,0.0,0.0,5.0
STU-12609,-2.4881825128873354,0.19944123418148216,-1.4716373120740796,-0.09429807945678081,0.0,-0.4463654223968566,-0.29706390328151994,1.0,0.0,0.0,0.0,0.0,0.0,1.0,3.36
STU-11275,-1.2381625575738842,0.8144592999089147,-1.0189446630972216,1.1906675943680622,-0.8,0.36306483300589404,-0.7276914219919401,1.0,0.0,0.0,0.0,1.0,0.0,0.0,3.41
STU-10087,1.7896635564075856,0.15130313791543298,0.9827441369439308,0.4049560995452282,0.4,0.28447937131630663,-0.8267127230857801,0.0,1.0,1.0,0.0,0.0,0.0,0.0,5.59
STU-11909,1.7063288927200226,-1.3984561702318468,0.1088505015277336,-0.09429807945678081,0.0,-0.38506876227897835,-0.6470926885434658,0.0,1.0,0.0,0.0,1.0,0.0,0.0,4.42
STU-12646,-1.3214972212614482,1.0113225592655937,1.2120428047952523,-1.305603300641982,1.2,-0.16502946954813347,-0.9856073690270581,1.0,0.0,0.0,0.0,1.0,0.0,0.0,3.94
STU-11227,-0.5159288056150019,-0.9249784771075731,0.24564241067508868,-1.2073893637891278,0.0,-0.47465618860510805,-0.6355785837651123,1.0,0.0,0.0,0.0,1.0,0.0,0.0,3.65
STU-11744,0.45630893740657125,1.0623345717266302,-0.2218119551162325,0.34766463638106304,0.0,0.2719056974459726,2.0564191134139325,0.0,1.0,0.0,0.0,0.0,0.0,1.0,4.99
STU-13966,0.4146416055627892,0.7102798378405994,1.5043247977216152,1.411648952286984,0.8,0.2341846758349706,2.80944156591825,1.0,0.0,0.0,0.0,0.0,0.0,1.0,6.06
STU-14821,-1.6270576547825135,-0.8394794703066802,0.12558044725079157,2.164622468158866,-0.2,-1.100196463654224,0.8290155440414511,1.0,0.0,0.0,0.0,0.0,0.0,1.0,3.54
STU-10622,1.317433795511393,1.0623345717266302,1.5043247977216152,0.9123947732849741,0.0,0.8377210216110021,0.20955670696603346,1.0,0.0,1.0,0.0,0.0,0.0,0.0,5.66
STU-11884,0.5257544904795405,0.12543789216054102,-0.3723814666237515,0.3149266574301116,-0.4,0.16188605108055001,-0.7253886010362696,1.0,0.0,0.0,0.0,1.0,0.0,0.0,3.95
STU-12630,-0.877045681594443,1.0623345717266302,-0.07911535924309206,-0.9864080058702062,-0.4,0.9241650294695484,0.17501439263097293,0.0,1.0,0.0,0.0,0.0,0.0,1.0,5.3
STU-13752,-0.6548199117609405,-1.2181179289963493,-0.6626952306415197,0.06120732056023862,0.2,-0.11944990176817287,0.7092688543465748,1.0,0.0,0.0,0.0,0.0,0.0,1.0,3.45
STU-14263,-1.279829889417666,-0.9673687409836463,1.3985107533152335e-15,0.29855766795463623,1.4,-1.0561886051080551,-0.5250431778929189,1.0,0.0,0.0,0.0,0.0,1.0,0.0,2.81
STU-10857,-0.668709022375534,-0.23236467411546455,0.07145415226442835,0.8714722995962858,1.6,-0.5563850687622789,-0.5227403569372482,1.0,0.0,0.0,0.0,0.0,0.0,1.0,3.17
STU-13978,0.6090891541671046,-0.4953280059568675,1.4885789664528553,1.0187932048755668,1.0,0.0,-0.8036845135290732,0.0,1.0,0.0,0.0,1.0,0.0,0.0,5.07
STU-13861,0.9007604770735764,-0.7417663196770882,-0.38615906898391683,0.5031700363980824,0.0,0.545383104125737,0.05296488198042613,1.0,0.0,0.0,0.0,0.0,1.0,0.0,3.61
STU-11459,-0.29370303578149937,0.9301344267571818,-0.061401299065736055,-1.7066435427911368,0.2,-0.3347740667976423,0.2694300518134715,1.0,0.0,0.0,1.0,0.0,0.0,0.0,3.04
STU-12159,-1.2242734469592904,-1.1383667545854321,-1.0848803315351556,-0.5689987742455761,-0.4,-1.7304518664047155,0.5273459988485896,0.0,1.0,0.0,0.0,1.0,0.0,0.0,2.43
STU-11099,0.03963561896875452,-1.9646176606444834,-1.4913196011600303,0.7405203837924801,0.0,-0.9273084479371317,0.3914795624640185,1.0,0.0,0.0,0.0,1.0,0.0,0.0,2.57
STU-14130,1.317433795511393,-0.13968087682710204,0.6875098006546753,2.230098426060769,-0.8,-0.3080550098231826,0.05296488198042613,0.0,1.0,0.0,0.0,0.0,0.0,1.0,4.55
STU-10706,0.45630893740657125,-3.0876004138360447,-0.7837413085201148,-0.4789693321304595,0.0,-0.5548133595284872,-0.7392055267702937,0.0,1.0,0.0,0.0,0.0,1.0,0.0,3.7
STU-14578,-1.2381625575738842,0.24039453996006171,-0.2139390394818511,1.493493899664362,0.8,-0.9776031434184677,0.33390903857225107,1.0,0.0,1.0,0.0,0.0,0.0,0.0,2.87
STU-14743,-0.18259015086474806,-2.5537704806170236,-1.0711027291749904,-0.012453132079401899,0.0,0.0,0.9142199194012667,1.0,0.0,0.0,0.0,0.0,1.0,0.0,2.77
STU-10539,0.5952000435525098,-1.1951265994364457,0.2643405853067427,0.1184987837244038,-0.8,-0.51237721021611,0.2924582613701786,1.0,0.0,0.0,0.0,0.0,0.0,1.0,4.05
STU-12497,-0.30759214639609295,-1.466711679862812,-1.5867787032268894,-0.9045630584928273,1.0,-0.2970530451866406,1.298791018998273,1.0,0.0,0.0,0.0,0.0,1.0,0.0,3.4
STU-13172,0.5813109329379161,1.0623345717266302,1.1470912508116164,-0.15977403735868367,0.4,1.0074656188605113,1.8445595854922285,0.0,1.0,0.0,0.0,0.0,1.0,0.0,5.76
STU-10162,0.7063129284692611,0.7275233350105281,0.2791023021212046,0.22489721531499574,-0.8,0.3190569744597249,-0.21876799078871625,1.0,0.0,0.0,0.0,1.0,0.0,0.0,5.11
STU-13644,0.3729742737190084,0.733271167400504,-0.19819320821309117,0.9615017417114017,0.0,0.0,-0.12895797351755894,0.0,1.0,0.0,0.0,0.0,1.0,0.0,4.04
STU-12632,-0.19647926147934167,-0.4867062573719032,-0.6321876825582964,0.8141808364321206,0.0,-0.7827111984282908,-0.7230857800805988,1.0,0.0,0.0,0.0,1.0,0.0,0.0,3.69
STU-10647,-0.9742694558966007,-2.6349586131254346,-2.0237255209349874,0.42950958375844195,-0.2,-1.5292730844793716,0.2855497985031665,1.0,0.0,0.0,0.0,0.0,1.0,0.0,2.88
STU-10966,-0.9048239028236315,0.3373892115409064,-0.24543070201937242,-0.2907259531624886,-0.6,-0.4573673870333989,-0.310880829015544,1.0,0.0,0.0,0.0,0.0,0.0,1.0,3.44
STU-14172,-0.7659327966776918,0.0,0.7288426077351712,0.1184987837244038,-0.2,0.06758349705304516,-0.4052964881980426,1.0,0.0,0.0,0.0,0.0,0.0,1.0,4.06
STU-12157,1.7896635564075856,0.0,-0.5780613875719331,0.5931994785131991,0.0,-0.6726915520628683,2.215313759355211,1.0,0.0,0.0,0.0,0.0,0.0,1.0,4.73
STU-13468,0.22019405695847505,-0.2819397284790074,0.16789736878558553,1.1497451206793725,1.0,-0.6271119842829078,0.9602763385146809,1.0,0.0,0.0,1.0,0.0,0.0,0.0,4.09
STU-14863,-0.41870503131284426,0.2641043485687126,1.0417910042017813,0.1184987837244038,-0.2,0.0,-0.5710995970063328,1.0,0.0,0.0,0.0,0.0,0.0,1.0,3.89
STU-12537,1.7063288927200226,1.0623345717266302,1.4925154242700445,-0.9373010374437787,0.2,0.4809430255402752,-0.45365572826712725,0.0,1.0,0.0,0.0,0.0,0.0,1.0,5.83
STU-11576,1.3313229061259868,0.486114374631536,1.3985107533152335e-15,0.5850149837754607,-0.8,-0.581532416502947,0.5020149683362121,1.0,0.0,0.0,1.0,0.0,0.0,0.0,4.48
STU-13267,1.4285466804281444,0.2439869352037965,-1.3299248306552371,-1.6902745533156607,0.4,-0.47151277013752463,1.6925734024179624,0.0,1.0,1.0,0.0,0.0,0.0,0.0,4.72
STU-14215,0.3590851631044136,1.0623345717266302,0.8794121192426916,-1.5838761217250688,0.6,-0.1587426326129666,1.1606217616580312,1.0,0.0,0.0,0.0,0.0,0.0,1.0,3.93
STU-13017,0.10908117204172377,-1.6793814782919236,-2.3356898029473014,1.0597156785642567,1.2,-0.47465618860510805,-0.46747265400115146,1.0,0.0,0.0,1.0,0.0,0.0,0.0,3.25
STU-13667,-0.2242574827085301,1.0623345717266302,0.6599545959343447,0.4868010469226064,1.0,1.1001964636542245,0.19113413932066786,1.0,0.0,0.0,0.0,0.0,1.0,0.0,4.52
STU-11207,0.3729742737190084,0.11753462262432404,-1.4893513722514355,-0.6344747321474782,-0.4,-0.3677799607072692,-1.1352907311456535,0.0,1.0,0.0,0.0,1.0,0.0,0.0,3.09
STU-12634,-1.5715012123241379,0.13190420359926425,1.3985107533152335e-15,1.5344163733530518,0.0,0.4573673870333989,0.14507772020725387,1.0,0.0,0.0,0.0,0.0,0.0,1.0,3.08
STU-13026,0.6646455966254802,1.0623345717266302,-0.47571348432499205,-0.9045630584928273,0.4,0.24990176817288803,-0.6332757628094416,1.0,0.0,1.0,0.0,0.0,0.0,0.0,3.94
STU-12898,-0.029809934104214727,-1.3984561702318468,-0.28971585246276105,0.003915857396073449,1.8,-0.2216110019646366,-0.0898100172711571,0.0,1.0,1.0,0.0,0.0,0.0,0.0,3.4
STU-12434,0.06741384019794172,0.3654098944420394,-1.0376428377288744,-1.6247985954137585,-1.0,-0.41021611001964636,0.06908462867012087,1.0,0.0,0.0,1.0,0.0,0.0,0.0,3.53
STU-10336,-0.2242574827085301,-1.361095259697003,1.3985107533152335e-15,-0.028822121554877973,-1.0,-0.19960707269155203,-0.8151986183074267,1.0,0.0,0.0,1.0,0.0,0.0,0.0,3.54
STU-12920,-2.529849844731117,-2.466834515718636,-1.4145586737248237,-0.32346393211344004,1.0,-1.7304518664047155,-0.02072538860103624,1.0,0.0,0.0,0.0,0.0,0.0,1.0,1.29
STU-12019,1.400768459198956,1.0472465117029437,0.5851618974077327,1.0842691627774697,1.4,0.545383104125737,-0.7207829591249281,1.0,0.0,0.0,1.0,0.0,0.0,0.0,4.94
STU-14237,0.24797227818766227,0.5716133814324289,0.5940189274964108,-0.8636405848041382,-1.0,-0.07701375245579573,0.6632124352331606,0.0,1.0,0.0,0.0,0.0,1.0,0.0,4.75
STU-10926,-0.15481192963556084,1.0623345717266302,1.5043247977216152,-0.3070949426379647,1.2,0.8785854616895878,-0.05757052389176742,1.0,0.0,0.0,0.0,0.0,0.0,1.0,4.37
STU-10683,0.6507564860108854,0.39127514019693144,0.24761063958368473,0.3067421626923739,0.6,0.28919449901768174,-0.023028209556706886,1.0,0.0,0.0,0.0,0.0,0.0,1.0,4.99
STU-12373,0.6646455966254802,0.2166847313514108,0.9935693959412034,-0.06156010050582939,0.0,-1.0184675834970531,-0.1934369602763385,0.0,1.0,0.0,1.0,0.0,0.0,0.0,4.42
STU-12766,-1.9187289776889853,0.5191644108738976,-1.403733414727551,-0.5771832689833137,-0.8,0.671119842829077,1.3126079447322974,1.0,0.0,0.0,0.0,1.0,0.0,0.0,2.82
STU-11636,-1.946507198918174,0.8029636351289631,-0.702059808813421,-0.42167786896629433,1.2,-0.047151277013752296,0.05757052389176742,1.0,0.0,1.0,0.0,0.0,0.0,0.0,3.56
STU-13136,-0.7520436860630981,0.5162904946789102,0.8282381676192196,-1.2401273427400792,-1.0,-0.6522593320235757,1.4899251583189408,1.0,0.0,0.0,1.0,0.0,0.0,0.0,4.33
STU-10178,0.9424278089173572,-0.14111783492459576,-0.10667056396342268,0.977870731186877,-0.2,-0.1603143418467583,0.029936672423719037,1.0,0.0,0.0,0.0,1.0,0.0,0.0,5.07
STU-14482,0.7202020390838558,1.0623345717266302,0.21611897704616342,-1.3792637532816225,0.6,1.4318271119842834,0.34772596430627517,1.0,0.0,0.0,0.0,1.0,0.0,0.0,4.33
STU-11589,-0.4603723631566263,0.19728579703524107,1.5043247977216152,-1.8457799533326802,-1.0,0.0,-0.8796776050662062,1.0,0.0,0.0,0.0,0.0,1.0,0.0,4.47
STU-11871,1.2618773530530174,0.4609676079253904,1.5043247977216152,-0.1434050478832076,-1.0,0.04086444007858543,-0.3200921128382268,0.0,1.0,0.0,0.0,1.0,0.0,0.0,5.25
STU-10428,-1.8353943140014226,-1.1053167183430705,-1.404717529181849,0.8223653311698583,1.2,-1.295088408644401,0.38917674150834786,1.0,0.0,0.0,0.0,0.0,0.0,1.0,2.04
STU-11857,0.553532711708729,1.0623345717266302,1.3985107533152335e-15,0.7323358890547425,-0.2,1.2306483300589393,0.12895797351755914,1.0,0.0,1.0,0.0,0.0,0.0,0.0,5.06
STU-12110,-1.1687170045009148,-1.247575569994977,-1.0612615846320144,-0.699950690049381,1.2,-0.3174852652259332,-0.39838802533103046,1.0,0.0,0.0,0.0,0.0,0.0,1.0,2.54
STU-10567,-0.4881505843858135,-1.4034855235730752,-1.5129701191545755,-1.7721195006930395,-0.4,-1.11434184675835,0.12435233160621764,0.0,1.0,0.0,1.0,0.0,0.0,0.0,2.88
STU-14648,0.7896475921568251,0.2274619170826152,-0.5839660742977185,3.138577341949669,1.4,0.9178781925343815,-0.3960852043753598,1.0,0.0,1.0,0.0,0.0,0.0,0.0,4.9
STU-13038,0.6924238178546674,0.3711577268320153,0.5349720602385603,0.4786165521848687,-1.0,0.24361493123772118,-0.27633851468048365,1.0,0.0,0.0,0.0,0.0,1.0,0.0,4.5
STU-12188,0.0,0.6405873701121405,0.40703718117988175,-0.41349337422855664,-0.2,1.269941060903733,-0.9188255613126081,0.0,1.0,0.0,0.0,0.0,0.0,1.0,5.13
STU-10871,-0.26592481455231215,-1.3963007330856056,-1.5060813179744936,-0.40530887949081895,1.0,-0.33634577603143434,-0.7276914219919401,1.0,0.0,0.0,0.0,0.0,0.0,1.0,3.55
STU-11353,1.2757664636676112,1.0623345717266302,1.1775987988948398,-0.5771832689833137,0.8,1.2652259332023577,0.08981001727115731,1.0,0.0,1.0,0.0,0.0,0.0,0.0,5.33
STU-10632,-2.5437389553457113,-0.7065608462884855,-0.6872980919989576,-1.6084296059382825,-1.0,0.21060903732809433,-0.8198042602187681,1.0,0.0,0.0,0.0,0.0,1.0,0.0,3.12
STU-13960,0.011857397739566082,1.0623345717266302,-0.29168408137135565,1.346172994385081,-0.2,0.047151277013752574,0.18652849740932656,1.0,0.0,0.0,0.0,0.0,1.0,0.0,5.57
STU-10634,0.0,-0.0563373071724492,0.3794819764595511,0.5195390258735578,2.2,-0.3929273084479372,0.5273459988485896,0.0,1.0,0.0,1.0,0.0,0.0,0.0,3.66
STU-12502,-0.3770376994690622,-0.004606815662665236,0.6501134513913687,0.0,-1.0,0.40235756385068777,0.7668393782383423,1.0,0.0,0.0,0.0,1.0,0.0,0.0,4.34
STU-10812,-1.5159447698657622,-1.728956532655467,-1.6783013474765593,1.796320204960662,-0.4,-0.8722986247544205,-0.8036845135290732,1.0,0.0,1.0,0.0,0.0,0.0,0.0,3.44
STU-13952,-0.6409308011463468,-0.992515507689791,-0.18146326249003317,-0.06974459524356708,-0.2,-1.0153241650294698,0.4306275187104204,1.0,0.0,0.0,0.0,0.0,0.0,1.0,3.81
STU-11065,-1.04371500896957,1.0623345717266302,0.6688116260230227,-0.07792908998130474,0.4,0.19803536345776032,-0.46747265400115146,1.0,0.0,1.0,0.0,0.0,0.0,0.0,3.96
STU-10115,-0.11314459779177881,-0.595915072781447,0.5034803977010389,1.1579296154171101,0.6,0.3929273084479372,1.6303972366148536,1.0,0.0,0.0,0.0,0.0,0.0,1.0,4.3
STU-14817,-2.2798458536684265,0.0,-1.1734506324219314,-0.7163196795248571,0.2,0.0031434184675834306,-0.9464594127806563,1.0,0.0,1.0,0.0,0.0,0.0,0.0,3.51
STU-13620,-0.08536637656259037,-0.7776902721144382,0.3912913499111218,0.6586754364151012,-1.0,-0.5485265225933204,-0.0805987334484743,1.0,0.0,0.0,0.0,0.0,1.0,0.0,4.14
STU-10659,0.9563169195319521,0.0,-0.1696538890384639,-1.412001732232574,0.0,0.30333988212180746,0.0,1.0,0.0,0.0,0.0,0.0,1.0,0.0,4.0
STU-10030,0.08130295081253533,0.5083872251426932,0.23973772394930476,-0.78179563742676,0.4,0.09115913555992144,0.21876799078871625,1.0,0.0,0.0,0.0,0.0,0.0,1.0,4.47
STU-10311,-0.6825981329901288,-0.32648542950132176,1.1470912508116164,-2.3041116586459993,-0.4,-0.4652259332023575,0.4006908462867013,1.0,0.0,0.0,0.0,0.0,0.0,1.0,4.56
STU-10422,0.6090891541671046,0.08017371208948029,-0.04762369670557075,-0.7572421532135463,0.0,0.18074656188605118,0.0,1.0,0.0,0.0,0.0,1.0,0.0,0.0,3.74
STU-12852,0.17852672511469303,1.0623345717266302,1.3985107533152335e-15,0.6013839732509367,0.0,0.49666011787819264,0.5895221646516984,1.0,0.0,0.0,0.0,0.0,0.0,1.0,4.95
STU-11399,1.7896635564075856,-0.11166019392596897,0.08031118235310634,0.34766463638106304,1.8,0.1603143418467583,-1.02475532527346,0.0,1.0,0.0,0.0,0.0,0.0,1.0,5.35
STU-13182,0.5952000435525098,0.016229076750997207,-0.6961551220876356,0.07757631003571397,-0.4,1.0090373280943028,-0.7852619458837076,1.0,0.0,0.0,0.0,0.0,0.0,1.0,4.73
STU-14649,0.09519206142713017,-0.7956522483331132,-1.6704284318421794,0.6504909416773635,1.0,-0.020432220039292577,-0.36384571099597013,0.0,1.0,0.0,0.0,0.0,1.0,0.0,3.58
STU-13885,0.7340911496984495,1.0623345717266302,-1.3643688365556512,-0.04519111103035332,-0.6,-0.42278978388998034,0.0,1.0,0.0,0.0,0.0,0.0,0.0,1.0,4.44
STU-10870,-0.9881585665111943,-0.4550931792270353,1.3985107533152335e-15,0.5195390258735578,1.4,0.19332023575638516,0.02533103051237774,1.0,0.0,0.0,1.0,0.0,0.0,0.0,3.97
STU-14840,-0.015920823489621122,0.07083348445576962,-0.03975078107119077,-1.8785179322836316,1.6,0.09115913555992144,0.6655152561888313,1.0,0.0,0.0,0.0,0.0,1.0,0.0,4.12
STU-11651,-1.5576121017095443,-0.3128343275751289,-0.7325673568966442,-0.3480174163266538,-0.4,-0.8487229862475443,1.625791594703512,1.0,0.0,1.0,0.0,0.0,0.0,0.0,3.32
STU-14790,1.1785426893654534,-1.008322046762225,1.3985107533152335e-15,-0.699950690049381,0.2,-0.5548133595284872,0.19573978123200936,0.0,1.0,0.0,1.0,0.0,0.0,0.0,4.54
STU-10267,-0.26592481455231215,1.0623345717266302,0.07932706789880833,-1.0273304795588953,-0.8,-0.3724950884086443,0.3960852043753598,0.0,1.0,1.0,0.0,0.0,0.0,0.0,4.55
STU-12304,1.4702140122719252,0.1620803236466384,0.7140808909207079,-0.699950690049381,-1.0,0.1713163064833006,0.6332757628094419,1.0,0.0,0.0,0.0,0.0,1.0,0.0,3.92
STU-12066,0.45630893740657125,0.7375820416929862,1.5043247977216152,-0.3725709005398675,1.8,0.5673870333988212,-0.0046056419113412956,0.0,1.0,0.0,1.0,0.0,0.0,0.0,5.03
STU-11631,1.0952080256778904,1.0623345717266302,1.5043247977216152,-1.2974188059042444,0.6,0.6506876227897838,1.3425446171560165,1.0,0.0,0.0,0.0,0.0,0.0,1.0,5.72
STU-10036,-0.6270416905317532,-2.441687749012492,-0.677456947455983,1.706290762845546,0.2,-1.5277013752455797,0.7046632124352332,1.0,0.0,0.0,1.0,0.0,0.0,0.0,2.25
STU-12018,0.3729742737190084,1.0623345717266302,0.5910665841335181,0.4949855416603448,-0.8,0.29862475442043235,0.0,1.0,0.0,0.0,0.0,0.0,0.0,1.0,4.72
STU-12203,-0.3353703676252814,1.0623345717266302,1.0604891788334339,0.1512367626753552,0.0,0.8157170923379176,-1.1652274035693726,1.0,0.0,0.0,0.0,0.0,1.0,0.0,5.97
STU-13348,1.7896635564075856,0.9840203554132069,1.5043247977216152,-0.6426592268852166,-0.2,0.20589390962671916,0.0069084628670121485,1.0,0.0,0.0,0.0,0.0,0.0,1.0,4.82
STU-11028,0.2757504994168507,1.0623345717266302,1.5043247977216152,0.7650738680056939,11.4,1.5984282907662084,-0.40299366724237196,1.0,0.0,0.0,0.0,1.0,0.0,0.0,5.3
STU-14319,-2.015952751991143,-4.097063477325581,-1.7904903952664764,-1.2974188059042444,0.2,-1.7304518664047155,1.1260794473229707,1.0,0.0,1.0,0.0,0.0,0.0,0.0,1.0
STU-10919,-0.6270416905317532,-2.2067451000722222,-1.4332568483564763,-0.11885156366999385,-0.8,-1.0294695481335954,0.02072538860103624,1.0,0.0,0.0,0.0,0.0,1.0,0.0,3.11
STU-12046,-0.11314459779177881,0.11106831118560181,0.5389085180557496,-0.8145336163777114,-1.0,0.6066797642436149,-0.4075993091537133,1.0,0.0,0.0,1.0,0.0,0.0,0.0,4.14
STU-10454,0.7340911496984495,1.0623345717266302,-0.13717811204664598,-0.06156010050582939,-0.4,0.27662082514734776,0.6586067933218194,1.0,0.0,0.0,0.0,0.0,1.0,0.0,4.37
STU-12198,-1.6270576547825135,-0.7820011464069204,0.3647202596450892,-1.9112559112345828,1.2,-0.40078585461689575,0.6171560161197469,0.0,1.0,0.0,0.0,0.0,0.0,1.0,3.49
STU-10587,-1.1270496726571329,-1.8697784262098793,-0.5042528034996193,1.3625419838605564,0.6,11.817048239293689,-0.8151986183074267,1.0,0.0,0.0,0.0,0.0,0.0,1.0,1.71
STU-12804,0.4701980480211648,1.0623345717266302,0.26926115757823005,-0.24980347947379952,-0.6,1.144204322200393,-0.9948186528497411,1.0,0.0,0.0,0.0,0.0,1.0,0.0,4.73
STU-12848,1.7896635564075856,0.8949289533685791,0.7278584932808732,0.8223653311698583,0.4,0.9068762278978393,-0.08520437535981581,1.0,0.0,0.0,0.0,0.0,1.0,0.0,5.43
STU-14535,-0.6409308011463468,-0.6972206186547738,1.2986448767734335,-0.5280763005568863,0.2,-0.2593320235756386,-0.4835924006908463,1.0,0.0,0.0,0.0,1.0,0.0,0.0,3.99
STU-10693,-0.07147726594799676,0.0,-1.1203084518898663,-0.4462313531795081,0.8,-1.6298624754420434,-0.6217616580310881,1.0,0.0,0.0,0.0,0.0,0.0,1.0,3.48
STU-10561,-2.8631884994813706,0.0,-0.22476429847912377,0.053022825822500945,0.0,-1.4223968565815328,-0.13356361542890044,1.0,0.0,0.0,0.0,0.0,0.0,1.0,2.33
STU-14691,1.7063288927200226,0.35606966680832874,-1.9253140755052354,1.5016783944020997,0.6,-0.37092337917485263,-0.08290155440414496,1.0,0.0,0.0,1.0,0.0,0.0,0.0,5.12
STU-12522,-0.19647926147934167,1.0623345717266302,0.22497600713484142,1.1088226469906828,1.8,1.4003929273084486,-1.109959700633276,1.0,0.0,0.0,0.0,0.0,1.0,0.0,5.0
STU-10716,-0.5437070268441891,-0.9314447885462963,0.21611897704616342,1.5753388470417402,-0.2,-1.163064833005894,-0.2302820955670697,1.0,0.0,0.0,0.0,0.0,0.0,1.0,3.03
STU-11991,-1.8631725352306099,-1.0313133763221294,-1.1793553191477169,1.04334668908878,0.6,-0.49980353634577607,-0.8842832469775476,1.0,0.0,0.0,0.0,1.0,0.0,0.0,3.42
STU-11089,0.3590851631044136,1.0623345717266302,0.7495090112754185,-1.2974188059042444,1.6,0.7229862475442044,-0.7553252734599886,1.0,0.0,0.0,0.0,1.0,0.0,0.0,4.69
STU-11302,-0.5437070268441891,-3.385050740017303,-1.874140123881765,-0.5771832689833137,1.2,-1.5905697445972498,-0.3822682786413357,1.0,0.0,0.0,0.0,0.0,1.0,0.0,1.96
STU-14664,0.5813109329379161,-0.7374554453846061,-0.08305181706028135,-0.33164842685117846,0.0,-1.5497053045186642,-0.1082325849165227,1.0,0.0,0.0,0.0,0.0,1.0,0.0,3.77
STU-13718,-0.7798219072922853,1.0623345717266302,1.0309657452045087,-0.176143026834159,-0.2,-0.23732809430255403,-0.14507772020725387,0.0,1.0,0.0,0.0,0.0,0.0,1.0,4.09
STU-14512,-0.8492674603652558,1.0623345717266302,1.4679125629126066,0.1184987837244038,-0.4,1.3060903732809432,0.5112262521588946,1.0,0.0,0.0,0.0,0.0,1.0,0.0,3.84
STU-12369,-1.2381625575738842,-0.09657213390228139,0.12754867615938761,0.805996341694383,1.0,0.16345776031434203,-0.05757052389176742,0.0,1.0,0.0,0.0,1.0,0.0,0.0,4.1
STU-14701,-0.7103763542193161,0.509824183240187,-0.8565657781381306,-0.2907259531624886,-0.6,0.0,0.3062751871042027,1.0,0.0,0.0,0.0,1.0,0.0,0.0,3.57
STU-12163,0.13685939327091098,0.3409816067846412,0.4090054100884778,-0.7899801321644976,-0.6,-0.23104125736738718,1.6833621185952794,0.0,1.0,1.0,0.0,0.0,0.0,0.0,4.87
STU-12226,0.6090891541671046,1.0077301640218577,-0.7424085014396189,0.5440925100867715,1.0,0.20117878192534375,0.3246977547495683,1.0,0.0,0.0,0.0,1.0,0.0,0.0,4.52
STU-10902,0.08130295081253533,-0.8660631951103196,0.42868769917442706,-0.6426592268852166,0.6,0.13045186640471515,0.7783534830166955,1.0,0.0,0.0,1.0,0.0,0.0,0.0,4.43
STU-14142,-2.04373097322033,-1.6326803401233687,0.8292222820735177,0.18397474162630664,-0.8,-1.3469548133595288,0.14507772020725387,1.0,0.0,1.0,0.0,0.0,0.0,0.0,2.3
STU-12184,1.1785426893654534,0.9833018763644605,0.648145222482774,0.6341219522018882,-0.6,0.3489194499017683,-0.4006908462867013,0.0,1.0,0.0,0.0,0.0,1.0,0.0,5.03
STU-12982,0.3729742737190084,1.0623345717266302,-0.5721567008461478,0.2412662047904711,-0.4,1.0483300589390965,-0.7415083477259644,1.0,0.0,1.0,0.0,0.0,0.0,0.0,5.63
STU-12947,1.4285466804281444,1.0623345717266302,1.5043247977216152,-0.699950690049381,-0.2,1.2856581532416507,0.0,1.0,0.0,0.0,0.0,0.0,1.0,0.0,6.09
STU-12650,0.8729822558443879,1.0623345717266302,1.2090904614323597,-0.2661724689492756,1.0,-0.3316306483300589,-0.6655152561888313,1.0,0.0,1.0,0.0,0.0,0.0,0.0,5.31
STU-10579,-0.7103763542193161,0.026287783433455256,0.6422405357569887,-1.1992048690513901,0.0,-0.23889980353634574,0.9740932642487047,1.0,0.0,0.0,0.0,0.0,0.0,1.0,4.04
STU-10207,-0.5437070268441891,1.0623345717266302,-0.012195576350860144,0.200343731101782,0.4,0.4888015717092338,-0.8313183649971215,1.0,0.0,0.0,0.0,1.0,0.0,0.0,4.98
STU-12732,-0.9187130134382251,-0.9192306447175972,0.03701014636401577,1.681737278632333,1.4,0.6569744597249513,0.13356361542890044,1.0,0.0,0.0,1.0,0.0,0.0,0.0,3.41
STU-14170,0.3590851631044136,-0.8904914827677178,-0.4698087975992067,1.9272721207644674,1.2,-1.0829076620825149,-0.3684513529073114,1.0,0.0,0.0,0.0,0.0,0.0,1.0,4.32
STU-11530,-0.27981392516690573,-2.083166703687738,0.32732391038178393,-0.06156010050582939,2.2,0.0,-0.35463442717328736,1.0,0.0,0.0,0.0,0.0,0.0,1.0,3.96
STU-13984,0.10908117204172377,-0.15836133209452338,1.3985107533152335e-15,0.9042102785472365,-0.8,0.047151277013752574,-0.06678180771445022,1.0,0.0,1.0,0.0,0.0,0.0,0.0,4.23
STU-12614,1.1924317999800482,1.0623345717266302,0.2820546454840973,-0.7572421532135463,-1.0,0.6271119842829078,0.5388601036269433,0.0,1.0,0.0,0.0,1.0,0.0,0.0,5.32
STU-11284,0.7757584815422303,0.6492091186971048,1.214011033703847,-2.0667613112516015,-0.4,0.21060903732809433,2.80944156591825,1.0,0.0,1.0,0.0,0.0,0.0,0.0,4.35
STU-10481,-1.0992714514279456,-1.963899181595736,-1.4775419987998648,-0.5689987742455761,1.0,-1.2966601178781927,0.47207829591249284,0.0,1.0,0.0,0.0,0.0,1.0,0.0,2.57
STU-10985,1.7896635564075856,-1.2662560252623984,-1.9085841297821788,-1.518400163823166,2.4,-0.4620825147347741,1.1329879101899831,0.0,1.0,0.0,0.0,0.0,0.0,1.0,3.39
STU-14077,-1.3076081106468547,-0.22661684172548865,-0.03187786543681079,0.2903731732168986,-0.4,-0.5045186640471512,-0.8151986183074267,0.0,1.0,0.0,0.0,0.0,0.0,1.0,3.41
STU-13108,0.6924238178546674,-1.525626961860066,0.37160906082517114,1.7635822260097112,0.4,-0.6365422396856583,0.7161773172135868,1.0,0.0,0.0,0.0,0.0,0.0,1.0,3.49
STU-10599,-0.8076001285214738,-1.102442802148082,-0.30054111146003365,-1.5675071322495933,1.2,-0.5563850687622789,0.4052964881980426,0.0,1.0,1.0,0.0,0.0,0.0,0.0,3.63
STU-13774,1.7896635564075856,-0.037656851905027836,-0.3881272978925129,0.3149266574301116,1.2,0.8282907662082518,-0.5043177892918826,1.0,0.0,0.0,0.0,0.0,0.0,1.0,4.8
STU-11668,1.7896635564075856,0.18291621606030187,0.7898577039016164,0.5931994785131991,1.4,0.41493123772102175,1.238917674150835,0.0,1.0,0.0,0.0,0.0,0.0,1.0,5.01
STU-11427,0.0,0.9868942716081953,-0.6656475740044123,-0.3562019110643915,1.6,0.40078585461689603,-0.6056419113413932,1.0,0.0,0.0,0.0,0.0,0.0,1.0,4.32
STU-12883,-0.9742694558966007,-0.75326198445704,-0.5042528034996193,1.1824830996303233,-1.0,-0.337917485265226,-0.1128382268278642,1.0,0.0,1.0,0.0,0.0,0.0,0.0,3.92
STU-13687,-1.0159367877403815,0.8654713123699525,1.3985107533152335e-15,-0.7899801321644976,-1.0,0.41335952848723007,-0.32700057570523894,1.0,0.0,0.0,0.0,1.0,0.0,0.0,3.54
STU-12456,-0.5992634693025648,0.3718762058807627,-0.7148532967192882,0.5850149837754607,-0.8,1.1253438113948924,-0.5941278065630398,0.0,1.0,0.0,1.0,0.0,0.0,0.0,4.63
STU-12915,0.7618693709276366,0.3697207687345216,-1.20986286723094,0.6013839732509367,0.2,0.10373280943025544,0.7760506620610249,1.0,0.0,1.0,0.0,0.0,0.0,0.0,4.5
STU-13126,0.5813109329379161,0.07011500540702224,-0.16768566012986785,-0.3725709005398675,-0.6,-0.8455795677799608,-0.4375359815774324,0.0,1.0,0.0,0.0,1.0,0.0,0.0,4.78
STU-11963,0.5813109329379161,0.7792538265203122,0.017327857278065125,0.7159668995792663,-0.2,-0.6459724950884087,1.1007484168105932,0.0,1.0,0.0,1.0,0.0,0.0,0.0,4.74
STU-14568,-0.7103763542193161,1.0623345717266302,-0.287747623554165,2.852120026128845,0.2,1.343811394891945,0.2625215889464596,0.0,1.0,0.0,1.0,0.0,0.0,0.0,4.29
STU-11986,-1.363164553105229,-0.3803713581573468,-1.252179788765734,-3.155299111370736,0.0,-0.3457760314341846,-0.4052964881980426,1.0,0.0,0.0,0.0,0.0,0.0,1.0,2.61
STU-14018,0.91464958768817,1.0623345717266302,1.0083311127556653,-1.452924205921263,1.4,0.7512770137524558,-0.3707541738629821,1.0,0.0,0.0,0.0,0.0,0.0,1.0,5.63
STU-10364,-0.4881505843858135,0.003296453873551729,0.13246924843087493,-0.1843275215718967,0.0,-0.028290766208251432,0.31778929188255617,1.0,0.0,0.0,0.0,1.0,0.0,0.0,4.42
STU-12571,0.5118653798649468,1.0623345717266302,0.2544994407637667,0.32311115216785,0.0,-0.45893909626719065,-0.5780080598733449,1.0,0.0,0.0,0.0,0.0,1.0,0.0,5.45
STU-11129,0.20630494634388147,-0.7281152177508953,-0.44225359287887606,0.6259374574641497,0.6,-0.11316306483300602,0.8313183649971216,1.0,0.0,1.0,0.0,0.0,0.0,0.0,3.62
STU-10281,-1.3353863318760417,-0.15764285304577705,-0.9795800849253204,-0.11066706893225617,-0.2,-0.47151277013752463,-0.7369027058146229,1.0,0.0,0.0,0.0,0.0,1.0,0.0,2.58
STU-10609,0.8035367027714188,0.0,0.5959871564050054,0.07757631003571397,0.4,-0.004715127701375146,0.2855497985031665,0.0,1.0,0.0,1.0,0.0,0.0,0.0,4.6
STU-12031,-0.1270337084063724,-0.4895801735668906,-0.9756436271081311,0.5604614995622477,0.8,-0.6868369351669943,-0.356937248128958,0.0,1.0,0.0,0.0,0.0,0.0,1.0,3.72
STU-14976,0.7896475921568251,0.8611604380774702,1.313406593587897,0.6341219522018882,0.0,1.2872298624754421,1.291882556131261,0.0,1.0,0.0,1.0,0.0,0.0,0.0,5.34
STU-14849,0.6924238178546674,0.27775545049490546,1.5043247977216152,0.5686459942999853,-0.8,0.3332023575638509,-0.4145077720207254,1.0,0.0,0.0,0.0,0.0,1.0,0.0,5.29
STU-13935,0.3174178312606327,1.0623345717266302,-0.07124244360871208,0.32311115216785,0.8,1.7493123772102166,0.9810017271157171,1.0,0.0,0.0,1.0,0.0,0.0,0.0,5.1
STU-14656,0.34519605248981994,0.36684685253953314,0.7052238608320299,-1.0191459848211575,0.2,-0.3269155206286838,0.09902130109384011,1.0,0.0,0.0,0.0,0.0,0.0,1.0,3.97
STU-11115,-2.18262207936627,-0.9953894238847795,-0.11749582296069533,0.044838331084762546,0.4,-0.4793713163064832,-1.0362694300518136,1.0,0.0,0.0,0.0,1.0,0.0,0.0,2.79
STU-10102,0.6646455966254802,0.9207941991234712,-0.5741249297547438,1.411648952286984,0.4,0.3850687622789786,0.05526770293609678,0.0,1.0,0.0,0.0,0.0,1.0,0.0,5.22
STU-14355,0.8590931452297944,1.0623345717266302,0.5802413251362455,-1.6166141006760202,0.6,0.8675834970530455,0.8244099021301097,1.0,0.0,0.0,0.0,0.0,0.0,1.0,5.35
STU-12150,1.0674298044487034,-0.22517988362799493,-0.18047914803573656,-0.2170655005228481,-0.4,0.3174852652259332,-0.8405296488198044,1.0,0.0,0.0,0.0,0.0,1.0,0.0,4.26
STU-14644,0.22019405695847505,1.0623345717266302,0.715065005375006,-0.2907259531624886,-0.2,0.6459724950884089,-0.4513529073114566,1.0,0.0,0.0,0.0,0.0,0.0,1.0,4.63
STU-11982,0.553532711708729,1.0623345717266302,0.34011739828765125,-0.8145336163777114,0.2,0.6271119842829078,-0.188831318364997,1.0,0.0,0.0,0.0,0.0,1.0,0.0,4.38
STU-10935,-0.5159288056150019,-1.030594897273382,1.1067425581854171,0.03665383634702487,0.6,0.2719056974459726,-0.5572826712723087,0.0,1.0,0.0,0.0,0.0,0.0,1.0,4.26
STU-14807,-0.3214812570106865,-1.1944081203876984,-0.4235554182472235,-0.02063762681713957,-0.2,-0.39921414538310407,-0.4444444444444444,0.0,1.0,1.0,0.0,0.0,0.0,0.0,5.03
STU-11114,-0.7659327966776918,0.3754686011244975,-1.2738303067602792,1.0924536575152073,-0.6,0.6852652259332027,0.1128382268278642,1.0,0.0,0.0,0.0,0.0,0.0,1.0,3.48
STU-12893,-0.11314459779177881,0.2791924085923992,-0.017116148622347456,0.7814428574811692,-0.6,-0.5658153241650296,-0.75993091537133,0.0,1.0,0.0,0.0,0.0,1.0,0.0,3.77
STU-13397,-1.3214972212614482,-2.4747377852548533,0.4011324944540978,-1.7966729849062533,0.2,-1.6471512770137529,-0.432930339666091,0.0,1.0,0.0,1.0,0.0,0.0,0.0,2.73
STU-13742,0.8868713664589816,1.0070116849731114,1.3547394006683928,0.805996341694383,-0.4,0.27819253438113944,-0.14277489925158324,0.0,1.0,0.0,0.0,0.0,0.0,1.0,5.05
STU-10840,-1.2103843363446969,-1.768472880336552,-1.5198589203346589,-0.3889398900153429,1.0,-0.8330058939096269,-0.29476108232584924,1.0,0.0,1.0,0.0,0.0,0.0,0.0,3.29
STU-10367,-1.0159367877403815,-0.9917970286410447,-0.8673910371354033,0.09394529951119004,-0.4,-1.3343811394891947,-1.1421991940126657,1.0,0.0,0.0,0.0,0.0,0.0,1.0,2.98
STU-14651,-1.0576041195841634,0.11394222738058925,0.26532469976103934,0.4622475627093934,-1.0,1.0593320235756387,0.10592976396085205,0.0,1.0,0.0,0.0,1.0,0.0,0.0,5.08
STU-10229,-0.2103683720939365,0.26554130666620634,0.22694423604343608,0.4949855416603448,0.8,1.1222003929273086,0.6609096142774901,1.0,0.0,0.0,1.0,0.0,0.0,0.0,4.14
STU-11641,0.386863384333602,0.2914065524210983,0.9315701853204602,-0.5362607952946247,1.0,1.0231827111984284,0.0,1.0,0.0,0.0,0.0,0.0,1.0,0.0,4.92
STU-14956,0.24797227818766227,0.4523458593404271,-1.5641440707780474,-0.49533832160593483,-0.4,-0.44950884086444004,-0.6171560161197467,0.0,1.0,0.0,0.0,1.0,0.0,0.0,3.41
STU-11290,1.0674298044487034,0.6226253938934655,1.5043247977216152,1.1415606259416349,-0.8,0.7717092337917489,2.3949337938975246,1.0,0.0,0.0,1.0,0.0,0.0,0.0,4.99
STU-13155,1.7896635564075856,0.21165537801018128,1.4629919906411193,0.5931994785131991,0.2,0.9776031434184679,0.667818077144502,0.0,1.0,0.0,1.0,0.0,0.0,0.0,5.6
STU-10016,1.3035446848967995,1.0623345717266302,0.9364907575919476,0.7978118469566453,0.8,0.3300589390962672,0.0,0.0,1.0,1.0,0.0,0.0,0.0,0.0,5.4
STU-14060,1.7896635564075856,0.6714819692082621,-0.6961551220876356,-1.2728653216910306,0.4,0.014145383104125716,-0.32700057570523894,1.0,0.0,1.0,0.0,0.0,0.0,0.0,5.15
STU-13344,-0.0020317128750275202,1.0623345717266302,1.094933184733848,0.09394529951119004,-0.2,0.9807465618860512,-0.7783534830166955,1.0,0.0,0.0,0.0,1.0,0.0,0.0,5.57
STU-12903,1.7896635564075856,1.0623345717266302,1.2159792626124417,0.5277235206112962,0.2,0.993320235756385,0.1174438687392055,1.0,0.0,0.0,0.0,0.0,1.0,0.0,5.7
STU-11393,0.17852672511469303,0.723212460718046,-0.8191694288748254,0.2330817100527334,-0.8,0.46051080550098233,1.146804835924007,0.0,1.0,0.0,0.0,0.0,1.0,0.0,4.27
STU-12849,-0.349259478239875,1.0623345717266302,-0.05844895570284339,0.34766463638106304,-0.2,0.5375245579567781,2.0610247553252736,1.0,0.0,0.0,0.0,0.0,0.0,1.0,3.88
STU-10387,0.3590851631044136,0.7979342817877335,-0.49834811677383395,-0.49533832160593483,0.0,0.9854616895874267,1.0569948186528502,1.0,0.0,0.0,0.0,1.0,0.0,0.0,5.2
STU-13361,-0.5020396950004083,0.02916169962844371,1.4639761050954172,0.3558491311188014,1.4,-0.05186640471512772,1.0915371329879102,1.0,0.0,1.0,0.0,0.0,0.0,0.0,4.86
STU-13209,0.0,0.13334116169675797,-1.7875380519035837,-0.298910447900227,0.2,-0.37092337917485263,0.0,1.0,0.0,0.0,0.0,1.0,0.0,0.0,3.45
STU-13895,0.22019405695847505,-1.1369297964879386,-0.3822226111667275,0.5031700363980824,0.6,-0.23732809430255403,-0.6079447322970639,0.0,1.0,0.0,0.0,0.0,1.0,0.0,3.71
STU-10279,-0.11314459779177881,0.9473779239271105,1.5043247977216152,-1.371079258543885,0.8,0.09430255402750487,-0.18652849740932637,0.0,1.0,0.0,0.0,0.0,1.0,0.0,4.99
STU-13595,-0.19647926147934167,-0.0010144204189304375,1.3985107533152335e-15,-0.699950690049381,0.0,0.30333988212180746,-0.4375359815774324,1.0,0.0,0.0,0.0,0.0,0.0,1.0,3.45
STU-10372,-0.2103683720939365,-1.1951265994364457,-0.4530788518761487,-0.3070949426379647,1.4,-1.331237721021611,-0.8773747841105355,1.0,0.0,0.0,0.0,0.0,1.0,0.0,1.61
STU-13851,-0.877045681594443,-0.22733532077423602,1.06245740774203,0.9287637627604509,0.6,-0.6176817288801573,-0.4812895797351756,1.0,0.0,0.0,1.0,0.0,0.0,0.0,3.87
STU-13641,-1.3492754424906355,-1.5098204227876315,-2.3573403209418466,-0.7245041742625948,-0.2,0.1241650294695483,0.508923431203224,1.0,0.0,0.0,0.0,0.0,0.0,1.0,3.05
STU-10477,0.0,1.0623345717266302,1.3985107533152335e-15,-1.0600684585098468,-0.2,1.6408644400785857,-0.3822682786413357,1.0,0.0,0.0,1.0,0.0,0.0,0.0,4.9
STU-11865,1.73410711394921,1.0019823316318819,1.5043247977216152,1.8045046996984009,-0.2,1.471119842829077,-0.30857800805987334,1.0,0.0,0.0,1.0,0.0,0.0,0.0,6.35
STU-10621,-0.668709022375534,-0.0010144204189304375,-1.3417342041068079,-0.675397205836168,0.6,-0.7827111984282908,1.0477835348301672,1.0,0.0,0.0,0.0,1.0,0.0,0.0,2.47
STU-14890,0.5118653798649468,-0.17416787116695734,-0.21885961175333982,-0.40530887949081895,-0.2,0.41021611001964636,-0.7875647668393784,1.0,0.0,1.0,0.0,0.0,0.0,0.0,4.5
STU-11029,0.5952000435525098,-0.1490211044608127,1.3985107533152335e-15,-1.3792637532816225,1.2,0.24047151277013745,0.320092112838227,1.0,0.0,0.0,0.0,0.0,0.0,1.0,5.41
STU-13624,1.650772450261647,1.0623345717266302,1.5043247977216152,-1.4692931953967392,-0.4,0.669548133595285,-0.43983880253310303,0.0,1.0,0.0,0.0,1.0,0.0,0.0,4.82
STU-14300,1.0952080256778904,0.7548255388629138,1.3321047682195495,1.8126891944361385,-0.4,0.2530451866404715,-0.33621185952792176,0.0,1.0,0.0,0.0,1.0,0.0,0.0,5.2
STU-13413,-2.2659567430538328,-1.865467551917397,-2.4006413569309375,1.1661141101548478,1.0,-1.5607072691552064,0.19804260218768002,1.0,0.0,0.0,0.0,1.0,0.0,0.0,1.84
STU-11874,0.5952000435525098,-0.057055786221196565,0.13837393515666027,1.739028741796498,0.2,0.6035363457760315,-0.7691421991940127,1.0,0.0,0.0,0.0,1.0,0.0,0.0,3.55
STU-13628,-0.29370303578149937,0.0,-1.3063060837520972,-1.264680826953293,-0.6,-0.5516699410609038,-1.0132412204951067,1.0,0.0,0.0,0.0,0.0,0.0,1.0,3.72
STU-12155,0.6229782647816982,1.0623345717266302,1.4511826171895486,0.5686459942999853,-0.8,0.6491159135559924,2.475532527345999,0.0,1.0,0.0,0.0,0.0,0.0,1.0,5.52
STU-11001,-0.15481192963556084,-0.16123524828951186,0.16789736878558553,1.346172994385081,-0.2,-0.22789783889980347,0.29706390328151994,0.0,1.0,0.0,1.0,0.0,0.0,0.0,5.29
STU-13123,0.3174178312606327,-0.745358714920823,-1.3771623244615185,-1.6657210691024475,0.8,-0.06601178781925343,0.17501439263097293,1.0,0.0,0.0,0.0,0.0,0.0,1.0,3.61
STU-13081,-1.9881745307619547,-1.659264064927008,-0.7502814170739989,-0.6426592268852166,-0.2,-0.5579567779960707,0.33390903857225107,1.0,0.0,0.0,0.0,0.0,0.0,1.0,2.9
STU-12382,-1.0576041195841634,-0.7539804635057873,-1.4539232518967249,0.5850149837754607,0.4,-0.43693516699410606,-1.070811744386874,1.0,0.0,0.0,0.0,0.0,0.0,1.0,3.34
STU-10595,-0.029809934104214727,1.0623345717266302,-0.9333267055733372,0.11031428898666538,-0.2,1.1253438113948924,0.2694300518134715,0.0,1.0,1.0,0.0,0.0,0.0,0.0,5.28
STU-13243,-1.0714932301987572,-1.2619451509699162,-0.28085882237408305,-1.2974188059042444,0.6,-1.3296660117878196,-0.12895797351755894,1.0,0.0,0.0,0.0,0.0,1.0,0.0,3.43
STU-12573,-0.0020317128750275202,-0.19715920072686188,0.46509993398343563,-0.1352205531454699,0.0,-0.3049115913555992,1.8261370178468628,1.0,0.0,0.0,0.0,0.0,0.0,1.0,4.34
STU-10100,-1.8492834246160161,-0.30493105803891196,-0.40584135806986743,2.45107978397969,-0.6,-0.7088408644400787,-0.4006908462867013,1.0,0.0,0.0,0.0,0.0,1.0,0.0,3.17
STU-13288,-0.0020317128750275202,0.5708949023836816,1.3222636236765748,0.25763519426594716,-1.0,0.10530451866404716,-0.3960852043753598,1.0,0.0,0.0,0.0,0.0,1.0,0.0,4.63
STU-14269,1.650772450261647,1.0623345717266302,1.035886317475996,-0.037006616292615646,2.8,0.7355599214145386,-0.29245826137017844,0.0,1.0,0.0,0.0,1.0,0.0,0.0,5.18
STU-13338,0.20630494634388147,0.40133384687938944,0.33618094047046054,-0.9945925006079438,0.2,-0.3174852652259332,-0.7369027058146229,1.0,0.0,0.0,0.0,0.0,1.0,0.0,4.18
STU-12648,1.3452120167405803,-0.3580985076461896,0.05374009208707375,1.2725125417454406,0.4,0.21060903732809433,0.029936672423719037,0.0,1.0,0.0,0.0,1.0,0.0,0.0,4.92
STU-12539,0.8313149240006059,-0.5377182698329398,0.24564241067508868,-0.8963785637550896,1.0,-0.19960707269155203,-1.077720207253886,1.0,0.0,0.0,0.0,1.0,0.0,0.0,4.64
STU-13922,1.7896635564075856,1.0623345717266302,0.9768394502181454,-1.0109614900834198,1.4,0.6884086444007861,0.12435233160621764,1.0,0.0,0.0,0.0,0.0,1.0,0.0,5.76
STU-11019,0.5813109329379161,0.8676267495161935,1.3985107533152335e-15,0.1921592363640443,-0.8,1.1127701375245582,-0.10132412204951055,0.0,1.0,0.0,0.0,0.0,0.0,1.0,4.79
STU-14454,0.2757504994168507,0.49617308131399407,-0.5426332672172226,-0.42986236370403197,-1.0,0.03614931237721029,-0.6655152561888313,0.0,1.0,0.0,0.0,1.0,0.0,0.0,4.19
STU-12473,-0.43259414192743784,-0.04196772619751,0.5950030419507087,-0.2661724689492756,1.0,-0.3096267190569746,0.0,1.0,0.0,0.0,0.0,1.0,0.0,0.0,3.88
STU-10799,-0.7381545754485045,1.0623345717266302,-0.44126947842457803,-0.1843275215718967,0.0,0.620825147347741,0.29476108232584924,1.0,0.0,1.0,0.0,0.0,0.0,0.0,4.25
STU-10602,-1.1409387832717277,1.0623345717266302,-1.0445316389089576,0.977870731186877,0.2,-0.22946954813359519,1.0546919976971794,1.0,0.0,0.0,0.0,0.0,0.0,1.0,3.27
STU-12414,-0.9187130134382251,1.0623345717266302,0.45230644607756837,0.10212979424892772,-0.2,0.0,-0.3062751871042027,1.0,0.0,0.0,0.0,0.0,1.0,0.0,4.2
STU-13853,-1.4187209955636046,0.45953064982789665,0.3194509947474026,0.7323358890547425,0.2,0.6585461689587426,-0.2832469775474956,1.0,0.0,0.0,0.0,0.0,1.0,0.0,3.4
STU-14534,0.0,-1.4156996674017743,-0.3763179244409422,2.1400689839456515,-0.8,-0.5218074656188606,1.9205526770293613,1.0,0.0,0.0,1.0,0.0,0.0,0.0,2.36
STU-12762,-0.16870104025015445,0.0,0.4857663375236843,-1.305603300641982,0.8,-0.2860510805500983,-1.116868163500288,1.0,0.0,0.0,0.0,0.0,0.0,1.0,4.15
STU-12964,0.4146416055627892,0.2784739295436528,0.43360827144591574,0.020284846871549526,-0.6,-0.9980353634577604,1.0316637881404722,1.0,0.0,0.0,0.0,0.0,0.0,1.0,4.07
STU-11084,-0.5298179162295955,-0.5298150002967228,0.31846688029310594,-0.49533832160593483,0.8,-0.7795677799607074,0.2210708117443869,1.0,0.0,0.0,0.0,0.0,1.0,0.0,3.5
STU-11742,-1.7103923184700764,-0.0656775348061609,0.1403421640652549,0.13486777319987914,0.6,-0.19960707269155203,1.1813471502590676,1.0,0.0,1.0,0.0,0.0,0.0,0.0,3.59
STU-14387,-0.9464912346674123,1.0623345717266302,0.48675045197798095,-0.3480174163266538,0.4,0.9288801571709239,1.0777202072538863,1.0,0.0,0.0,0.0,0.0,0.0,1.0,4.5
STU-10440,-0.29370303578149937,-0.32648542950132176,1.0230928295701287,-0.08611358471904242,0.4,-0.02200392927308457,-0.9441565918249857,1.0,0.0,0.0,0.0,0.0,0.0,1.0,4.73
STU-13638,1.7202180033346162,0.890618079076097,1.5043247977216152,-1.788488490168515,0.0,0.11159135559921429,-0.06678180771445022,1.0,0.0,0.0,0.0,0.0,0.0,1.0,5.69
STU-13464,0.17852672511469303,-0.21871357218927168,1.5043247977216152,-2.598753469204562,0.8,-0.10216110019646372,-0.8244099021301095,1.0,0.0,0.0,0.0,0.0,1.0,0.0,3.73
STU-10769,-1.0992714514279456,-1.108190634538058,-1.722586497919948,0.0,-0.8,-0.9210216110019647,-0.5411629245826137,1.0,0.0,0.0,0.0,0.0,0.0,1.0,3.05
STU-14196,1.567437786574083,1.0623345717266302,-0.007275004079372833,-0.3480174163266538,0.2,-0.056581532416502864,0.2533103051237768,0.0,1.0,0.0,0.0,0.0,1.0,0.0,4.61
STU-11584,1.650772450261647,1.0623345717266302,0.17281794105707285,-1.3137877953797197,1.0,0.3111984282907663,0.07138744962579172,0.0,1.0,0.0,0.0,1.0,0.0,0.0,4.74
STU-13795,-0.0020317128750275202,0.09741720925940794,-0.39600021352689285,0.7323358890547425,-0.6,5.737225001863483,-0.5757052389176742,0.0,1.0,1.0,0.0,0.0,0.0,0.0,4.31
STU-13898,-0.3353703676252814,0.2892511152748572,1.3985107533152335e-15,1.2152210785812754,-0.4,-0.0848722986247543,0.31778929188255617,1.0,0.0,0.0,0.0,1.0,0.0,0.0,3.77
STU-13120,0.49797626925035327,0.8424799828100479,0.8853168059684756,-0.8636405848041382,-0.8,0.17760314341846772,1.2204951065054694,0.0,1.0,0.0,0.0,0.0,0.0,1.0,4.41
STU-11792,1.7896635564075856,1.0623345717266302,1.4679125629126066,-0.16795853209642134,-0.4,1.3265225933202358,0.14738054116292473,1.0,0.0,0.0,0.0,0.0,1.0,0.0,5.07
STU-14043,0.7757584815422303,0.5234752851663798,-0.22378018402482713,0.012100352133811124,0.0,0.3222003929273086,-0.6724237190558435,0.0,1.0,1.0,0.0,0.0,0.0,0.0,5.05
STU-11952,1.6229942290324586,0.7203385445230576,1.3311206537652513,3.269529257753475,-0.2,0.34420432220039293,-0.6010362694300518,1.0,0.0,0.0,0.0,0.0,0.0,1.0,6.08
STU-10848,-0.7937110179068801,-0.6691999357536408,0.31354630802161865,0.0,-0.2,0.18860510805501002,1.4438687392055272,1.0,0.0,0.0,0.0,0.0,0.0,1.0,3.94
STU-11609,-2.9604122737835277,-2.5968792235418436,-2.006995575211931,0.5440925100867715,0.0,-1.5025540275049116,-0.3937823834196892,1.0,0.0,0.0,0.0,1.0,0.0,0.0,1.74
STU-11254,1.1368753575216726,-1.0076035677134785,-1.1262131386156515,-2.1567907533667183,-1.0,0.3174852652259332,-0.20034542314335066,0.0,1.0,0.0,0.0,0.0,0.0,1.0,4.66
STU-12515,-0.07147726594799676,0.021258430092226742,0.8754756614255009,1.3052505206963911,2.4,0.6302554027504912,0.2878526194588371,0.0,1.0,0.0,0.0,1.0,0.0,0.0,5.27
STU-14687,-0.05758815533340317,0.22602495898512148,0.29484813338996463,-0.9045630584928273,1.6,0.5406679764243615,-0.46747265400115146,1.0,0.0,0.0,0.0,0.0,0.0,1.0,4.61
STU-12789,-0.8214892391360673,-1.3503180739657976,-0.34876271972061157,0.5277235206112962,0.0,-1.6408644400785857,-0.8796776050662062,1.0,0.0,0.0,0.0,1.0,0.0,0.0,3.02
STU-11493,-2.2659567430538328,-1.8158924975538542,-2.0995023339158965,-0.9454855321815171,-0.6,-0.8785854616895875,0.0,1.0,0.0,0.0,1.0,0.0,0.0,0.0,2.09
STU-14843,1.1090971362924842,1.0623345717266302,-2.176263261351103,-0.9045630584928273,0.0,1.1143418467583501,2.7127230857800804,0.0,1.0,0.0,0.0,1.0,0.0,0.0,3.87
STU-14325,-0.3631485888544686,1.0623345717266302,0.09310467025897363,-0.8800095742796142,-0.2,0.8314341846758353,2.127806563039724,0.0,1.0,0.0,0.0,0.0,1.0,0.0,4.06
STU-13419,0.7202020390838558,1.0623345717266302,0.690462144017568,-1.8212264691194664,0.0,0.2593320235756386,-0.85895221646517,1.0,0.0,0.0,1.0,0.0,0.0,0.0,3.89
STU-10849,0.0,1.0623345717266302,1.246486810695665,-0.31527943737570235,0.8,0.9823182711198433,1.655728267127231,1.0,0.0,0.0,0.0,0.0,1.0,0.0,4.82
STU-14515,-1.0714932301987572,-0.7230858644096658,-1.4647485108939977,-1.215573858526866,-1.0,-0.2467583497053046,0.0069084628670121485,1.0,0.0,0.0,0.0,1.0,0.0,0.0,3.64
STU-13133,-1.0992714514279456,1.0623345717266302,0.7780483304500472,-1.3874482480193608,1.0,-0.6569744597249509,-0.637881404720783,1.0,0.0,1.0,0.0,0.0,0.0,0.0,4.16
STU-10313,-1.252051668188479,0.0,-0.9490725368420986,-0.5853677637210514,0.6,0.1823182711198429,0.03223949337938989,1.0,0.0,0.0,0.0,0.0,0.0,1.0,3.02
STU-11134,-1.2381625575738842,0.6801037177932264,-0.33596923181474425,-0.08611358471904242,-1.0,0.0990176817288803,2.80944156591825,1.0,0.0,0.0,0.0,1.0,0.0,0.0,2.9
STU-11425,0.553532711708729,-0.3695941724261424,-0.9067556153073046,-0.7163196795248571,1.4,-0.43693516699410606,1.2642487046632125,1.0,0.0,1.0,0.0,0.0,0.0,0.0,4.16
STU-11610,0.6646455966254802,1.0623345717266302,1.4649602195497138,-0.012453132079401899,1.2,1.3563850687622794,0.4697754749568222,1.0,0.0,0.0,0.0,1.0,0.0,0.0,5.29
STU-14604,0.2896396100314443,0.07083348445576962,-0.5032686890453226,0.08576080477345237,0.0,0.37092337917485263,-0.9810017271157169,1.0,0.0,0.0,0.0,0.0,0.0,1.0,3.87
STU-11164,-1.1409387832717277,-1.1426776288779144,1.3985107533152335e-15,-0.8554560900664004,-0.4,-0.16345776031434173,-0.6125503742084053,0.0,1.0,0.0,1.0,0.0,0.0,0.0,3.97
STU-12196,-0.30759214639609295,-0.4967649640543612,-2.044391924475236,-0.7981646269022353,-1.0,0.0015717092337917153,-0.20034542314335066,0.0,1.0,1.0,0.0,0.0,0.0,0.0,3.12
STU-14244,-0.08536637656259037,0.5881383995536102,-0.3418739185405296,0.9533172469736639,0.0,0.3866404715127703,0.8474381116868166,1.0,0.0,0.0,0.0,0.0,0.0,1.0,4.67
STU-11778,-0.09925548717718521,0.0,0.252531211855172,0.4049560995452282,-0.8,-0.30019646365422403,-0.13816925734024174,1.0,0.0,0.0,0.0,1.0,0.0,0.0,3.78
STU-10747,1.7896635564075856,-0.1569243739970297,-0.34777860526631355,0.1184987837244038,0.6,0.8235756385068764,-0.3016695451928612,0.0,1.0,0.0,0.0,0.0,1.0,0.0,5.07
STU-13188,0.8035367027714188,0.0,1.085092040190872,0.4868010469226064,-1.0,1.5166994106090377,-0.7369027058146229,0.0,1.0,0.0,0.0,1.0,0.0,0.0,6.29
STU-14828,-1.04371500896957,-0.8452273026966561,-1.2797349934860647,0.830549825907596,0.6,-1.7304518664047155,1.4830166954519288,1.0,0.0,0.0,0.0,0.0,1.0,0.0,3.28
STU-11428,0.3035287206460379,0.0,0.07145415226442835,0.1921592363640443,-1.0,-0.33634577603143434,1.7132987910189985,0.0,1.0,0.0,0.0,1.0,0.0,0.0,3.27
STU-11169,-1.0714932301987572,-2.4905443243272876,-1.2836714513032539,-0.2661724689492756,0.8,-1.419253438113949,0.05526770293609678,1.0,0.0,0.0,0.0,0.0,1.0,0.0,1.75
STU-12710,0.0,-0.5211932517117595,0.7888735894473198,-0.33164842685117846,-0.6,-0.5721021611001966,2.5561312607944733,1.0,0.0,1.0,0.0,0.0,0.0,0.0,3.75
STU-11653,-1.279829889417666,-3.079697144299828,-1.5011607457030063,-0.7163196795248571,0.8,-1.524557956777996,1.6833621185952794,1.0,0.0,0.0,0.0,1.0,0.0,0.0,2.19
STU-14900,0.4285307161773828,0.8144592999089147,-0.0633695279743321,0.33948014164332535,-0.4,0.36149312377210235,-0.6493955094991365,0.0,1.0,0.0,0.0,0.0,0.0,1.0,4.83
STU-14015,0.44241982679197767,0.28853263622611086,-1.0947214760781303,0.13486777319987914,0.0,-0.20746561886051088,-0.4237190558434082,1.0,0.0,0.0,0.0,1.0,0.0,0.0,3.85
STU-14343,-1.3909427743344174,-1.233924468068783,-1.3417342041068079,-0.06156010050582939,-0.2,-0.4762278978388998,-0.7069660333909039,0.0,1.0,0.0,0.0,1.0,0.0,0.0,2.95
STU-11885,-0.6964872436047225,1.0623345717266302,-0.4698087975992067,0.4049560995452282,-1.0,0.19017681728880173,-0.18192285549798506,1.0,0.0,0.0,0.0,0.0,0.0,1.0,3.96
STU-11140,1.6091051184178649,1.0623345717266302,0.7239220354636825,-0.8390871005909244,-0.6,0.7072691552062872,-0.09441565918249861,0.0,1.0,0.0,0.0,0.0,0.0,1.0,4.96
STU-12828,1.567437786574083,1.0623345717266302,1.2710896720531029,-0.5280763005568863,-0.4,0.7245579567779964,0.11053540587219356,0.0,1.0,0.0,0.0,0.0,1.0,0.0,5.64
STU-14940,-1.1409387832717277,1.0623345717266302,0.6373199634855014,0.2412662047904711,-0.6,0.37406679764243633,0.4283246977547497,1.0,0.0,1.0,0.0,0.0,0.0,0.0,4.37
STU-13552,1.5952160078032713,0.6671710949157799,0.5457973192358329,-0.06156010050582939,0.4,-0.0031434184675834306,0.0,1.0,0.0,0.0,0.0,0.0,0.0,1.0,5.8
STU-11989,1.7063288927200226,1.0623345717266302,0.7239220354636825,0.0,-0.6,1.0420432220039295,0.5664939550949915,0.0,1.0,0.0,0.0,0.0,0.0,1.0,5.53
STU-13892,0.8590931452297944,1.0623345717266302,1.3409617983082274,0.6341219522018882,-0.2,1.7163064833005897,-0.4006908462867013,1.0,0.0,1.0,0.0,0.0,0.0,0.0,6.74
STU-13531,-1.5715012123241379,-1.865467551917397,-0.5219668636769753,0.6095684679886744,0.4,-0.7497053045186641,0.3983880253310307,1.0,0.0,0.0,0.0,1.0,0.0,0.0,2.28
STU-11472,-1.5020556592511687,1.0623345717266302,1.5043247977216152,0.5686459942999853,-0.6,0.028290766208251432,0.04375359815774333,0.0,1.0,0.0,0.0,1.0,0.0,0.0,4.55
STU-13968,-0.1270337084063724,-0.6699184148023881,-0.9087238442158992,0.4049560995452282,1.2,0.0,-0.14047207829591238,1.0,0.0,0.0,0.0,0.0,0.0,1.0,3.59
STU-12928,0.8174258133860123,-1.281344085286086,0.38538666318533643,0.053022825822500945,1.6,-0.3724950884086443,0.27633851468048365,1.0,0.0,0.0,1.0,0.0,0.0,0.0,3.46
STU-10079,1.039651583219515,0.4178588650005708,0.7908418183559144,0.7487048785302177,-0.6,0.11473477406679773,1.358664363845711,0.0,1.0,0.0,0.0,1.0,0.0,0.0,3.86
STU-12890,-0.8631565709798494,0.0,-1.867251322701683,1.2806970364831782,0.4,-0.7292730844793713,1.5889464594127807,1.0,0.0,0.0,1.0,0.0,0.0,0.0,2.76
STU-14834,0.011857397739566082,-0.28840603991773067,1.2022016602522778,-0.8390871005909244,0.2,0.3049115913555992,1.1652274035693726,1.0,0.0,0.0,1.0,0.0,0.0,0.0,4.75
STU-14767,-0.8076001285214738,1.0623345717266302,1.3985107533152335e-15,-1.0436994690343706,0.0,1.0373280943025542,-0.5227403569372482,1.0,0.0,0.0,0.0,0.0,1.0,0.0,4.5
STU-10761,0.5813109329379161,1.0623345717266302,1.5043247977216152,-0.012453132079401899,-0.8,0.33634577603143434,1.0846286701208983,1.0,0.0,1.0,0.0,0.0,0.0,0.0,4.81
STU-12846,-1.1548278938863212,1.0623345717266302,0.639288192394096,0.5195390258735578,0.0,-0.3567779960707269,1.1537132987910192,1.0,0.0,0.0,0.0,0.0,0.0,1.0,4.61
STU-12601,1.7896635564075856,-1.0528677477845394,1.3985107533152335e-15,-0.5444452900323623,-0.2,0.0,-0.4237190558434082,1.0,0.0,0.0,1.0,0.0,0.0,0.0,3.99
STU-12213,-1.5437229910949508,1.0623345717266302,0.3765296330966599,0.7732583627434315,0.6,0.29233791748526516,0.2855497985031665,1.0,0.0,0.0,0.0,0.0,1.0,0.0,5.45
STU-13757,0.33130694187522636,0.09454329306442051,0.0340578030011231,-0.8145336163777114,1.2,0.6475442043222004,-0.2993667242371906,1.0,0.0,1.0,0.0,0.0,0.0,0.0,4.03
STU-12716,-0.029809934104214727,-1.245420132848736,-1.0602774701777176,-2.541462006040397,1.0,-1.1363457760314344,0.37305699481865295,1.0,0.0,1.0,0.0,0.0,0.0,0.0,3.46
STU-10073,-0.39092681008365704,0.0,0.7888735894473198,1.6244458154681678,-0.8,-1.0436149312377212,-0.06678180771445022,0.0,1.0,0.0,0.0,0.0,0.0,1.0,3.92
STU-11009,-0.1270337084063724,0.5392818242388137,0.9394431009548402,-0.2170655005228481,0.2,0.35049115913556006,-0.7046632124352332,0.0,1.0,1.0,0.0,0.0,0.0,0.0,5.26
STU-10077,-0.6548199117609405,-2.020659026446749,-0.8595181215010234,0.0284693416092872,-0.2,-1.5669941060903734,0.14968336211859537,1.0,0.0,0.0,0.0,0.0,0.0,1.0,2.85
STU-10667,1.0952080256778904,0.3021837381523037,1.3985107533152335e-15,0.4786165521848687,-1.0,1.6141453831041261,-0.45365572826712725,1.0,0.0,1.0,0.0,0.0,0.0,0.0,4.57
STU-11121,0.05352472958334813,-1.657108627780767,-0.9815483138339165,2.1073310049947005,0.0,0.5909626719056975,0.8773747841105355,0.0,1.0,1.0,0.0,0.0,0.0,0.0,4.11
STU-12558,0.6229782647816982,0.4113925535618475,-0.871327494952594,1.4443869312379345,0.6,0.0,0.011514104778353443,1.0,0.0,0.0,0.0,0.0,1.0,0.0,4.02
STU-10729,-0.39092681008365704,-0.6490825223887247,-1.5060813179744936,-1.3628947638061473,-0.4,-1.6943025540275052,0.4306275187104204,0.0,1.0,0.0,0.0,0.0,0.0,1.0,3.2
STU-14197,1.2202100212092355,-0.32001911806259853,0.2141507481375688,0.8469188153830713,-1.0,-0.11944990176817287,-0.27403569372481285,1.0,0.0,0.0,1.0,0.0,0.0,0.0,3.74
STU-11410,0.9840951407611392,-1.1383667545854321,1.1047743292768226,0.34766463638106304,-0.2,-0.40707269155206294,0.0,1.0,0.0,0.0,0.0,0.0,1.0,0.0,3.53
STU-10676,0.7479802603130431,-1.0119144420059607,0.817412908621947,2.180991457634341,-1.0,-0.7874263261296661,-1.0362694300518136,0.0,1.0,0.0,0.0,0.0,0.0,1.0,4.85
STU-12584,1.7479962245638034,0.32158267246847244,1.0398227752931866,-0.3562019110643915,0.4,0.9823182711198433,-0.8842832469775476,1.0,0.0,0.0,0.0,1.0,0.0,0.0,4.96
STU-11633,1.5257704547303008,1.0623345717266302,1.3985107533152335e-15,-0.7081351847871195,-0.2,1.0121807465618862,0.274035693724813,1.0,0.0,0.0,1.0,0.0,0.0,0.0,4.59
STU-14466,0.0,1.0623345717266302,0.4847822230693863,-0.7081351847871195,0.2,0.6333988212180747,1.3103051237766266,1.0,0.0,0.0,0.0,0.0,0.0,1.0,4.35
STU-14918,0.8174258133860123,1.0623345717266302,0.16986559769418016,-0.7490576584758085,-1.0,1.1017681728880158,-0.02072538860103624,1.0,0.0,0.0,0.0,0.0,0.0,1.0,5.41
STU-13294,0.5257544904795405,1.0623345717266302,1.3104542502250043,0.699597910103791,0.2,0.7025540275049118,1.9942429476108237,1.0,0.0,0.0,0.0,0.0,0.0,1.0,5.78
STU-13216,0.45630893740657125,1.0623345717266302,0.4227830124486431,0.42132508902070354,0.0,0.4557956777996072,-0.2256764536557282,0.0,1.0,1.0,0.0,0.0,0.0,0.0,4.9
STU-12754,-1.2381625575738842,1.0623345717266302,0.026184887366743122,1.4362024365001969,0.0,1.0986247544204324,0.6908462867012093,1.0,0.0,1.0,0.0,0.0,0.0,0.0,5.02
STU-11729,-0.9742694558966007,1.0623345717266302,1.3985107533152335e-15,-0.6508437216229542,0.6,-0.10216110019646372,-0.7852619458837076,1.0,0.0,0.0,1.0,0.0,0.0,0.0,4.92
STU-13010,-0.8353783497506609,-0.9961079029335268,-2.651590542776804,-2.0012853533496995,-1.0,-0.7292730844793713,-0.8934945308002303,1.0,0.0,1.0,0.0,0.0,0.0,0.0,3.33
STU-14809,-0.6964872436047225,-0.719493469165931,-2.3878478690250695,2.1728069628966034,-0.2,-0.4353634577603143,-0.2302820955670697,1.0,0.0,0.0,0.0,0.0,0.0,1.0,3.14
STU-10081,1.6091051184178649,1.0623345717266302,1.5043247977216152,1.5262318786153128,0.2,0.39921414538310435,-0.6286701208981003,1.0,0.0,0.0,0.0,0.0,1.0,0.0,5.84
STU-14471,-1.5159447698657622,0.18076077891406078,-0.19720909375879453,-0.5280763005568863,1.0,-0.2671905697445972,-0.43523316062176165,1.0,0.0,0.0,0.0,1.0,0.0,0.0,2.81
STU-14516,-0.8214892391360673,1.0623345717266302,1.3985107533152335e-15,-0.42167786896629433,0.0,-0.08330058939096259,0.478986758779505,1.0,0.0,1.0,0.0,0.0,0.0,0.0,4.95
STU-13316,-0.5714852480733775,-0.8409164284041739,-0.7630749049798675,-2.279558174432786,-0.6,-1.1033398821218077,1.2297063903281524,1.0,0.0,0.0,1.0,0.0,0.0,0.0,2.82
STU-11521,0.7340911496984495,1.0623345717266302,1.5043247977216152,-0.42167786896629433,-1.0,0.5721021611001966,-0.37996545768566486,0.0,1.0,0.0,1.0,0.0,0.0,0.0,5.43
STU-10959,-0.3631485888544686,0.2605119533249778,-0.6656475740044123,-1.739381521742088,0.0,0.0,1.5152561888313187,0.0,1.0,1.0,0.0,0.0,0.0,0.0,3.76
STU-12504,1.234099131823829,0.8999583067098077,-2.324864543950028,-0.1352205531454699,-1.0,0.2467583497053046,0.01842256764536559,1.0,0.0,0.0,0.0,0.0,0.0,1.0,4.66
STU-10196,-0.3770376994690622,-2.3109245621405377,-1.6999518654711046,0.43769407849617964,0.4,-1.0436149312377212,-0.6954519286125505,1.0,0.0,0.0,1.0,0.0,0.0,0.0,2.89
STU-14428,0.10908117204172377,0.6578308672820692,1.2258204071554177,0.8632878048585481,-0.6,-0.46994106090373294,0.24640184225676465,1.0,0.0,0.0,0.0,0.0,0.0,1.0,4.4
STU-13780,0.5257544904795405,1.019944307850557,0.8951579505114516,-1.1173599216740118,1.8,0.0,0.18192285549798506,1.0,0.0,1.0,0.0,0.0,0.0,0.0,5.17
STU-14993,0.4285307161773828,0.6650156577695387,-0.4481582796046614,0.699597910103791,1.6,-0.03614931237721029,0.9257340241796203,1.0,0.0,0.0,0.0,1.0,0.0,0.0,4.39
STU-11415,-0.5298179162295955,-1.777813107970263,-3.1534889144685385,0.10212979424892772,0.6,0.0,-0.8175014392630974,1.0,0.0,0.0,1.0,0.0,0.0,0.0,2.89
STU-10925,-2.057620083834924,-0.4277909753746486,-1.7530940460031696,1.0924536575152073,0.2,-1.4962671905697449,-0.04375359815774313,0.0,1.0,0.0,0.0,0.0,0.0,1.0,1.98
STU-11456,-0.6548199117609405,0.0,-0.9451360790249078,-0.23343448999832417,1.4,0.3850687622789786,-0.3753598157743236,1.0,0.0,0.0,0.0,0.0,0.0,1.0,3.77
STU-10994,-1.7381705396992648,0.45953064982789665,-0.3733655810780495,-1.7066435427911368,0.0,-1.1677799607072694,-0.08750719631548647,0.0,1.0,0.0,0.0,0.0,1.0,0.0,3.72
STU-12010,-0.7798219072922853,1.0623345717266302,-0.038766666616894145,0.830549825907596,0.4,0.587819253438114,0.17040875071963163,1.0,0.0,0.0,0.0,0.0,1.0,0.0,4.77
STU-13449,1.7896635564075856,1.0623345717266302,1.3985107533152335e-15,0.830549825907596,0.4,0.5956777996070729,-0.881980426021877,0.0,1.0,0.0,0.0,0.0,0.0,1.0,5.18
STU-10589,0.7202020390838558,1.0623345717266302,1.407881581200458,0.32311115216785,0.6,0.44479371316306493,0.845135290731146,1.0,0.0,0.0,0.0,0.0,0.0,1.0,5.36
STU-13815,1.3729902379697687,1.0623345717266302,1.5043247977216152,0.8796567943340234,-0.2,1.43811394891945,-1.2204951065054694,1.0,0.0,0.0,0.0,1.0,0.0,0.0,6.55
STU-13226,0.9007604770735764,-0.9774274476661045,0.867602745791121,1.9927480786663703,0.8,0.7968565815324165,-0.46747265400115146,1.0,0.0,0.0,0.0,0.0,0.0,1.0,4.41
STU-10203,0.34519605248981994,0.3373892115409064,-0.17555857576424785,-0.2825414584247509,0.6,0.0,0.6056419113413932,1.0,0.0,1.0,0.0,0.0,0.0,0.0,4.82
STU-12462,-0.1270337084063724,0.49617308131399407,-1.4066857580904437,-0.3971243847530813,0.0,9.40352317117709,-0.17731721358664357,1.0,0.0,0.0,0.0,0.0,1.0,0.0,3.36
STU-14550,-0.2381465933231237,-0.3645648190849129,-2.172326803533913,-1.7966729849062533,0.6,-0.29862475442043235,-0.10132412204951055,0.0,1.0,0.0,0.0,1.0,0.0,0.0,3.06
STU-12185,0.7618693709276366,0.15489553315916882,1.4570873039153338,-0.5608142795078377,0.8,0.7874263261296661,0.44905008635578597,1.0,0.0,1.0,0.0,0.0,0.0,0.0,4.9
STU-11762,-0.30759214639609295,0.46527848221787255,-1.9646786536771368,-0.6181057426720028,-0.6,0.4573673870333989,-0.6286701208981003,1.0,0.0,1.0,0.0,0.0,0.0,0.0,4.04
STU-13730,0.6368673753962918,1.0623345717266302,0.2505629829465774,0.4786165521848687,0.8,0.7104125736738707,0.12895797351755914,0.0,1.0,0.0,1.0,0.0,0.0,0.0,5.6
STU-11436,0.05352472958334813,0.15705097030540988,0.5300514879670716,-0.8063491216399737,0.4,-0.11473477406679773,2.80944156591825,0.0,1.0,0.0,0.0,0.0,1.0,0.0,4.42
STU-11048,-0.6548199117609405,1.0623345717266302,-0.011211461896563522,-0.05337560576809099,0.6,0.0738703339882123,-0.5964306275187105,1.0,0.0,0.0,0.0,0.0,0.0,1.0,3.31
STU-11517,0.45630893740657125,1.0623345717266302,0.471004620709221,1.1251916364661594,-1.0,1.4569744597249514,0.0,1.0,0.0,0.0,0.0,0.0,1.0,0.0,5.32
STU-10637,-0.2242574827085301,1.0623345717266302,0.11278695934492429,-0.7981646269022353,1.8,-0.023575638506876287,-0.37305699481865295,0.0,1.0,0.0,0.0,0.0,0.0,1.0,4.32
STU-13092,0.91464958768817,0.4530643383891734,0.6077965298565761,-0.15158954262094526,1.2,1.0781925343811398,-0.766839378238342,1.0,0.0,0.0,0.0,1.0,0.0,0.0,4.57
STU-10507,-0.15481192963556084,-0.11309715202346268,0.38046609091384914,1.7635822260097112,0.4,-0.4825147347740669,0.11974668969487635,1.0,0.0,0.0,1.0,0.0,0.0,0.0,4.21
STU-12076,1.7896635564075856,1.0623345717266302,1.5043247977216152,-1.412001732232574,-0.2,0.4180746561886052,-0.4743811168681635,0.0,1.0,0.0,0.0,0.0,0.0,1.0,5.63
STU-11532,0.9979842513757329,-0.8179250988442704,1.3985107533152335e-15,-2.2386357007440973,2.2,0.2593320235756386,0.11514104778353484,0.0,1.0,0.0,0.0,0.0,0.0,1.0,4.25
STU-11596,1.7896635564075856,0.7526701017166728,0.8193811375305431,-0.02063762681713957,-0.4,1.7430255402750496,-0.3431203223949339,1.0,0.0,1.0,0.0,0.0,0.0,0.0,5.4
STU-10824,0.06741384019794172,-0.8423533865016687,1.5043247977216152,-0.5608142795078377,0.6,-0.14459724950884087,0.0,0.0,1.0,0.0,1.0,0.0,0.0,0.0,4.0
STU-10638,0.16463761450009942,1.0623345717266302,-0.21098669611895984,0.977870731186877,-0.2,0.012573673870334002,0.7944732297063904,1.0,0.0,0.0,0.0,1.0,0.0,0.0,4.75
STU-14627,0.23408316757306866,0.07586283779699814,0.276149958758312,1.1579296154171101,0.2,0.03300589390962686,-1.02475532527346,0.0,1.0,0.0,1.0,0.0,0.0,0.0,3.37
STU-12353,-0.07147726594799676,-0.9601839504961768,0.3588155729193038,-2.1567907533667183,0.4,0.23104125736738718,-0.6862406447898677,1.0,0.0,0.0,0.0,0.0,0.0,1.0,3.8
STU-12256,-0.05758815533340317,-0.2639777522603324,-0.20409789493887648,1.468940415451149,2.4,-0.0738703339882123,-0.0898100172711571,1.0,0.0,1.0,0.0,0.0,0.0,0.0,4.18
STU-13562,0.1924158357292866,0.6355580167709121,-0.5741249297547438,0.3967716048074905,-1.0,-0.3206286836935166,0.24179620034542315,1.0,0.0,0.0,0.0,1.0,0.0,0.0,4.3
STU-13214,-2.2520676324392395,-0.43425728681337183,1.3985107533152335e-15,0.5031700363980824,0.0,-1.4648330058939099,-0.5803108808290156,1.0,0.0,1.0,0.0,0.0,0.0,0.0,2.48
STU-11330,-1.1964952257301034,-1.3086462891384716,-0.4589835386019341,-0.675397205836168,-1.0,-1.633005893909627,0.2026482440990213,1.0,0.0,0.0,0.0,1.0,0.0,0.0,2.22
STU-12829,-0.029809934104214727,-0.16410916448449928,-0.6085689356551565,-0.9373010374437787,1.8,0.10530451866404716,0.1842256764536557,1.0,0.0,0.0,0.0,0.0,0.0,1.0,3.58
STU-12251,0.45630893740657125,0.0,1.0063628838470706,1.788135710222924,0.4,-0.5956777996070727,-0.1082325849165227,0.0,1.0,0.0,1.0,0.0,0.0,0.0,4.52
STU-11182,-1.1964952257301034,-0.0822025529273422,0.36865671746227846,-0.24161898473606186,1.8,8.852265244929335,-0.41681059297639605,0.0,1.0,0.0,0.0,0.0,1.0,0.0,3.73
STU-12116,-1.8353943140014226,-0.1238743377546681,-0.8132647421490401,0.2330817100527334,-0.4,5.56265993869322,-0.568796776050662,1.0,0.0,0.0,0.0,0.0,0.0,1.0,2.73
STU-11820,-1.3492754424906355,-1.4695855960577995,-0.9598977958393712,0.699597910103791,-1.0,-0.6239685658153243,0.6056419113413932,1.0,0.0,0.0,0.0,1.0,0.0,0.0,3.12
STU-13367,-0.9326021240528186,-0.6426162109500024,0.6697957404773193,-0.1352205531454699,-0.2,-1.0216110019646367,0.591824985607369,1.0,0.0,0.0,0.0,0.0,0.0,1.0,3.42
STU-11246,-0.4464832525420327,-0.031190540466304584,0.28303875993839533,0.7405203837924801,-0.6,-0.10687622789783888,-0.5618883131836501,0.0,1.0,0.0,1.0,0.0,0.0,0.0,4.64
STU-14722,0.1924158357292866,-0.10231996629225727,0.5084009699725263,0.20852822583951966,-1.0,0.35206286836935174,0.05757052389176742,1.0,0.0,0.0,1.0,0.0,0.0,0.0,5.55
STU-11872,-0.7659327966776918,-0.8358870750629455,-1.1439271987930062,-0.6344747321474782,-0.6,-1.7304518664047155,0.2510074841681059,0.0,1.0,0.0,1.0,0.0,0.0,0.0,2.66
STU-11113,-1.2659407788030725,-0.9903600705435499,-0.5505061828516026,-1.5429536480363797,-0.4,-0.33948919449901777,0.14738054116292473,1.0,0.0,0.0,1.0,0.0,0.0,0.0,1.32
STU-11822,-1.363164553105229,0.0,1.417722725743434,2.369234836602312,0.2,0.7041257367387033,-0.4513529073114566,1.0,0.0,0.0,0.0,0.0,0.0,1.0,4.42
STU-14732,1.48410312288652,1.0623345717266302,1.3985107533152335e-15,-0.176143026834159,2.4,1.5088408644400788,0.3684513529073116,0.0,1.0,0.0,0.0,0.0,0.0,1.0,5.5
STU-10395,1.7896635564075856,-0.15548741589953596,0.28500698884699,-0.08611358471904242,-0.8,-0.13831041257367374,-0.09671848013816925,1.0,0.0,0.0,0.0,0.0,0.0,1.0,5.11
STU-11615,1.7757744457929918,1.0623345717266302,0.9197608118688896,-1.2319428480023416,-0.2,1.2888015717092343,0.13356361542890044,1.0,0.0,0.0,0.0,0.0,1.0,0.0,5.12
STU-11953,-0.0020317128750275202,0.13980747313548123,0.9404272154091368,-1.2564963322155551,-0.2,0.40392927308447946,-0.6470926885434658,1.0,0.0,1.0,0.0,0.0,0.0,0.0,4.35
STU-12204,-0.9048239028236315,-1.5320932732987889,-2.217596068431599,-1.8212264691194664,-0.2,-0.7968565815324166,-1.2204951065054694,1.0,0.0,0.0,0.0,1.0,0.0,0.0,2.13
STU-13013,1.5952160078032713,0.8884626419298559,1.180551142257731,-0.7408731637380709,1.2,0.5422396856581535,-1.063903281519862,1.0,0.0,1.0,0.0,0.0,0.0,0.0,5.51
STU-12830,-0.6270416905317532,0.0,0.5330038313299642,-1.0191459848211575,0.4,0.762278978388998,-0.7967760506620611,1.0,0.0,0.0,1.0,0.0,0.0,0.0,4.97
STU-11501,0.8452040346152008,1.0623345717266302,0.664875168205832,-0.41349337422855664,1.8,0.49666011787819264,0.29476108232584924,1.0,0.0,0.0,0.0,0.0,0.0,1.0,4.54
STU-13076,-1.2937190000322598,-2.2376396991683434,0.025200772912445102,-0.2743569636870133,0.6,-0.2813359528487229,0.0,0.0,1.0,1.0,0.0,0.0,0.0,0.0,3.87
STU-14798,-0.11314459779177881,-0.046997079538738516,0.5871301263163288,-0.04519111103035332,0.6,0.0,0.1128382268278642,1.0,0.0,0.0,0.0,1.0,0.0,0.0,3.49
STU-14423,-0.30759214639609295,-1.2245842404350724,-0.694186893179041,-1.3383412795929335,-0.6,-0.532809430255403,0.07829591249280367,1.0,0.0,1.0,0.0,0.0,0.0,0.0,3.05
STU-11869,0.6646455966254802,0.0,0.8213493664391377,-0.2743569636870133,-1.0,0.07072691552062886,-0.42832469775474963,1.0,0.0,0.0,0.0,0.0,0.0,1.0,4.53
STU-14826,0.3590851631044136,1.0623345717266302,0.08916821244178436,1.4034644575492463,1.6,0.0,1.3793897524467473,1.0,0.0,0.0,0.0,0.0,1.0,0.0,4.41
STU-11132,-1.3492754424906355,-0.4162953105946968,0.5585908071417002,-1.9030714164968452,-0.2,0.5406679764243615,0.14277489925158324,1.0,0.0,0.0,1.0,0.0,0.0,0.0,3.61
STU-10468,-0.029809934104214727,-2.2096190162672102,-2.3032140259554827,-0.32346393211344004,-1.0,-1.3862475442043225,2.4317789291882557,1.0,0.0,0.0,0.0,0.0,1.0,0.0,2.4
STU-13702,-0.3353703676252814,0.555806842359995,0.27024527203252663,0.7487048785302177,-1.0,0.13831041257367402,0.06447898675877957,1.0,0.0,0.0,0.0,0.0,0.0,1.0,3.91
STU-11879,0.386863384333602,1.0623345717266302,-0.4196189604300328,-0.2579879742115372,-0.6,-0.13516699410609032,0.029936672423719037,0.0,1.0,0.0,0.0,0.0,1.0,0.0,4.25
STU-12056,-1.946507198918174,0.030598657725937423,-2.156580972265153,0.5195390258735578,0.4,0.0031434184675834306,0.21416234887737495,0.0,1.0,0.0,1.0,0.0,0.0,0.0,4.05
STU-14469,-0.7937110179068801,-1.7490739460203832,-0.8742798383154866,-0.11066706893225617,-0.6,-0.7921414538310414,-0.4075993091537133,0.0,1.0,0.0,0.0,1.0,0.0,0.0,3.17
STU-10752,0.9285386983027636,-0.27547341704028516,-0.5829819598434205,0.9451327522359263,0.0,0.4683693516699412,-0.49740932642487046,1.0,0.0,1.0,0.0,0.0,0.0,0.0,4.12
STU-13926,-0.6825981329901288,0.06939652635827591,0.1580562242426095,-0.07792908998130474,0.0,-0.5155206286836935,-0.29476108232584924,1.0,0.0,0.0,0.0,1.0,0.0,0.0,3.58
STU-10463,-0.140922819020966,-0.24673425509040475,-0.13619399759234796,-0.8636405848041382,1.0,0.03929273084479372,0.0,0.0,1.0,0.0,0.0,1.0,0.0,0.0,3.7
STU-14206,0.13685939327091098,-0.06783297195240198,0.0163437428237671,0.12668327846214147,-1.0,-1.3029469548133596,-0.7875647668393784,0.0,1.0,1.0,0.0,0.0,0.0,0.0,3.71
STU-14107,-0.05758815533340317,1.0623345717266302,0.2810705310297993,-0.06156010050582939,-1.0,0.6051080550098232,0.8198042602187681,0.0,1.0,0.0,1.0,0.0,0.0,0.0,5.06
STU-14881,0.1507485038855058,0.1857901322552893,-0.1873679492158185,0.5113545311358201,2.2,0.3347740667976426,2.2774899251583194,0.0,1.0,0.0,0.0,0.0,0.0,1.0,4.41
STU-10592,0.5118653798649468,1.0623345717266302,1.0860761546451698,-1.1992048690513901,1.8,1.2589390962671907,-0.8105929763960853,1.0,0.0,0.0,1.0,0.0,0.0,0.0,4.32
STU-14794,-1.1826061151155085,-0.5743607013190372,1.085092040190872,-0.2170655005228481,0.4,0.0,0.03684513529073118,1.0,0.0,0.0,0.0,0.0,0.0,1.0,4.2
STU-13839,-0.557596137458784,0.0,-1.3230360294751553,0.2821886784791602,-1.0,-1.0923379174852654,0.4375359815774325,0.0,1.0,0.0,0.0,0.0,0.0,1.0,3.62
STU-10483,0.7757584815422303,0.0,-1.2659573911258992,0.5277235206112962,1.0,0.7497053045186644,0.9073114565342547,0.0,1.0,0.0,0.0,0.0,0.0,1.0,6.13
STU-12913,0.0,1.0623345717266302,-0.5918389899320985,0.1184987837244038,-0.2,0.39764243614931233,-0.4099021301093841,0.0,1.0,0.0,0.0,1.0,0.0,0.0,4.07
STU-14149,1.3313229061259868,-0.08866886436606443,0.2643405853067427,0.13486777319987914,-1.0,0.25461689587426345,0.8520437535981579,1.0,0.0,0.0,0.0,0.0,0.0,1.0,4.55
STU-14148,1.7896635564075856,0.6326841005759236,0.2909116755727753,0.8551033101208104,-0.2,0.3724950884086446,0.7576280944156593,0.0,1.0,0.0,0.0,0.0,1.0,0.0,5.17
STU-14540,1.7896635564075856,0.6125666872110075,1.1775987988948398,-3.081638658731095,-0.2,0.8125736738703341,0.17501439263097293,0.0,1.0,0.0,0.0,0.0,0.0,1.0,5.22
STU-13572,1.7896635564075856,-0.10950475677972789,1.4118180390176487,-0.8963785637550896,-0.2,0.587819253438114,-0.6194588370754175,1.0,0.0,0.0,0.0,1.0,0.0,0.0,5.3
STU-13257,-0.9603803452820071,-1.4336616436204495,-0.2985728825514376,-1.8785179322836316,0.6,-0.3174852652259332,0.5710995970063327,1.0,0.0,0.0,0.0,0.0,0.0,1.0,2.42
STU-12901,-0.9326021240528186,0.2245880008876278,-0.1165117085063973,0.6504909416773635,-0.2,-0.08958742632612973,-0.5434657455382844,1.0,0.0,1.0,0.0,0.0,0.0,0.0,4.39
STU-11840,-0.5437070268441891,-1.0974134488068537,-0.4038731291612728,1.3625419838605564,0.2,-0.982318271119843,0.8221070811744386,1.0,0.0,0.0,0.0,1.0,0.0,0.0,3.7
STU-13494,1.4563249016573316,0.84679085710253,1.4452779304637646,-0.15977403735868367,-0.2,0.4385068762278981,-0.6563039723661486,1.0,0.0,0.0,0.0,0.0,1.0,0.0,4.38
STU-11327,0.33130694187522636,-0.40695508296098615,-1.867251322701683,-0.012453132079401899,0.0,0.23889980353634574,-1.169833045480714,1.0,0.0,0.0,0.0,0.0,1.0,0.0,4.77
STU-12910,-0.29370303578149937,0.03131713677468479,-0.7552019893454862,-1.321972290117458,-0.2,-1.2055009823182714,-0.12435233160621764,0.0,1.0,1.0,0.0,0.0,0.0,0.0,4.13
STU-10490,1.150764468136266,1.0623345717266302,-0.37434969553234754,-1.4201862269703123,-1.0,0.5265225933202358,0.0,1.0,0.0,0.0,0.0,0.0,1.0,0.0,3.94
STU-14071,-1.0159367877403815,0.0,-0.49244343004805,-0.07792908998130474,-1.0,-0.0848722986247543,-0.27403569372481285,1.0,0.0,1.0,0.0,0.0,0.0,0.0,3.37
STU-11544,0.0,0.5601177166524771,0.5959871564050054,0.0,-0.6,1.0483300589390965,0.6977547495682213,1.0,0.0,0.0,0.0,1.0,0.0,0.0,4.18
STU-13719,-0.11314459779177881,-1.4250398950354861,-0.10470233505482664,-1.42837072170805,0.0,-0.7528487229862477,0.33621185952792176,1.0,0.0,1.0,0.0,0.0,0.0,0.0,3.29
STU-12878,0.011857397739566082,-1.1563287308041073,-2.0808041592842437,-2.803365837648008,-0.2,-0.4982318271119844,-0.9027058146229132,0.0,1.0,1.0,0.0,0.0,0.0,0.0,2.99
STU-14901,0.9979842513757329,1.0623345717266302,0.8725233180626083,-0.3971243847530813,0.0,1.2809430255402754,0.3983880253310307,0.0,1.0,0.0,0.0,0.0,0.0,1.0,5.47
STU-13162,-2.3631805173559908,-0.021131833783846535,-0.6134895079266438,-1.4856621848722145,0.2,-0.41021611001964636,0.3868739205526772,1.0,0.0,1.0,0.0,0.0,0.0,0.0,3.55
STU-10323,-2.474293402272741,-0.7913413740406311,-0.8870733262213539,1.4443869312379345,-0.8,-0.63811394891945,-0.5020149683362118,0.0,1.0,0.0,0.0,1.0,0.0,0.0,2.64
STU-14583,1.7896635564075856,1.0623345717266302,1.4226432980149213,0.8796567943340234,0.0,0.6003929273084481,-0.7691421991940127,0.0,1.0,0.0,0.0,0.0,0.0,1.0,5.85
STU-10113,-2.057620083834924,-0.029753582368810868,-1.201005837142262,0.6177529627264121,-1.0,0.17760314341846772,-0.33160621761658027,1.0,0.0,0.0,0.0,0.0,1.0,0.0,2.66
STU-13140,-0.7520436860630981,0.8439169409075415,-0.6026642489293711,0.16760575215083057,0.2,-0.16974459724950888,-0.04605641911341398,1.0,0.0,0.0,1.0,0.0,0.0,0.0,4.09
STU-11977,0.91464958768817,1.0623345717266302,1.5043247977216152,0.8223653311698583,0.2,0.8722986247544204,0.7415083477259644,1.0,0.0,0.0,0.0,0.0,1.0,0.0,5.18
STU-13996,0.4007524949481956,0.8949289533685791,0.3676726030079819,0.8551033101208104,0.4,0.2970530451866406,-0.2072538860103626,0.0,1.0,0.0,0.0,0.0,0.0,1.0,4.64
STU-10874,-0.9464912346674123,-0.2675701475040682,-0.7394561580767262,1.6899217733700707,1.4,0.2970530451866406,0.2878526194588371,1.0,0.0,0.0,0.0,1.0,0.0,0.0,3.77
STU-13037,-0.4881505843858135,1.0623345717266302,0.8784280047883937,0.1184987837244038,-0.2,1.137917485265226,0.7944732297063904,0.0,1.0,0.0,1.0,0.0,0.0,0.0,4.98
STU-13549,-0.140922819020966,-0.46012253256826385,-2.1221369663647396,0.1921592363640443,0.6,13.566803707170745,-0.4191134139320668,1.0,0.0,1.0,0.0,0.0,0.0,0.0,3.01
STU-14191,0.5118653798649468,0.5177274527764039,-1.0730709580835849,-1.0273304795588953,-0.6,-0.3614931237721021,-0.766839378238342,1.0,0.0,1.0,0.0,0.0,0.0,0.0,3.94
STU-13739,1.1090971362924842,1.0623345717266302,0.49659159652095697,0.21671272057725732,-1.0,0.9744597249508844,1.5290731145653427,1.0,0.0,1.0,0.0,0.0,0.0,0.0,4.94
STU-12282,-0.140922819020966,0.3352337743946653,0.22792835049773408,0.200343731101782,-0.4,0.2609037328094303,0.016119746689694944,1.0,0.0,1.0,0.0,0.0,0.0,0.0,4.34
STU-13921,1.0118733619903277,0.6413058491608878,0.6953827162890552,-0.20069651104737277,-1.0,0.3316306483300589,-0.26482440990213,1.0,0.0,0.0,0.0,0.0,0.0,1.0,4.43
STU-10346,0.553532711708729,0.6966287359144067,-0.15489217222400056,-1.2483118374778168,-0.2,0.49980353634577607,-0.14507772020725387,1.0,0.0,0.0,0.0,0.0,1.0,0.0,3.92
STU-14616,-0.4881505843858135,-1.533530231396283,-1.0435475244546597,-0.2579879742115372,-0.2,-0.913163064833006,0.0023028209556706478,1.0,0.0,1.0,0.0,0.0,0.0,0.0,2.67
STU-14825,1.1229862469070777,-0.07717319958611266,0.5251309156955842,-1.3628947638061473,-0.8,1.1819253438113952,-0.43983880253310303,1.0,0.0,0.0,0.0,1.0,0.0,0.0,4.68
STU-10862,-0.16870104025015445,1.0623345717266302,1.5043247977216152,-0.19251201630963508,-0.2,0.1948919449901769,0.14738054116292473,1.0,0.0,0.0,0.0,0.0,0.0,1.0,4.84
STU-13810,0.7340911496984495,-0.42491705917966116,-1.696999522108212,-0.7981646269022353,-1.0,-0.3096267190569746,-0.15428900402993667,1.0,0.0,0.0,0.0,0.0,0.0,1.0,3.71
STU-11362,-1.0714932301987572,-0.8933653989627053,-0.47276114096209937,-0.012453132079401899,1.0,-0.7575638506876228,0.2394933793897525,1.0,0.0,0.0,1.0,0.0,0.0,0.0,3.57
STU-12401,-0.41870503131284426,0.16279880269538577,1.3985107533152335e-15,0.3067421626923739,-1.0,-0.2939096267190569,0.8151986183074267,1.0,0.0,0.0,0.0,0.0,0.0,1.0,4.1
STU-13003,0.9424278089173572,0.5306600756538493,0.9364907575919476,-1.0682529532475844,1.0,0.9021611001964639,0.0,1.0,0.0,0.0,0.0,0.0,0.0,1.0,4.42
STU-13148,0.8174258133860123,-1.708839119290551,-1.1882123492363947,-0.6426592268852166,0.0,-0.6396856581532416,-0.08290155440414496,1.0,0.0,0.0,0.0,1.0,0.0,0.0,2.89
STU-11531,1.7896635564075856,1.0623345717266302,1.3222636236765748,0.6832289206283149,0.2,1.8388998035363462,-0.9303396660909615,1.0,0.0,1.0,0.0,0.0,0.0,0.0,6.28
STU-12280,0.9285386983027636,1.0623345717266302,1.157916509808889,-0.12703605840773224,1.0,0.5296660117878195,1.15601611974669,0.0,1.0,0.0,0.0,0.0,1.0,0.0,5.5
STU-14752,-0.4881505843858135,-0.4479083887395647,-1.1360542831586262,1.04334668908878,-0.8,-0.5249508840864441,0.062176165803108925,1.0,0.0,0.0,0.0,0.0,0.0,1.0,3.08
STU-11864,0.6090891541671046,0.9430670496346283,0.42179889799434506,-0.15158954262094526,0.2,-0.14145383104125744,0.895797351755901,0.0,1.0,0.0,0.0,0.0,0.0,1.0,4.67
STU-14801,-1.8492834246160161,0.14771074267169818,-0.2444465875650744,-2.1649752481044557,-0.4,-0.3457760314341846,-0.386873920552677,1.0,0.0,0.0,1.0,0.0,0.0,0.0,2.98
STU-10953,-0.8631565709798494,-1.7095575983392979,-1.181323548056313,-0.24161898473606186,-0.2,-1.1096267190569746,-0.7944732297063903,1.0,0.0,0.0,0.0,0.0,0.0,1.0,2.98
STU-13669,0.9979842513757329,-0.8107403083567998,-0.9165967598502792,0.1184987837244038,0.4,-0.3489194499017683,-0.2832469775474956,0.0,1.0,1.0,0.0,0.0,0.0,0.0,4.3
STU-13346,1.0257624726049213,1.0623345717266302,0.672748083840212,-0.5280763005568863,-0.6,1.5245579567779965,-0.27173287276914215,1.0,0.0,0.0,0.0,0.0,1.0,0.0,5.3
STU-10734,0.5674218223233225,-0.6699184148023881,0.048819519815585036,0.8387343206453336,1.0,-0.004715127701375146,-0.7645365572826713,1.0,0.0,0.0,1.0,0.0,0.0,0.0,4.59
STU-11804,-1.7937269821576405,-0.8078663921618123,1.3985107533152335e-15,-2.7215208902706296,-0.8,-0.913163064833006,0.11974668969487635,0.0,1.0,0.0,1.0,0.0,0.0,0.0,2.86
STU-14607,-0.8076001285214738,-0.5470584974666515,1.3985107533152335e-15,-0.11885156366999385,1.4,-0.4557956777996072,-0.22337363270005756,1.0,0.0,0.0,1.0,0.0,0.0,0.0,3.37
STU-12779,-1.0992714514279456,0.2985913429085689,-1.4854149144342448,0.11031428898666538,1.0,9.743783077395282,1.4277489925158322,1.0,0.0,0.0,0.0,1.0,0.0,0.0,2.48
STU-10187,0.06741384019794172,-1.0025742143722491,0.7052238608320299,1.5835233417794778,0.2,-0.5469548133595287,0.911917098445596,0.0,1.0,0.0,0.0,0.0,1.0,0.0,4.86
STU-13791,-2.1131765262932998,-0.11309715202346268,-1.452939137442427,0.33129564690558766,-1.0,-0.5359528487229863,-0.1174438687392055,0.0,1.0,0.0,1.0,0.0,0.0,0.0,2.93
STU-14409,0.16463761450009942,0.3826533916119681,0.7219538065550879,-0.06156010050582939,0.0,0.5532416502946955,0.21416234887737495,1.0,0.0,1.0,0.0,0.0,0.0,0.0,4.56
STU-13912,0.8452040346152008,1.0623345717266302,0.4149100968142631,0.6668599311528396,-0.4,6.917559220390639,0.07829591249280367,1.0,0.0,0.0,0.0,1.0,0.0,0.0,5.35
STU-11473,-0.07147726594799676,-1.2842180014810733,-1.1429430843387096,1.6489992996813807,-1.0,-0.8377210216110021,2.0702360391479564,1.0,0.0,1.0,0.0,0.0,0.0,0.0,3.97
STU-10362,0.9285386983027636,1.0623345717266302,1.5043247977216152,0.3804026153320144,-1.0,0.5689587426326133,1.390903857225101,1.0,0.0,0.0,1.0,0.0,0.0,0.0,5.16
STU-10605,-1.4881665486365752,-0.9824568010073329,1.3985107533152335e-15,-2.1649752481044557,0.0,0.13988212180746573,-1.1306850892343123,1.0,0.0,0.0,1.0,0.0,0.0,0.0,1.95
STU-10811,-1.0714932301987572,0.0765813168457455,1.3985107533152335e-15,0.20852822583951966,1.4,-0.9335952848722987,0.04605641911341398,0.0,1.0,0.0,0.0,0.0,1.0,0.0,3.69
STU-11545,-1.3214972212614482,-1.3855235473544003,-1.2797349934860647,0.9123947732849741,-0.4,-1.131630648330059,0.9395509499136446,1.0,0.0,0.0,0.0,1.0,0.0,0.0,3.54
STU-11664,-0.05758815533340317,1.0623345717266302,-1.9410599067739969,-1.2319428480023416,1.0,1.0420432220039295,0.21876799078871625,0.0,1.0,0.0,0.0,0.0,0.0,1.0,4.45
STU-12390,1.6091051184178649,0.0,0.8026511918074851,0.9615017417114017,-1.0,0.671119842829077,-0.4145077720207254,1.0,0.0,1.0,0.0,0.0,0.0,0.0,4.53
STU-14345,-1.3909427743344174,-1.520597608518837,-0.703043923267719,0.3967716048074905,-0.4,-1.5544204322200397,2.01496833621186,1.0,0.0,0.0,0.0,0.0,1.0,0.0,2.46
STU-12942,0.09519206142713017,0.06939652635827591,1.0762350101021954,-1.0600684585098468,-0.2,0.15402750491159145,1.1836499712147381,1.0,0.0,0.0,0.0,0.0,1.0,0.0,4.31
STU-13605,-1.3353863318760417,-0.01610248044261802,-1.282687336848956,-0.6426592268852166,0.2,0.1241650294695483,0.33621185952792176,1.0,0.0,0.0,0.0,0.0,0.0,1.0,3.47
STU-13639,-1.7520596503138586,-1.652079274439538,-1.2393863008598653,-0.9618545216569924,-1.0,-1.5135559921414539,-0.4766839378238342,1.0,0.0,1.0,0.0,0.0,0.0,0.0,2.56
STU-12183,-0.7798219072922853,0.29356198956733937,-1.631063853670278,0.5277235206112962,1.2,-0.05186640471512772,-0.12665515256188828,0.0,1.0,0.0,0.0,0.0,1.0,0.0,3.82
STU-11758,0.6229782647816982,1.0623345717266302,0.8784280047883937,-0.9454855321815171,2.8,0.9791748526522592,-0.2625215889464594,1.0,0.0,1.0,0.0,0.0,0.0,0.0,5.34
STU-12550,-0.557596137458784,-0.657704270973689,-1.6527143716648234,-0.2579879742115372,-0.2,-0.3913555992141455,-0.17501439263097293,1.0,0.0,0.0,0.0,0.0,0.0,1.0,3.89
STU-14518,-1.8215052033868278,-2.0271253378854723,-1.9646786536771368,-1.7148280375288745,0.2,-1.4931237721021613,0.0,1.0,0.0,0.0,0.0,0.0,1.0,0.0,1.46
STU-11686,1.7896635564075856,1.0623345717266302,0.11278695934492429,-0.24161898473606186,0.0,0.11159135559921429,2.7127230857800804,0.0,1.0,0.0,0.0,0.0,1.0,0.0,4.96
STU-14134,-0.4048159206982506,0.1857901322552893,-0.021052606439538143,-0.1352205531454699,-0.2,-0.5218074656188606,1.8767990788716178,0.0,1.0,1.0,0.0,0.0,0.0,0.0,4.61
STU-12271,-2.2242894112100506,-0.6598597081199301,-0.7000915799048263,1.5998923312549547,-0.6,-0.19960707269155203,0.2855497985031665,1.0,0.0,0.0,0.0,0.0,0.0,1.0,3.1
STU-14072,1.7618853351783983,1.0623345717266302,0.23383303722351942,-1.4365552164457878,-0.8,0.1728880157170923,0.4513529073114566,1.0,0.0,0.0,0.0,0.0,1.0,0.0,4.76
STU-10055,-1.7103923184700764,-0.42922793347214333,0.5054486266096335,-0.9536700269192547,0.4,-0.17603143418467573,-0.1128382268278642,0.0,1.0,0.0,0.0,1.0,0.0,0.0,4.39
STU-14403,-1.5715012123241379,-0.023287270930087617,-0.4078095869784635,-1.4938466796099528,-1.0,0.0,0.9786989061600464,1.0,0.0,0.0,0.0,0.0,1.0,0.0,2.33
STU-12783,1.3035446848967995,0.24111301900880805,0.7750959870871544,1.1906675943680622,-0.4,-0.23575638506876231,0.29706390328151994,1.0,0.0,0.0,0.0,1.0,0.0,0.0,4.41
STU-12791,0.5118653798649468,0.6377134539171531,-0.6095530501094545,-1.1664668901004387,-1.0,0.29233791748526516,0.6217616580310882,1.0,0.0,0.0,0.0,1.0,0.0,0.0,4.81
STU-12819,1.7618853351783983,0.27560001334866435,0.6225582466710394,0.17579024688856823,1.6,0.6774066797642438,-0.19113413932066786,0.0,1.0,0.0,0.0,0.0,1.0,0.0,6.01
STU-14027,-0.07147726594799676,0.12903028740427683,-0.5396809238543299,0.0,0.6,0.21689587426326146,-0.3891767415083477,1.0,0.0,0.0,0.0,1.0,0.0,0.0,4.52
STU-13129,-0.09925548717718521,0.0,1.5043247977216152,-2.26318918495731,0.0,-0.6679764243614932,0.17040875071963163,1.0,0.0,0.0,0.0,0.0,0.0,1.0,4.05
STU-11520,1.234099131823829,1.0113225592655937,0.5920506985878161,1.2152210785812754,0.8,0.6569744597249513,2.80944156591825,1.0,0.0,0.0,0.0,0.0,0.0,1.0,5.32
STU-10272,1.7896635564075856,-2.27428213065444,-0.306445798185819,0.9451327522359263,0.2,-0.9634577603143419,0.06678180771445022,0.0,1.0,0.0,0.0,0.0,0.0,1.0,3.63
STU-13492,-0.9464912346674123,0.018384513897238292,-0.10863879287201733,-0.7572421532135463,-0.4,-0.5092337917485267,1.6902705814622918,0.0,1.0,0.0,0.0,0.0,1.0,0.0,3.22
STU-12525,-0.4603723631566263,0.8417615037613015,0.8479204567051704,1.411648952286984,-0.6,0.3269155206286838,-0.2993667242371906,1.0,0.0,0.0,0.0,1.0,0.0,0.0,4.41
STU-10914,1.4979922335011138,1.0623345717266302,1.5043247977216152,0.3722181205942768,1.0,2.3559921414538314,1.0293609671848014,1.0,0.0,1.0,0.0,0.0,0.0,0.0,5.79
STU-13585,0.4146416055627892,1.0623345717266302,1.1342977629057478,0.020284846871549526,-0.6,0.6601178781925346,0.5296488198042603,1.0,0.0,0.0,0.0,0.0,1.0,0.0,5.07
STU-10426,0.5257544904795405,-0.9055795427914044,1.0102993416642614,-0.699950690049381,-0.8,-0.7575638506876228,1.9781232009211287,0.0,1.0,1.0,0.0,0.0,0.0,0.0,3.83
STU-10655,-0.3631485888544686,-2.5458672110808065,-0.48063405659647934,-0.7245041742625948,0.2,-0.738703339882122,-0.6470926885434658,0.0,1.0,0.0,0.0,0.0,0.0,1.0,2.6
STU-11426,-0.26592481455231215,0.06652261016328745,0.1797067422371562,-1.6739055638401854,0.6,-0.3489194499017683,0.9925158318940703,0.0,1.0,0.0,0.0,0.0,1.0,0.0,4.21
STU-12112,0.7202020390838558,-0.24170490174917625,1.3985107533152335e-15,-0.49533832160593483,-1.0,0.088015717092338,1.6073690270581464,0.0,1.0,0.0,0.0,0.0,1.0,0.0,4.27
STU-11239,0.0,1.0623345717266302,1.3985107533152335e-15,2.5329247313570686,-0.6,1.3878192534381142,0.7783534830166955,1.0,0.0,0.0,0.0,0.0,0.0,1.0,5.66
STU-12726,-0.8492674603652558,-1.830262078528794,-0.8910097840385446,-0.5935522584587891,-1.0,-0.8722986247544205,0.04605641911341398,1.0,0.0,0.0,0.0,0.0,1.0,0.0,2.35
STU-11552,-1.252051668188479,-0.2589483989191039,0.15018330860822954,0.34766463638106304,0.6,-0.02671905697445972,-1.2204951065054694,1.0,0.0,0.0,0.0,0.0,0.0,1.0,4.1
STU-11437,-1.279829889417666,0.406363200220619,-0.03187786543681079,2.009117068141847,0.8,-0.07858546168958744,0.26482440990213024,1.0,0.0,0.0,0.0,0.0,1.0,0.0,3.61
STU-11943,0.03963561896875452,0.2037521084739643,-1.7383323291887078,1.9681945944531574,0.6,-0.47308447937131637,2.3649971214738055,1.0,0.0,0.0,0.0,1.0,0.0,0.0,3.03
STU-11396,-0.09925548717718521,0.8848702466861211,-0.14997159995251327,-0.31527943737570235,0.4,0.09273084479371316,0.0,1.0,0.0,0.0,0.0,1.0,0.0,0.0,3.91
STU-14802,-0.015920823489621122,0.4968915603627404,0.9079514384173188,0.7978118469566453,-0.8,0.7669941060903736,0.19804260218768002,1.0,0.0,0.0,0.0,0.0,1.0,0.0,5.16
STU-10286,-1.2242734469592904,-0.261103836065345,1.3985107533152335e-15,-0.20069651104737277,0.0,-0.037721021611002006,0.7230857800805988,1.0,0.0,0.0,0.0,0.0,0.0,1.0,3.85
STU-11044,-0.07147726594799676,0.0765813168457455,-1.3643688365556512,0.7896273522189069,0.0,-0.7308447937131631,0.0,0.0,1.0,1.0,0.0,0.0,0.0,0.0,4.22
STU-10243,1.5396595653448957,-1.657108627780767,-1.0287858076401963,0.3558491311188014,0.6,-0.9430255402750493,0.8313183649971216,0.0,1.0,0.0,0.0,0.0,1.0,0.0,4.04
STU-13728,1.4702140122719252,0.20159667132772324,1.5043247977216152,1.5998923312549547,0.0,-0.11316306483300602,-0.2210708117443869,1.0,0.0,0.0,0.0,1.0,0.0,0.0,3.81
STU-13618,1.7896635564075856,1.0623345717266302,0.1305010195222803,1.2070365838435377,1.4,0.8125736738703341,0.05296488198042613,0.0,1.0,0.0,0.0,0.0,0.0,1.0,5.54
STU-14916,0.5257544904795405,0.7325526883517567,-1.607445106767138,-1.5429536480363797,-1.0,-0.3929273084479372,0.8543465745538286,0.0,1.0,0.0,0.0,0.0,0.0,1.0,3.44
STU-12506,0.6785347072400738,1.0623345717266302,1.3985107533152335e-15,-0.49533832160593483,-1.0,-0.12573673870333973,1.1790443293033968,1.0,0.0,0.0,0.0,0.0,0.0,1.0,5.45
STU-10554,1.3035446848967995,1.0623345717266302,1.5043247977216152,2.6475076576853986,-1.0,0.8314341846758353,2.772596430627519,0.0,1.0,0.0,0.0,1.0,0.0,0.0,5.5
STU-11078,0.8452040346152008,1.0623345717266302,1.4275638702864086,0.38858711006975283,-0.6,1.5811394891944994,0.5112262521588946,1.0,0.0,0.0,0.0,0.0,0.0,1.0,5.48
STU-12742,-0.7242654648339096,-0.7432032777745818,-1.8032838831723437,1.1251916364661594,-0.6,-0.726129666011788,-1.073114565342545,0.0,1.0,1.0,0.0,0.0,0.0,0.0,3.95
STU-11395,1.7896635564075856,1.0623345717266302,1.3985107533152335e-15,-0.298910447900227,0.2,2.759921414538311,0.09441565918249861,1.0,0.0,0.0,0.0,0.0,1.0,0.0,6.07
STU-13275,0.8868713664589816,-0.8754034227440303,0.8016670773531871,-1.42837072170805,0.8,-0.9791748526522595,1.282671272308578,0.0,1.0,0.0,0.0,0.0,0.0,1.0,4.02
STU-12891,-0.2242574827085301,-0.31642672281886375,0.28303875993839533,-1.4038172374948363,0.2,0.43693516699410606,1.6234887737478414,0.0,1.0,1.0,0.0,0.0,0.0,0.0,4.13
STU-10375,0.24797227818766227,-1.4674301589115584,0.3784978620052545,1.788135710222924,-1.0,-0.5736738703339883,0.4697754749568222,1.0,0.0,1.0,0.0,0.0,0.0,0.0,3.76
STU-14899,0.23408316757306866,-0.9091719380351392,0.14231039297384956,1.9600100997154197,-0.2,-0.7434184675834971,0.6609096142774901,0.0,1.0,0.0,0.0,0.0,0.0,1.0,4.22
STU-10266,0.8868713664589816,0.5823905671636334,0.06554946553864302,-0.6835817005739057,-0.2,-0.44950884086444004,0.0,0.0,1.0,0.0,0.0,0.0,0.0,1.0,4.42
STU-12673,0.7896475921568251,1.0623345717266302,1.0073469983013688,0.977870731186877,-0.4,0.6836935166994107,1.3955094991364423,1.0,0.0,1.0,0.0,0.0,0.0,0.0,5.55
STU-14917,1.6646615608762405,0.7483592274241906,1.4816901652727719,0.7650738680056939,0.8,1.6157170923379176,-0.46747265400115146,0.0,1.0,0.0,0.0,0.0,1.0,0.0,6.04
STU-12895,-0.8353783497506609,1.0623345717266302,0.7052238608320299,0.699597910103791,0.4,0.7889980353634581,-0.3684513529073114,1.0,0.0,0.0,0.0,1.0,0.0,0.0,3.98
STU-13813,0.0,1.0623345717266302,0.7258902643722785,0.29855766795463623,0.4,0.47465618860510805,0.5296488198042603,0.0,1.0,0.0,1.0,0.0,0.0,0.0,6.11
STU-13971,-0.6409308011463468,-0.11381563107221006,0.3322444826532713,-0.16795853209642134,-1.0,-0.24047151277013745,0.1934369602763385,1.0,0.0,0.0,0.0,0.0,0.0,1.0,3.56
STU-10727,0.8729822558443879,0.0,1.5043247977216152,0.7814428574811692,-0.8,1.43811394891945,-0.49050086355785844,0.0,1.0,0.0,0.0,1.0,0.0,0.0,5.71
STU-11453,1.317433795511393,-1.2461386118974822,-0.9028191574901139,0.6095684679886744,0.0,0.3347740667976426,1.3724812895797354,0.0,1.0,0.0,0.0,0.0,1.0,0.0,4.54
STU-13263,0.7479802603130431,0.2475793304475313,0.6255105900339307,1.493493899664362,0.0,0.5406679764243615,1.4876223373632702,1.0,0.0,0.0,0.0,1.0,0.0,0.0,6.0
STU-12151,0.22019405695847505,-0.23164619506671819,-0.35073094862920623,0.41314059428296585,-0.2,-0.3567779960707269,0.14277489925158324,0.0,1.0,1.0,0.0,0.0,0.0,0.0,4.31
STU-13830,1.48410312288652,0.9057061390997836,1.0152199139357487,-0.675397205836168,1.6,0.9823182711198433,-0.07599309153713302,1.0,0.0,1.0,0.0,0.0,0.0,0.0,4.85
STU-12171,0.9979842513757329,-1.0032926934209965,0.20923017586608147,0.3804026153320144,0.6,-0.4919449901768172,-0.19113413932066786,1.0,0.0,0.0,0.0,0.0,1.0,0.0,4.88
STU-11107,-0.2381465933231237,-1.557240040004934,-0.28085882237408305,0.0,1.0,-1.1111984282907663,-0.9050086355785838,1.0,0.0,0.0,0.0,0.0,1.0,0.0,3.55
STU-12685,-0.29370303578149937,-2.3662474488940566,-0.8418040613236687,0.08576080477345237,0.0,-1.419253438113949,1.2251007484168106,1.0,0.0,0.0,1.0,0.0,0.0,0.0,2.73
STU-13375,-0.8214892391360673,1.0623345717266302,1.5043247977216152,0.7323358890547425,0.0,0.4196463654223969,-1.0685089234312033,1.0,0.0,0.0,0.0,0.0,0.0,1.0,5.19
STU-12477,-0.5437070268441891,-0.25966687796785126,-0.3586038642635876,0.2412662047904711,-0.4,-1.7304518664047155,0.22797927461139905,0.0,1.0,1.0,0.0,0.0,0.0,0.0,2.97
STU-14987,-0.7520436860630981,-1.978987241619423,-0.5652678996660658,0.7487048785302177,0.8,-1.7053045186640474,-0.26021876799078875,1.0,0.0,0.0,0.0,0.0,1.0,0.0,2.18
STU-10151,-0.39092681008365704,-0.15764285304577705,-0.9539931091135858,0.03665383634702487,-0.4,-0.35520628683693517,0.5710995970063327,0.0,1.0,0.0,0.0,0.0,0.0,1.0,4.05
STU-11572,0.49797626925035327,0.7196200654743112,0.6176376743995508,-0.3643864058021299,1.0,0.5265225933202358,-0.7276914219919401,0.0,1.0,0.0,0.0,0.0,0.0,1.0,5.51
STU-14883,1.0257624726049213,1.0623345717266302,1.0339180885674013,-0.9536700269192547,0.4,0.0,0.4605641911341394,1.0,0.0,0.0,0.0,0.0,0.0,1.0,5.1
STU-14368,-0.4603723631566263,0.7871570960565291,0.8774438903340956,-1.0191459848211575,0.4,-0.11159135559921401,0.6378814047207831,0.0,1.0,0.0,0.0,0.0,1.0,0.0,4.2
STU-11679,0.9702060301465456,-1.0830438678319134,0.698335059651948,-0.19251201630963508,0.2,-0.11473477406679773,0.15659182498560753,0.0,1.0,0.0,0.0,1.0,0.0,0.0,3.99
STU-13679,-0.877045681594443,0.0,-0.035814323254001475,0.6586754364151012,0.4,-0.9713163064833007,1.7156016119746693,1.0,0.0,0.0,0.0,0.0,1.0,0.0,3.79
STU-12995,1.4702140122719252,1.0623345717266302,1.5043247977216152,1.076084668039732,-0.2,1.3752455795677805,1.206678180771445,0.0,1.0,0.0,0.0,0.0,0.0,1.0,6.63
STU-11511,1.0257624726049213,1.0623345717266302,0.6963668307433533,1.4771249101888868,0.6,0.5139489194499018,-0.881980426021877,1.0,0.0,1.0,0.0,0.0,0.0,0.0,5.37
STU-12064,0.6924238178546674,0.23823910281382063,-0.473745255416396,-0.3889398900153429,-0.8,-0.22946954813359519,2.80944156591825,0.0,1.0,0.0,0.0,1.0,0.0,0.0,3.74
STU-11051,0.0,0.4149849488055823,1.5043247977216152,-0.6508437216229542,-1.0,0.8110019646365427,0.7668393782383423,0.0,1.0,0.0,0.0,0.0,0.0,1.0,4.57
STU-13053,0.03963561896875452,0.4099555954643538,1.4206750691063268,1.3789109733360316,-0.2,0.0,-1.093839953943581,1.0,0.0,0.0,0.0,0.0,1.0,0.0,4.49
STU-11752,-1.279829889417666,-2.869182783016957,-1.4923037156143282,-0.3480174163266538,1.6,-1.3438113948919452,-0.14047207829591238,1.0,0.0,0.0,0.0,0.0,1.0,0.0,2.14
STU-13482,-0.30759214639609295,1.024255182143039,1.3985107533152335e-15,2.082777520781488,-0.2,0.011001964636542285,1.2181922855497986,0.0,1.0,0.0,0.0,0.0,0.0,1.0,4.85
STU-10046,1.081318915063297,-1.1254341317079868,1.3985107533152335e-15,0.08576080477345237,-0.6,-0.337917485265226,0.0,0.0,1.0,1.0,0.0,0.0,0.0,0.0,4.34
STU-13514,-0.7520436860630981,-1.4509051407903781,1.3985107533152335e-15,0.044838331084762546,1.2,-1.452259332023576,0.6286701208981001,0.0,1.0,0.0,0.0,0.0,1.0,0.0,3.84
STU-13249,-0.4464832525420327,0.24470541425254388,0.4178624401771544,-0.5608142795078377,0.2,0.8298624754420433,-0.789867587795049,1.0,0.0,0.0,0.0,1.0,0.0,0.0,3.78
STU-11278,1.7063288927200226,1.0623345717266302,1.5043247977216152,0.5031700363980824,-0.6,1.6565815324165034,0.32700057570523894,1.0,0.0,1.0,0.0,0.0,0.0,0.0,5.7
STU-10883,1.1785426893654534,1.0623345717266302,1.5043247977216152,-0.5853677637210514,-1.0,1.6785854616895879,0.05526770293609678,1.0,0.0,0.0,0.0,0.0,0.0,1.0,5.07
STU-14333,-0.2381465933231237,0.6413058491608878,0.4355765003545104,-0.7326886690003325,1.2,0.7638506876227901,-0.3385146804835924,1.0,0.0,0.0,0.0,0.0,0.0,1.0,4.72
STU-14477,0.49797626925035327,1.0623345717266302,0.7495090112754185,-0.42986236370403197,0.0,0.12730844793713172,-0.7345998848589523,1.0,0.0,0.0,0.0,1.0,0.0,0.0,4.53
STU-10094,-1.0020476771257878,-1.4350986017179441,-1.7530940460031696,-0.8718250795418758,-0.2,-0.14459724950884087,2.80944156591825,0.0,1.0,1.0,0.0,0.0,0.0,0.0,2.87
STU-10393,0.2896396100314443,1.0084486430706052,0.817412908621947,-0.5362607952946247,-0.2,0.4353634577603143,-0.30397236614853185,1.0,0.0,1.0,0.0,0.0,0.0,0.0,5.65
STU-13867,-0.8353783497506609,-0.544184581271663,0.8302063965278157,0.805996341694383,0.2,-1.1913555992141456,-0.8175014392630974,1.0,0.0,0.0,0.0,0.0,0.0,1.0,2.98
STU-10633,-1.113160562042539,-0.7769717930656909,-1.419479245996311,0.5850149837754607,0.2,0.011001964636542285,0.03684513529073118,1.0,0.0,1.0,0.0,0.0,0.0,0.0,4.05
STU-13544,0.9979842513757329,-1.3215789120159183,1.1372501062686404,1.1824830996303233,-0.2,-1.1709233791748528,-0.8336211859527922,1.0,0.0,1.0,0.0,0.0,0.0,0.0,4.08
STU-10560,-1.3214972212614482,-0.2826582075277548,0.9512524744064095,0.5686459942999853,-0.8,-0.1948919449901769,-0.43523316062176165,1.0,0.0,0.0,0.0,0.0,0.0,1.0,4.82
STU-10409,-0.557596137458784,-0.8358870750629455,0.24367418176649405,0.2821886784791602,-0.2,-0.5233791748526524,0.6885434657455383,1.0,0.0,0.0,0.0,1.0,0.0,0.0,3.48
STU-12866,1.039651583219515,1.0623345717266302,0.49167102424946824,-0.8472715953286628,-1.0,-0.35520628683693517,-0.6954519286125505,1.0,0.0,0.0,0.0,0.0,0.0,1.0,4.1
STU-14031,1.3591011273551752,0.8762484981011568,0.8469363422508723,-0.5362607952946247,0.4,-0.16974459724950888,0.13586643638457108,0.0,1.0,0.0,0.0,1.0,0.0,0.0,4.4
STU-14532,1.039651583219515,0.687288508280696,0.8922056071485589,0.003915857396073449,-0.2,0.1367387033398823,-0.8105929763960853,0.0,1.0,0.0,0.0,0.0,0.0,1.0,3.92
STU-12725,-0.4742614737712199,-0.24386033889541733,-0.5140939480425953,1.5098628891398373,0.0,-0.5375245579567781,0.22337363270005756,1.0,0.0,0.0,0.0,0.0,1.0,0.0,3.95
STU-13196,0.9007604770735764,0.7943418865439987,-0.028925522073918124,0.5277235206112962,0.0,-0.7245579567779961,0.7276914219919405,0.0,1.0,0.0,0.0,1.0,0.0,0.0,4.13
STU-11873,-0.6131525799171597,0.30074678005481,0.8902373782399643,1.0106087101378292,-0.6,0.1713163064833006,1.383995394358089,1.0,0.0,0.0,1.0,0.0,0.0,0.0,3.81
STU-11323,0.8590931452297944,-1.1793200603640117,-0.6105371645637511,-0.6508437216229542,-0.6,-0.3049115913555992,-0.8175014392630974,1.0,0.0,0.0,0.0,1.0,0.0,0.0,3.61
STU-14370,-0.7520436860630981,-0.5987889889764354,-0.9047873863987099,0.2740041837414225,-0.4,-0.5705304518664046,-0.19113413932066786,1.0,0.0,0.0,0.0,0.0,0.0,1.0,3.17
STU-11504,-1.5437229910949508,-1.2360799052150242,-1.4804943421627577,-2.205897721793146,1.4,-1.7304518664047155,1.8353483016695453,1.0,0.0,0.0,0.0,0.0,1.0,0.0,2.07
STU-12093,0.9840951407611392,-1.5996303038810067,1.5043247977216152,-2.345034132334689,-0.8,-0.7528487229862477,1.0385722510074844,1.0,0.0,1.0,0.0,0.0,0.0,0.0,3.05
STU-14139,-0.7381545754485045,-0.10878627773098053,-0.004322660716480166,-1.0682529532475844,0.0,0.20746561886051088,-0.812895797351756,1.0,0.0,0.0,1.0,0.0,0.0,0.0,4.38
STU-14395,0.7202020390838558,1.0623345717266302,1.5043247977216152,-1.8539644480704178,1.8,0.40078585461689603,0.8520437535981579,1.0,0.0,0.0,1.0,0.0,0.0,0.0,5.2
STU-10041,0.553532711708729,-0.6885988700698105,-0.3330168884518516,-0.4626003426549834,-0.8,-0.48408644400785866,-0.8911917098445598,0.0,1.0,0.0,0.0,1.0,0.0,0.0,4.46
STU-10586,-3.0159687162419035,1.0623345717266302,-1.503128974611601,-0.6344747321474782,0.2,-0.12730844793713172,0.9326424870466322,1.0,0.0,0.0,0.0,0.0,1.0,0.0,2.98
STU-10600,0.08130295081253533,0.7964973236902397,-1.2708779633973866,0.34766463638106304,-0.8,-0.3080550098231826,1.5244674726540015,0.0,1.0,1.0,0.0,0.0,0.0,0.0,4.63
STU-13886,-1.2381625575738842,0.38552730780695554,1.2268045216097156,-2.6314914481555136,0.6,-0.020432220039292577,0.1404720782959126,1.0,0.0,0.0,0.0,1.0,0.0,0.0,3.74
STU-10712,-0.2520357039377173,0.6104112500647664,-0.6154577368352397,0.06120732056023862,0.4,0.3159135559921415,-0.14738054116292454,1.0,0.0,0.0,0.0,0.0,0.0,1.0,3.98
STU-14351,-0.27981392516690573,-0.06064818146493136,-1.1980534937793694,-0.4380468584417704,-0.6,-0.669548133595285,0.4145077720207254,0.0,1.0,0.0,0.0,0.0,0.0,1.0,3.94
STU-14056,-0.27981392516690573,1.0623345717266302,0.11475518825351894,-1.698459048053399,-0.4,0.545383104125737,-0.4006908462867013,1.0,0.0,0.0,1.0,0.0,0.0,0.0,4.04
STU-14486,-0.029809934104214727,1.0623345717266302,0.3351968260161639,-1.534769153298642,0.4,0.5422396856581535,0.0,0.0,1.0,0.0,0.0,0.0,1.0,0.0,4.61
STU-12025,0.5257544904795405,-0.06998840909864307,0.3214192236559986,1.3298040049096056,0.6,-0.15717092337917488,0.40299366724237196,1.0,0.0,0.0,0.0,0.0,0.0,1.0,4.51
STU-12945,1.2479882424384239,-0.6929097443622927,1.3985107533152335e-15,0.0,-0.4,-0.8188605108055012,0.048359240069084625,0.0,1.0,0.0,0.0,0.0,0.0,1.0,4.49
STU-14792,0.4146416055627892,-2.3403822031391646,-0.4235554182472235,1.100638152252945,-0.4,-0.9288801571709235,1.4139320667818078,1.0,0.0,0.0,0.0,0.0,0.0,1.0,3.24
STU-10199,0.4007524949481956,-0.2366755484079467,0.4936392531580643,0.9369482574981887,1.8,0.015717092337917432,-0.7783534830166955,0.0,1.0,0.0,0.0,0.0,0.0,1.0,4.54
STU-11503,0.5396436010941341,-1.5292193571038009,0.2613882419438501,1.5835233417794778,1.0,-0.06915520628683687,-0.8474381116868164,1.0,0.0,0.0,0.0,0.0,1.0,0.0,3.7
STU-14754,0.2618613888022571,-1.2202733661425904,-0.7768525073400329,0.0,-0.6,-0.14302554027504916,2.3327576280944156,1.0,0.0,0.0,0.0,0.0,1.0,0.0,2.38
STU-12734,0.8590931452297944,0.354632708710835,-0.6174259657438345,-0.7163196795248571,0.2,0.7277013752455798,-1.0293609671848014,1.0,0.0,1.0,0.0,0.0,0.0,0.0,4.67
STU-11623,0.2757504994168507,-1.9179165224759278,1.3985107533152335e-15,0.07757631003571397,0.8,-0.587819253438114,0.6540011514104781,1.0,0.0,0.0,0.0,0.0,0.0,1.0,4.0
STU-13427,0.0,-0.5125715031267951,-1.7560463893660625,0.7487048785302177,0.4,0.4542239685658155,0.4099021301093841,0.0,1.0,1.0,0.0,0.0,0.0,0.0,4.61
STU-13272,0.44241982679197767,1.0623345717266302,1.199249316889385,-0.8881940690173519,0.0,0.8550098231827112,-1.1191709844559585,1.0,0.0,1.0,0.0,0.0,0.0,0.0,4.63
STU-10921,0.3729742737190084,0.8683452285649398,0.7012874030148406,0.0,-1.0,-0.24047151277013745,-0.2878526194588371,1.0,0.0,0.0,0.0,1.0,0.0,0.0,4.33
STU-13151,-2.029841862605737,0.02269538818972046,0.15411976642542022,1.1988520891058,-1.0,0.18860510805501002,-0.9303396660909615,1.0,0.0,0.0,0.0,0.0,0.0,1.0,3.54
STU-14668,0.12297028265631738,-0.5643019946365792,0.31551453693021325,0.0284693416092872,-0.4,-0.0974459724950883,-0.7115716753022453,1.0,0.0,0.0,0.0,0.0,1.0,0.0,4.27
STU-13424,0.386863384333602,0.8302658389813488,-0.14997159995251327,0.9287637627604509,0.8,-0.3159135559921415,-0.2510074841681059,0.0,1.0,1.0,0.0,0.0,0.0,0.0,4.31
STU-11257,-1.3076081106468547,0.03562801106716594,-0.08797238933177005,0.9696862364491393,0.6,0.10216110019646372,0.0,1.0,0.0,0.0,0.0,1.0,0.0,0.0,4.53
STU-11195,-0.4881505843858135,1.0623345717266302,0.7376996378238478,0.1184987837244038,0.6,0.5202357563850689,-0.6977547495682211,1.0,0.0,0.0,0.0,1.0,0.0,0.0,4.84
STU-13972,0.4701980480211648,1.0623345717266302,0.8577616012481464,0.5604614995622477,-1.0,0.0,-0.7875647668393784,1.0,0.0,0.0,0.0,0.0,1.0,0.0,4.93
STU-11678,0.6924238178546674,0.30074678005481,0.4493541027146757,-1.412001732232574,1.0,0.2467583497053046,-0.8013816925734025,1.0,0.0,0.0,0.0,1.0,0.0,0.0,4.45
STU-14930,0.03963561896875452,-1.834572952821276,-1.9095682442364754,-0.12703605840773224,-0.8,0.3190569744597249,0.016119746689694944,0.0,1.0,0.0,0.0,1.0,0.0,0.0,3.28
STU-14380,-0.15481192963556084,-2.2326103458271143,-2.4291806761055654,-1.6575365743647092,-0.6,-1.0891944990176818,0.0,0.0,1.0,0.0,0.0,1.0,0.0,0.0,2.67
STU-11713,0.24797227818766227,0.4516273802916797,0.42179889799434506,1.6653682891568562,-0.4,-0.33634577603143434,-0.30397236614853185,0.0,1.0,1.0,0.0,0.0,0.0,0.0,4.62
STU-10971,0.3035287206460379,0.5852644833586218,0.39818015109120514,1.0679001733019944,-0.4,0.8314341846758353,0.591824985607369,1.0,0.0,0.0,0.0,0.0,1.0,0.0,3.67
STU-10179,-0.5853743586879712,0.6700450111107683,1.3985107533152335e-15,-0.8472715953286628,-1.0,-0.6852652259332024,-0.13356361542890044,1.0,0.0,0.0,0.0,1.0,0.0,0.0,3.94
STU-12807,-0.7381545754485045,-0.30996041138014047,-0.8368834890521815,1.0842691627774697,0.8,-0.13202357563850686,-0.5480713874496258,1.0,0.0,0.0,0.0,0.0,1.0,0.0,3.76
STU-14210,1.0118733619903277,-0.5714867851240487,-1.2206881262282128,-1.141913405887225,9.4,-0.7811394891944992,0.753022452504318,0.0,1.0,0.0,0.0,1.0,0.0,0.0,3.88
STU-12311,-0.18259015086474806,-2.068797122712798,-1.2354498430426761,0.5931994785131991,-0.4,-0.7874263261296661,1.8629821531375939,0.0,1.0,0.0,0.0,0.0,1.0,0.0,3.49
STU-14684,1.0257624726049213,0.11106831118560181,-0.2523195031994544,-0.4707848373927218,-0.8,0.3111984282907663,-0.45365572826712725,0.0,1.0,0.0,0.0,0.0,0.0,1.0,4.86
STU-13283,-0.26592481455231215,-1.8669045100148913,-0.5918389899320985,-0.1434050478832076,0.6,-1.7304518664047155,0.4168105929763963,1.0,0.0,0.0,0.0,0.0,0.0,1.0,3.34
STU-11215,0.553532711708729,0.8956474324173266,-0.255271846562347,-0.49533832160593483,0.0,-0.2420432220039292,-0.7046632124352332,0.0,1.0,0.0,1.0,0.0,0.0,0.0,4.82
STU-13231,0.3174178312606327,-0.0764547205373653,1.021124600661534,-1.7148280375288745,0.0,-0.12730844793713172,0.12895797351755914,1.0,0.0,0.0,0.0,0.0,0.0,1.0,4.69
STU-14113,1.150764468136266,-0.22877227887172974,0.631415276759716,2.0909620155192252,1.0,0.43379174852652264,0.683937823834197,1.0,0.0,0.0,0.0,0.0,0.0,1.0,4.67
STU-13298,-0.557596137458784,-1.3761833197206896,-0.5692043574832552,-1.0846219427230603,1.2,-0.9335952848722987,1.1974668969487625,0.0,1.0,1.0,0.0,0.0,0.0,0.0,3.6
STU-14672,1.7896635564075856,-0.3580985076461896,1.400992780020376,2.0745930260437486,0.4,0.4086444007858546,0.7484168105929767,0.0,1.0,0.0,0.0,1.0,0.0,0.0,5.08
STU-14089,0.8452040346152008,0.8489462942487711,-0.41568250261284345,2.189175952372079,-1.0,0.7072691552062872,-0.3293033966609096,1.0,0.0,0.0,1.0,0.0,0.0,0.0,4.88
STU-12006,-0.5437070268441891,1.0623345717266302,1.0880443835537645,-0.07792908998130474,-0.2,0.3269155206286838,-0.19573978123200916,1.0,0.0,0.0,1.0,0.0,0.0,0.0,4.46
STU-14262,0.2757504994168507,0.4336654040730047,0.48379810861508826,-0.42167786896629433,-0.2,-0.07072691552062858,-0.02763385146804839,0.0,1.0,0.0,0.0,1.0,0.0,0.0,4.51
STU-10719,1.0952080256778904,1.0623345717266302,1.3985107533152335e-15,1.9109031312889921,0.0,-0.2829076620825146,-0.7253886010362696,1.0,0.0,0.0,1.0,0.0,0.0,0.0,5.56
STU-12384,1.0257624726049213,0.7375820416929862,0.3263397959274859,-0.9700390163947301,0.0,-0.6805500982318272,-0.14968336211859518,1.0,0.0,1.0,0.0,0.0,0.0,0.0,4.66
STU-11141,-0.8214892391360673,-1.6844108316331527,1.3985107533152335e-15,0.5522770048245093,1.0,-0.9917485265225934,0.9418537708693152,1.0,0.0,0.0,0.0,0.0,1.0,0.0,2.56
STU-10172,0.9979842513757329,1.0623345717266302,-0.4963798878652393,-0.3889398900153429,0.8,-0.18074656188605118,0.0,1.0,0.0,1.0,0.0,0.0,0.0,0.0,6.31
STU-13165,-1.2103843363446969,-1.0686742868569732,-1.0366587232745763,-0.2743569636870133,0.4,-0.707269155206287,-0.21876799078871625,1.0,0.0,0.0,0.0,0.0,1.0,0.0,2.85
STU-13803,1.7896635564075856,1.0623345717266302,1.5043247977216152,-0.42986236370403197,0.6,-0.16188605108055001,0.584916522740357,1.0,0.0,0.0,0.0,0.0,1.0,0.0,4.92
STU-12138,-0.11314459779177881,-0.49317256881062643,0.7317949510980639,0.2740041837414225,-1.0,-0.3929273084479372,0.9487622337363272,1.0,0.0,0.0,0.0,1.0,0.0,0.0,4.06
STU-13337,-0.8353783497506609,-2.2814669211419103,-0.39304787016400017,-0.33164842685117846,1.2,-1.0373280943025542,-0.4145077720207254,1.0,0.0,0.0,0.0,0.0,0.0,1.0,2.62
STU-13943,-1.4603883274073866,0.8625973961749639,0.07637472453591566,1.829058183911614,0.0,0.1477406679764243,-0.6954519286125505,1.0,0.0,1.0,0.0,0.0,0.0,0.0,4.65
STU-13559,0.03963561896875452,-2.2462614477533074,-1.6103974501300307,-0.3725709005398675,0.2,-1.488408644400786,-0.12204951065054699,0.0,1.0,0.0,0.0,0.0,0.0,1.0,2.73
STU-13709,-1.1826061151155085,-0.629683588072556,-0.42847599051871077,1.829058183911614,-0.8,-1.3909626719056976,-0.9211283822682788,0.0,1.0,0.0,0.0,1.0,0.0,0.0,2.85
STU-14280,0.09519206142713017,0.010481244361021326,-0.0810835881516867,1.4198334470247216,0.2,-0.14302554027504916,2.0771445020149684,0.0,1.0,0.0,0.0,1.0,0.0,0.0,4.86
STU-11529,-1.0298258983549764,-0.43641272395961295,-1.896774756330608,0.4786165521848687,-0.6,0.21060903732809433,-0.8082901554404146,0.0,1.0,0.0,0.0,0.0,0.0,1.0,3.26
STU-11014,-1.0159367877403815,0.1419629102817223,-2.350451519761764,-1.2401273427400792,-0.2,-0.3803536345776032,0.0,1.0,0.0,0.0,0.0,0.0,0.0,1.0,3.26
STU-13699,0.6646455966254802,-1.51269433898262,1.3985107533152335e-15,2.123699994470176,0.4,-0.4542239685658155,-0.5941278065630398,1.0,0.0,0.0,0.0,1.0,0.0,0.0,3.78
STU-11004,1.7896635564075856,1.0623345717266302,0.1974208024145108,-0.5444452900323623,-1.0,0.6836935166994107,-0.5434657455382844,0.0,1.0,1.0,0.0,0.0,0.0,0.0,5.61
STU-10218,-1.8215052033868278,-2.4661160366698893,-1.0307540365487924,2.0418550470927976,-0.2,-0.9163064833005895,-0.06217616580310872,1.0,0.0,0.0,0.0,1.0,0.0,0.0,2.3
STU-10089,-0.4742614737712199,0.23249127042384474,-0.12340050968648066,0.053022825822500945,1.8,0.05186640471512772,2.6113989637305703,1.0,0.0,0.0,0.0,0.0,0.0,1.0,3.65
STU-10642,0.6924238178546674,0.4868328536802824,1.256327955238641,1.6653682891568562,0.2,0.07858546168958744,0.7230857800805988,1.0,0.0,0.0,0.0,0.0,1.0,0.0,3.31
STU-14551,0.33130694187522636,-2.5918498702006145,0.29780047675285726,-0.15977403735868367,-0.2,-0.6271119842829078,0.44444444444444464,0.0,1.0,0.0,1.0,0.0,0.0,0.0,3.59
STU-11298,0.91464958768817,0.3876827449531966,1.2248362927011196,-1.8539644480704178,-0.4,0.07544204322200401,-0.1934369602763385,1.0,0.0,0.0,0.0,0.0,1.0,0.0,4.49
STU-13132,0.16463761450009942,0.16710967698786794,-0.7719319350685442,1.5344163733530518,0.8,0.6522593320235758,0.8566493955094993,1.0,0.0,0.0,0.0,0.0,0.0,1.0,4.54
STU-10002,0.06741384019794172,-0.593759635635206,0.2968163622985607,1.4198334470247216,1.0,-0.7135559921414539,-0.7161773172135867,1.0,0.0,0.0,0.0,0.0,1.0,0.0,3.78
STU-11634,-1.0020476771257878,0.8424799828100479,1.3985107533152335e-15,0.053022825822500945,1.4,0.30019646365422403,0.5273459988485896,1.0,0.0,1.0,0.0,0.0,0.0,0.0,4.07
STU-12265,1.7202180033346162,0.661423262525804,0.97880767912674,-1.5593226375118556,-0.6,0.746561886051081,0.7299942429476112,1.0,0.0,1.0,0.0,0.0,0.0,0.0,5.15
STU-11510,0.09519206142713017,1.0623345717266302,0.20726194695748543,1.1824830996303233,0.6,0.47779960707269176,0.6240644789867589,1.0,0.0,1.0,0.0,0.0,0.0,0.0,4.59
STU-10809,0.06741384019794172,0.08448458638196246,1.3985107533152335e-15,-1.4038172374948363,-0.4,-0.3803536345776032,0.09671848013816925,1.0,0.0,0.0,0.0,0.0,0.0,1.0,3.86
STU-10803,0.1924158357292866,-0.6433346899987488,1.3985107533152335e-15,1.2152210785812754,-1.0,-0.8220039292730845,0.0,0.0,1.0,0.0,0.0,1.0,0.0,0.0,4.24
STU-14569,-0.09925548717718521,1.0623345717266302,0.9276337275032696,-0.5117073110814109,-1.0,1.3988212180746564,0.8151986183074267,1.0,0.0,0.0,1.0,0.0,0.0,0.0,4.81
STU-10506,0.0,0.4121110326105949,-0.10470233505482664,-0.40530887949081895,0.2,0.22475442043222002,0.0,0.0,1.0,0.0,0.0,0.0,0.0,1.0,5.59
STU-13833,1.2757664636676112,1.0623345717266302,0.9601095044950875,-1.0109614900834198,-0.4,0.8361493123772101,-0.33390903857225107,1.0,0.0,0.0,0.0,0.0,0.0,1.0,5.48
STU-10185,1.1229862469070777,1.0623345717266302,1.5043247977216152,-0.822718111115449,0.6,0.971316306483301,-1.2204951065054694,0.0,1.0,0.0,0.0,1.0,0.0,0.0,5.71
STU-10975,0.8729822558443879,1.0623345717266302,1.3389935693996315,-0.8063491216399737,-0.6,0.8597249508840867,0.356937248128958,1.0,0.0,0.0,0.0,0.0,1.0,0.0,5.6
STU-10580,-0.19647926147934167,-0.06926993004989569,1.3985107533152335e-15,-0.6917661953116434,0.2,-1.0561886051080551,1.1767415083477262,1.0,0.0,0.0,0.0,0.0,0.0,1.0,3.6
STU-13266,-1.3076081106468547,-2.3777431136740086,0.842999884433683,-0.176143026834159,-0.4,-1.43811394891945,0.14968336211859537,1.0,0.0,0.0,1.0,0.0,0.0,0.0,2.08
STU-12042,-1.3909427743344174,-0.1238743377546681,-1.2452909875856506,0.8878412890717611,0.0,-1.2620825147347743,1.4093264248704664,1.0,0.0,0.0,0.0,1.0,0.0,0.0,2.72
STU-13403,0.1924158357292866,1.0623345717266302,1.0496639198361613,-0.2579879742115372,-1.0,1.1017681728880158,1.215889464594128,1.0,0.0,0.0,0.0,1.0,0.0,0.0,5.12
STU-13324,0.8868713664589816,0.20159667132772324,-0.7650431338884622,1.7144752575832836,0.8,0.0,-0.5664939550949915,0.0,1.0,0.0,0.0,1.0,0.0,0.0,4.87
STU-10793,1.7479962245638034,1.0623345717266302,0.8065876496246744,0.0,0.0,0.3049115913555992,-0.49280368451352907,1.0,0.0,1.0,0.0,0.0,0.0,0.0,5.42
STU-11994,0.2757504994168507,0.19153796464526518,-0.5485379539430079,-2.2468201954818348,-0.4,0.4793713163064835,0.7875647668393786,0.0,1.0,1.0,0.0,0.0,0.0,0.0,3.67
STU-13725,0.48408715863575846,-0.27619189608903155,0.15411976642542022,-1.076437447985322,0.8,-0.21375245579567775,1.259643062751871,1.0,0.0,0.0,0.0,0.0,1.0,0.0,4.84
STU-11475,-0.8909347922090366,-0.4241985801309138,-1.930234647776724,1.4198334470247216,0.6,-0.5862475442043223,0.14277489925158324,1.0,0.0,0.0,0.0,0.0,0.0,1.0,2.79
STU-13171,1.6924397821054278,1.0623345717266302,0.9522365888607075,0.6504909416773635,0.6,1.0671905697445976,-0.5480713874496258,0.0,1.0,0.0,0.0,0.0,0.0,1.0,6.15
STU-12768,0.7896475921568251,0.7268048559617808,1.5043247977216152,-0.12703605840773224,-0.6,1.1740667976424364,0.6563039723661488,1.0,0.0,0.0,0.0,0.0,1.0,0.0,5.0
STU-11625,0.3174178312606327,1.0623345717266302,-0.015147919713752811,-1.698459048053399,0.2,0.3489194499017683,-0.7184801381692574,0.0,1.0,0.0,0.0,1.0,0.0,0.0,4.2
STU-12385,0.4285307161773828,0.10100960450314377,-0.9333267055733372,-0.31527943737570235,-0.6,0.18703339882121803,-0.7369027058146229,1.0,0.0,1.0,0.0,0.0,0.0,0.0,4.05
STU-14972,0.17852672511469303,1.0587421764828955,1.248455039604261,0.5195390258735578,-0.6,0.7858546168958747,-0.6470926885434658,1.0,0.0,1.0,0.0,0.0,0.0,0.0,4.91
STU-11357,-0.4048159206982506,1.0623345717266302,0.099993471439057,1.100638152252945,1.0,0.11473477406679773,-0.386873920552677,1.0,0.0,0.0,0.0,0.0,1.0,0.0,4.29
STU-13693,0.7202020390838558,1.0623345717266302,1.3985107533152335e-15,-0.8472715953286628,1.0,0.05343811394891944,-0.26021876799078875,1.0,0.0,0.0,1.0,0.0,0.0,0.0,3.85
STU-12748,0.5952000435525098,0.5716133814324289,-0.8103123987861474,0.0,1.4,0.762278978388998,-0.4006908462867013,1.0,0.0,0.0,0.0,0.0,1.0,0.0,4.95
STU-11815,-0.2242574827085301,-0.04627860048999217,1.3783581475715327,0.2903731732168986,-1.0,-0.9807465618860512,-0.14507772020725387,1.0,0.0,0.0,0.0,0.0,0.0,1.0,4.31
STU-10649,0.2896396100314443,-1.8877404024285542,-0.5298397793113553,-0.7572421532135463,-0.2,-1.5229862475442044,0.69314910765688,0.0,1.0,0.0,0.0,1.0,0.0,0.0,2.23
STU-10750,0.44241982679197767,-0.33295174094004504,0.08818409798748633,0.7732583627434315,-0.4,-0.7669941060903734,-0.842832469775475,1.0,0.0,0.0,0.0,1.0,0.0,0.0,3.34
STU-13103,0.8868713664589816,1.0623345717266302,1.2947084189562443,-0.7654266479512839,1.2,1.4428290766208256,-0.6470926885434658,1.0,0.0,0.0,1.0,0.0,0.0,0.0,5.2
STU-13705,1.2757664636676112,1.0623345717266302,0.8636662879739303,1.7635822260097112,0.8,1.7681728880157177,0.4099021301093841,1.0,0.0,0.0,0.0,0.0,0.0,1.0,5.93
STU-13113,-1.9603963095327674,-0.47018123925072186,-0.5140939480425953,-0.3725709005398675,0.4,-0.08172888015717086,-0.3914795624640185,1.0,0.0,0.0,0.0,1.0,0.0,0.0,3.77
STU-14659,1.5257704547303008,0.6470536815508637,1.5043247977216152,0.3149266574301116,0.6,0.47151277013752463,-0.17271157167530227,1.0,0.0,0.0,1.0,0.0,0.0,0.0,5.16
STU-10859,-2.5159607341165233,0.6779482806469853,-1.7462052448230878,-0.11066706893225617,0.6,-0.12416502946954802,0.9418537708693152,1.0,0.0,1.0,0.0,0.0,0.0,0.0,2.83
STU-11776,0.7896475921568251,-0.1289036910958966,0.9463319021349221,-0.3562019110643915,0.0,-0.41178781925343805,-0.4743811168681635,0.0,1.0,0.0,1.0,0.0,0.0,0.0,4.79
STU-12699,-0.557596137458784,-1.2770332109936038,0.7327790655523605,0.3067421626923739,-0.6,-0.028290766208251432,0.432930339666091,1.0,0.0,0.0,0.0,0.0,1.0,0.0,3.48
STU-11266,0.3035287206460379,0.0,0.6205900177624434,-0.7326886690003325,-0.6,0.6491159135559924,-0.7852619458837076,1.0,0.0,0.0,0.0,0.0,0.0,1.0,5.09
STU-12249,0.1924158357292866,1.0623345717266302,0.46017936171194834,2.000932573404108,-0.6,-0.1100196463654223,2.80944156591825,1.0,0.0,0.0,0.0,0.0,0.0,1.0,5.56
STU-11794,-1.6826140972408892,-0.7575728587495221,-0.5475538394887098,1.5671543523040026,-0.8,-0.7654223968565816,0.5526770293609672,0.0,1.0,0.0,1.0,0.0,0.0,0.0,2.68
STU-13542,-2.4187369598143658,-1.7893087727502148,-1.0553568979062304,1.313435015434129,1.2,-0.7968565815324166,-0.386873920552677,1.0,0.0,0.0,0.0,1.0,0.0,0.0,2.99
STU-13517,1.2479882424384239,1.0623345717266302,1.5043247977216152,-0.48715382686819714,0.0,1.0577603143418468,0.2924582613701786,0.0,1.0,0.0,0.0,0.0,1.0,0.0,5.15
STU-12212,0.3035287206460379,-0.33582565713503243,0.09310467025897363,-0.6099212479342652,-1.0,0.24047151277013745,-0.24179620034542315,1.0,0.0,0.0,1.0,0.0,0.0,0.0,3.71
STU-14517,0.0,-1.7311119698017081,-1.226592812953998,0.03665383634702487,0.0,-1.0876227897838902,-0.15659182498560734,1.0,0.0,0.0,0.0,0.0,0.0,1.0,2.1
STU-13785,1.4702140122719252,1.0623345717266302,1.5043247977216152,1.7717667207474488,-0.2,1.3673870333988216,-0.4997121473805412,1.0,0.0,0.0,1.0,0.0,0.0,0.0,5.56
STU-12122,-1.5020556592511687,-3.3175137094350853,-1.1695141746047422,2.2137294365852935,1.6,-1.7304518664047155,1.383995394358089,1.0,0.0,1.0,0.0,0.0,0.0,0.0,2.94
STU-10846,1.1785426893654534,1.0623345717266302,0.68160511392889,1.3870954680737695,-0.4,1.2275049115913559,-0.6563039723661486,1.0,0.0,1.0,0.0,0.0,0.0,0.0,5.03
STU-10571,0.5813109329379161,0.8719376238086747,-0.38615906898391683,-0.9700390163947301,0.2,0.0,0.45365572826712725,1.0,0.0,0.0,1.0,0.0,0.0,0.0,4.67
STU-14860,-0.8492674603652558,0.5500590099700191,-0.2985728825514376,0.2821886784791602,0.2,0.12259332023575631,1.5037420840529652,1.0,0.0,0.0,0.0,1.0,0.0,0.0,4.21
STU-14278,0.8729822558443879,0.908580055294772,0.6077965298565761,1.370726478598294,0.8,-0.3206286836935166,-0.9786989061600462,0.0,1.0,0.0,0.0,1.0,0.0,0.0,5.18
STU-11324,-0.3353703676252814,-1.1268710898054803,0.6107488732194688,1.493493899664362,0.8,-0.8015717092337918,-0.025331030512377537,0.0,1.0,0.0,0.0,0.0,0.0,1.0,4.77
STU-13836,0.4285307161773828,1.0623345717266302,0.27024527203252663,-1.6002451112005447,-0.4,-0.543811394891945,-0.33390903857225107,1.0,0.0,0.0,0.0,0.0,0.0,1.0,4.52
STU-12790,0.7757584815422303,-0.5053867126393246,-0.3330168884518516,-2.0258388375629126,-0.2,0.0,0.24870466321243528,0.0,1.0,1.0,0.0,0.0,0.0,0.0,4.09
STU-12419,-0.3353703676252814,-0.5987889889764354,-0.21098669611895984,0.8632878048585481,0.6,-0.4542239685658155,-0.21416234887737476,1.0,0.0,1.0,0.0,0.0,0.0,0.0,4.15
STU-10042,0.5952000435525098,0.2842217619336287,0.06259712217575035,-0.4707848373927218,0.4,7.3514796118653125,2.80944156591825,1.0,0.0,0.0,0.0,0.0,1.0,0.0,4.19
STU-11120,-0.07147726594799676,0.3201457143709787,0.649129336937072,0.8387343206453336,0.0,-0.5249508840864441,0.31318364997121484,0.0,1.0,0.0,0.0,0.0,0.0,1.0,4.6
STU-12578,1.2202100212092355,-0.2330831531642119,0.27516584430401536,1.223405573319013,-0.2,0.22946954813359546,0.35002878526194603,1.0,0.0,0.0,0.0,0.0,0.0,1.0,4.27
STU-12336,-1.6409467653971073,-0.8459457817454035,-0.8910097840385446,-0.037006616292615646,1.0,-1.1646365422396858,1.9896373056994823,1.0,0.0,0.0,0.0,0.0,1.0,0.0,2.76
STU-12863,1.5396595653448957,0.3373892115409064,0.996521739304096,-2.5741999849913486,-0.8,0.9634577603143422,-0.9671848013816926,1.0,0.0,0.0,0.0,0.0,1.0,0.0,4.79
STU-11119,0.6090891541671046,0.8963659114660729,0.5330038313299642,0.200343731101782,-1.0,0.31277013752455807,-0.7921704087507198,0.0,1.0,0.0,0.0,0.0,1.0,0.0,4.59
STU-12842,0.3035287206460379,0.6211884357959718,0.5418608614186422,0.0,-0.6,-0.05500982318271115,0.4122049510650548,1.0,0.0,0.0,0.0,0.0,0.0,1.0,5.4
STU-13937,0.7063129284692611,1.0623345717266302,1.4019768944746727,-0.004268637341664224,1.4,0.8172888015717096,-0.4260218767990789,1.0,0.0,0.0,0.0,0.0,0.0,1.0,5.07
STU-11069,-1.0714932301987572,0.23752062376507327,0.463131705074841,0.5686459942999853,2.0,0.8581532416502947,-0.4951065054691998,0.0,1.0,0.0,0.0,1.0,0.0,0.0,4.52
STU-14612,0.48408715863575846,0.13334116169675797,0.67373219829451,0.9942397206623538,0.2,-0.26247544204322204,0.4513529073114566,1.0,0.0,0.0,0.0,0.0,1.0,0.0,4.37
STU-12038,-0.8214892391360673,0.8051190722752041,0.7524613546383112,0.0,-0.6,0.8078585461689587,1.0616004605641913,0.0,1.0,0.0,0.0,0.0,1.0,0.0,5.21
STU-13055,0.4146416055627892,0.03778344821340702,0.1580562242426095,-0.037006616292615646,0.6,-0.46051080550098233,-0.766839378238342,0.0,1.0,0.0,0.0,0.0,1.0,0.0,4.36
STU-13388,-1.1270496726571329,0.5895753576511039,-2.107375249550277,-1.3137877953797197,-1.0,0.9037328094302558,-1.0040299366724237,0.0,1.0,0.0,0.0,1.0,0.0,0.0,3.43
STU-13916,0.553532711708729,1.0623345717266302,1.2612485275101282,-1.076437447985322,0.0,1.1269155206286838,-0.7046632124352332,1.0,0.0,0.0,1.0,0.0,0.0,0.0,4.43
STU-13990,-1.7520596503138586,1.0623345717266302,1.3985107533152335e-15,0.03665383634702487,-0.4,0.05343811394891944,0.0,1.0,0.0,0.0,0.0,0.0,0.0,1.0,4.66
STU-14005,-0.3631485888544686,0.47749262604657167,0.5930348130421128,-0.4380468584417704,-0.4,-0.15088408644400775,0.21416234887737495,0.0,1.0,1.0,0.0,0.0,0.0,0.0,5.01
STU-10264,-1.04371500896957,1.0623345717266302,0.5517020059616168,0.2330817100527334,-1.0,-0.38821218074656205,-0.09671848013816925,1.0,0.0,0.0,0.0,0.0,0.0,1.0,4.03
STU-12858,-0.557596137458784,-0.853130572232873,-0.9638342536565605,-0.09429807945678081,-0.6,-0.7308447937131631,1.4738054116292458,1.0,0.0,0.0,0.0,0.0,1.0,0.0,2.19
STU-11613,-0.0020317128750275202,1.0623345717266302,0.08031118235310634,-1.346525774330671,-0.2,0.12573673870334,0.667818077144502,1.0,0.0,0.0,0.0,1.0,0.0,0.0,4.37
STU-13459,-0.5714852480733775,1.0623345717266302,-0.5800296164805292,-0.037006616292615646,0.2,0.43693516699410606,0.03684513529073118,1.0,0.0,0.0,0.0,0.0,0.0,1.0,4.55
STU-11159,-0.30759214639609295,-2.1736950638298604,-1.2462751020399487,-0.8472715953286628,0.2,0.16502946954813374,2.4179620034542317,1.0,0.0,0.0,1.0,0.0,0.0,0.0,2.78
STU-11967,-1.9881745307619547,-1.8309805575775413,-1.8859494973333355,1.0106087101378292,-0.8,-0.30333988212180746,-1.1583189407023604,1.0,0.0,0.0,0.0,1.0,0.0,0.0,2.43
STU-10742,-1.6687249866262956,0.8166147370551559,1.358675858485582,1.8617961628625648,0.4,-0.6679764243614932,1.0869314910765688,1.0,0.0,1.0,0.0,0.0,0.0,0.0,4.23
STU-12262,-0.18259015086474806,0.7634472874478782,-0.9146285309416846,-0.8963785637550896,0.6,-0.11473477406679773,0.667818077144502,1.0,0.0,0.0,0.0,0.0,0.0,1.0,2.94
STU-12111,-0.04369904471880956,0.9710877325357614,-1.7580146182746585,1.0106087101378292,0.4,0.059724950884086574,-1.0293609671848014,1.0,0.0,1.0,0.0,0.0,0.0,0.0,3.66
STU-14401,0.011857397739566082,0.6283732262834414,0.6196059033081468,0.45406306797165497,1.4,0.12888015717092344,-0.9763960852043756,1.0,0.0,0.0,1.0,0.0,0.0,0.0,4.64
STU-13405,1.567437786574083,0.03634649011591331,1.2041698891608723,2.180991457634341,0.2,1.1536345776031438,-0.2302820955670697,0.0,1.0,0.0,0.0,0.0,1.0,0.0,5.63
STU-13340,-1.4048318849490111,0.42504365548804035,0.3548791151021132,-1.4938466796099528,-1.0,-0.48408644400785866,-0.4006908462867013,1.0,0.0,0.0,0.0,1.0,0.0,0.0,3.29
STU-14137,0.08130295081253533,-0.6684814567048945,-0.499332231228132,0.32311115216785,-0.2,-0.33634577603143434,0.845135290731146,1.0,0.0,0.0,0.0,0.0,0.0,1.0,4.21
STU-13512,-0.3214812570106865,-1.3366669720396047,1.5043247977216152,-1.1337289111494873,-0.4,-0.5862475442043223,-0.13356361542890044,1.0,0.0,0.0,0.0,0.0,0.0,1.0,3.91
STU-11712,-1.2103843363446969,-0.9350371837900312,-1.8633148648844922,0.3640336258565391,-0.2,-1.3893909626719059,0.1128382268278642,1.0,0.0,0.0,0.0,0.0,0.0,1.0,3.15
STU-14710,0.0,-1.525626961860066,-1.371257637735733,0.3149266574301116,-1.0,-1.2007858546168961,0.19113413932066786,1.0,0.0,0.0,0.0,1.0,0.0,0.0,2.12
STU-13975,-0.8353783497506609,0.15130313791543298,-2.0001067740318472,-0.2170655005228481,-0.4,-0.7434184675834971,1.0592976396085207,1.0,0.0,1.0,0.0,0.0,0.0,0.0,3.52
STU-12481,1.1924317999800482,0.8216440903963854,-0.093877076057554,0.21671272057725732,-0.8,-0.8172888015717094,-0.21876799078871625,0.0,1.0,0.0,0.0,1.0,0.0,0.0,4.55
STU-11321,1.7896635564075856,0.0,0.5536702348702128,0.18397474162630664,0.6,1.0310412573673873,0.9257340241796203,0.0,1.0,1.0,0.0,0.0,0.0,0.0,5.58
STU-12141,-0.41870503131284426,-1.113938466928035,-1.1468795421558988,-2.279558174432786,0.0,-1.7304518664047155,-0.025331030512377537,0.0,1.0,0.0,0.0,0.0,1.0,0.0,2.35
STU-13602,-0.19647926147934167,-0.25248208748038065,-0.3812384967124295,-0.298910447900227,2.0,0.15717092337917488,-0.09671848013816925,1.0,0.0,0.0,0.0,1.0,0.0,0.0,4.0
STU-13767,0.3174178312606327,0.1620803236466384,-0.880184525041272,-1.452924205921263,-0.2,1.120628683693517,-0.9349453080023029,1.0,0.0,1.0,0.0,0.0,0.0,0.0,4.57
STU-14500,0.011857397739566082,0.6111297291135137,-0.8270423445092054,-0.33164842685117846,0.0,0.9901768172888016,-0.9833045480713875,1.0,0.0,1.0,0.0,0.0,0.0,0.0,4.38
STU-11571,-2.668740950877056,-0.6943467024597864,-1.7609669616375512,-0.32346393211344004,-0.4,-0.9618860510805503,-0.025331030512377537,1.0,0.0,1.0,0.0,0.0,0.0,0.0,3.4
STU-12865,0.9007604770735764,0.15202161696418034,-0.5288556648570573,0.4458785732339173,1.8,-0.5689587426326129,-1.137593552101324,1.0,0.0,0.0,1.0,0.0,0.0,0.0,4.59
STU-10946,0.02574650835416092,-1.842476222357493,-0.6154577368352397,0.0,0.4,-1.6471512770137529,-0.766839378238342,1.0,0.0,1.0,0.0,0.0,0.0,0.0,2.93
STU-13096,-0.43259414192743784,0.0,-0.643997056009867,0.32311115216785,1.2,-0.15088408644400775,0.5273459988485896,1.0,0.0,0.0,0.0,0.0,1.0,0.0,4.11
STU-12587,0.8868713664589816,0.11753462262432404,-1.4145586737248237,0.45406306797165497,0.8,-0.025147347740668003,0.0,1.0,0.0,0.0,0.0,0.0,1.0,0.0,3.34
STU-12963,0.0,0.17070207223160275,-1.3190995716579645,-1.4611087006590013,0.0,-0.7559921414538311,1.1675302245250432,1.0,0.0,0.0,0.0,0.0,1.0,0.0,4.01
STU-10411,0.49797626925035327,-0.3983333343760218,1.0801714679193846,1.9027186365512545,-0.2,-1.0499017681728882,1.2780656303972369,0.0,1.0,0.0,0.0,0.0,0.0,1.0,4.33
STU-12182,-0.04369904471880956,0.8956474324173266,-0.11060702178061198,1.2561435522699638,0.4,-0.16345776031434173,-0.08520437535981581,1.0,0.0,0.0,0.0,0.0,1.0,0.0,4.35
STU-10538,0.6785347072400738,-0.729552175848389,-0.7197738689907756,0.9123947732849741,1.2,0.0,2.80944156591825,1.0,0.0,0.0,0.0,0.0,1.0,0.0,3.83
STU-11297,-0.6548199117609405,0.6786667596957316,1.5043247977216152,0.053022825822500945,2.2,-0.09115913555992144,0.26482440990213024,1.0,0.0,0.0,1.0,0.0,0.0,0.0,5.09
STU-11366,-0.4048159206982506,-3.8944523855789264,-2.802160054284325,0.3149266574301116,0.4,-1.6880157170923382,0.04605641911341398,0.0,1.0,0.0,0.0,1.0,0.0,0.0,1.65
STU-12192,1.7896635564075856,-0.3580985076461896,-0.4570153096933394,-0.5035228163436732,0.8,1.2872298624754421,-0.052964881980425926,1.0,0.0,0.0,0.0,0.0,1.0,0.0,4.35
STU-12325,-0.11314459779177881,-1.0658003706619859,-1.3938922701845764,2.1482534786833907,-0.8,-0.6789783889980354,-0.12665515256188828,1.0,0.0,0.0,0.0,1.0,0.0,0.0,3.3
STU-10940,-1.04371500896957,-0.6533933966812068,-0.8821527539498666,1.04334668908878,-0.8,0.713555992141454,1.6971790443293038,1.0,0.0,0.0,0.0,0.0,0.0,1.0,4.24
STU-10962,-2.2659567430538328,0.0,-2.4262283327426726,0.4622475627093934,0.0,-0.6019646365422398,-0.9902130109383996,1.0,0.0,0.0,0.0,0.0,0.0,1.0,2.8
STU-11017,-0.16870104025015445,-1.649923837293297,-0.7985030253345782,0.3722181205942768,-0.2,-0.8408644400785855,0.5987334484743814,1.0,0.0,0.0,0.0,1.0,0.0,0.0,3.36
STU-11528,1.0257624726049213,-0.4335388077646245,-1.7235706123742445,0.830549825907596,0.6,-0.6223968565815323,0.5641911341393208,0.0,1.0,1.0,0.0,0.0,0.0,0.0,4.31
STU-10389,-1.2659407788030725,1.0623345717266302,0.6845574572917826,-0.7245041742625948,-0.4,-0.1210216110019646,2.80944156591825,0.0,1.0,0.0,1.0,0.0,0.0,0.0,4.27
STU-10753,1.2618773530530174,0.107475915941866,1.5043247977216152,-0.49533832160593483,-0.2,-0.906876227897839,-0.0046056419113412956,1.0,0.0,0.0,0.0,0.0,1.0,0.0,5.18
STU-13843,1.4563249016573316,0.1786053417678197,-1.6035086489499473,-0.9700390163947301,0.0,0.20589390962671916,-0.2026482440990213,1.0,0.0,0.0,0.0,1.0,0.0,0.0,4.37
STU-14478,-0.5437070268441891,1.0623345717266302,0.08129529680740437,-1.7066435427911368,0.6,1.2243614931237725,-0.1842256764536557,1.0,0.0,0.0,0.0,0.0,1.0,0.0,4.48
STU-14989,0.20630494634388147,-1.1247156526592395,-1.193132921507882,0.8551033101208104,-0.2,-0.6931237721021613,-0.75993091537133,1.0,0.0,0.0,0.0,0.0,1.0,0.0,2.5
STU-13057,0.2757504994168507,1.0623345717266302,0.5802413251362455,0.724151394317004,0.4,0.0,0.0,0.0,1.0,0.0,0.0,0.0,0.0,1.0,4.23
STU-10256,-0.0020317128750275202,-0.25032665033413953,-1.810172684352427,-0.19251201630963508,-0.6,-0.5831041257367386,-0.7230857800805988,1.0,0.0,0.0,0.0,0.0,0.0,1.0,3.19
STU-13547,-2.8770776100959643,-2.673756481757773,-1.1695141746047422,0.18397474162630664,-0.4,-1.068762278978389,-0.05757052389176742,1.0,0.0,0.0,0.0,0.0,0.0,1.0,2.06
STU-10108,-0.43259414192743784,0.7038135264018772,1.4866107375442592,0.2740041837414225,0.8,-0.15088408644400775,0.531951640759931,1.0,0.0,0.0,0.0,1.0,0.0,0.0,3.65
STU-14199,-0.4742614737712199,-2.2081820581697165,-1.0179605486429237,0.20852822583951966,-0.4,-1.6282907662082517,0.5526770293609672,1.0,0.0,0.0,1.0,0.0,0.0,0.0,1.39
STU-10796,0.6229782647816982,0.751233143619179,-0.15292394331540593,0.5850149837754607,0.6,-0.581532416502947,-0.47207829591249284,1.0,0.0,0.0,0.0,0.0,0.0,1.0,4.57
STU-11018,0.8313149240006059,1.0623345717266302,1.3527711717597968,0.07757631003571397,-0.2,-0.17760314341846745,0.4881980426021878,1.0,0.0,0.0,0.0,0.0,0.0,1.0,5.33
STU-10934,1.7896635564075856,-1.389115942598136,1.3985107533152335e-15,-1.5511381427741173,-0.6,-1.076620825147348,-0.7322970639032815,1.0,0.0,0.0,0.0,0.0,0.0,1.0,3.79
STU-10694,0.6229782647816982,1.0623345717266302,-0.46685645423631406,-1.051883963772109,0.4,0.17917485265225946,0.19573978123200936,1.0,0.0,0.0,0.0,0.0,1.0,0.0,3.86
STU-11218,0.8590931452297944,1.0623345717266302,0.9768394502181454,1.3052505206963911,0.2,1.2495088408644404,-0.36154289004029927,1.0,0.0,1.0,0.0,0.0,0.0,0.0,5.77
STU-11649,0.5396436010941341,-0.46371492781199863,0.5526861204159148,-1.7557505112175635,-0.8,0.4573673870333989,-0.7530224525043179,1.0,0.0,0.0,0.0,0.0,0.0,1.0,4.18
STU-10829,-1.5020556592511687,-0.21727661409177798,-1.1754188613305274,0.4049560995452282,-0.4,0.0,0.27633851468048365,1.0,0.0,0.0,0.0,0.0,1.0,0.0,3.82
STU-14764,-0.2381465933231237,0.3136794029322555,0.7770642159957492,-0.5853677637210514,0.6,0.9273084479371319,-0.2993667242371906,0.0,1.0,1.0,0.0,0.0,0.0,0.0,4.57
STU-13871,-0.7242654648339096,0.9804279601694721,-0.2926681958256537,0.5277235206112962,1.2,0.971316306483301,-0.4375359815774324,1.0,0.0,0.0,0.0,0.0,0.0,1.0,4.03
STU-12364,-0.0020317128750275202,1.0623345717266302,1.5043247977216152,-0.04519111103035332,0.8,0.5139489194499018,0.06447898675877957,1.0,0.0,0.0,0.0,0.0,0.0,1.0,4.44
STU-10608,-0.26592481455231215,0.4703078355591021,1.433468557012194,0.8223653311698583,-1.0,-0.029862475442043148,0.09211283822682796,0.0,1.0,0.0,0.0,0.0,1.0,0.0,4.18
STU-12197,1.081318915063297,0.8424799828100479,0.5162738856069062,-1.035514974296633,1.4,0.5705304518664049,-0.4951065054691998,0.0,1.0,0.0,1.0,0.0,0.0,0.0,4.32
STU-10418,-0.2103683720939365,0.2296173542288563,1.3985107533152335e-15,0.1921592363640443,0.0,0.22789783889980375,0.0,1.0,0.0,0.0,0.0,1.0,0.0,0.0,4.56
STU-14158,-1.5853903229387316,0.31224244483476177,0.8449681133422776,0.9123947732849741,0.4,0.0,-0.531951640759931,1.0,0.0,0.0,0.0,0.0,0.0,1.0,4.48
STU-10628,-0.4881505843858135,0.6470536815508637,1.3985107533152335e-15,-1.1664668901004387,0.4,0.12888015717092344,0.039147956246401834,1.0,0.0,1.0,0.0,0.0,0.0,0.0,4.02
STU-11714,1.4146575698135508,-0.5427476231741694,0.18364320005434548,0.2330817100527334,-0.6,-1.032612966601179,0.3914795624640185,1.0,0.0,0.0,0.0,0.0,0.0,1.0,4.15
STU-12776,-0.4464832525420327,0.777098389374071,0.9315701853204602,-0.42167786896629433,-1.0,-0.0738703339882123,0.1312607944732298,0.0,1.0,0.0,0.0,0.0,0.0,1.0,4.62
STU-10290,-0.1270337084063724,1.0623345717266302,0.7583660413640965,1.951825604977682,0.0,-0.01886051080550086,-0.011514104778353443,0.0,1.0,0.0,0.0,0.0,1.0,0.0,4.17
STU-14504,-0.41870503131284426,0.25404564188625456,0.4946233676123609,0.4622475627093934,0.2,-0.2797642436149312,0.08520437535981581,1.0,0.0,0.0,0.0,1.0,0.0,0.0,4.95
STU-13942,-0.6825981329901288,0.6420243282096353,0.7672230714527745,-0.2825414584247509,0.8,1.0719056974459724,0.9994242947610826,1.0,0.0,0.0,0.0,1.0,0.0,0.0,3.92
STU-10804,0.2618613888022571,0.529941596605103,1.1411865640858312,-1.2073893637891278,-0.6,0.10373280943025544,0.8911917098445598,1.0,0.0,0.0,0.0,0.0,0.0,1.0,4.62
STU-14657,-1.5992794335533265,-1.5141312970801137,-1.589731046589782,0.5031700363980824,0.0,-0.5516699410609038,0.2671272308578009,1.0,0.0,0.0,0.0,0.0,0.0,1.0,2.96
STU-14610,0.7063129284692611,1.0623345717266302,0.5477655481444276,-0.2743569636870133,-0.8,-0.2640471512770137,-0.7553252734599886,0.0,1.0,0.0,0.0,0.0,1.0,0.0,4.69
STU-13304,-0.5714852480733775,1.0623345717266302,1.0526162631990539,0.9287637627604509,0.4,0.8785854616895878,0.274035693724813,0.0,1.0,1.0,0.0,0.0,0.0,0.0,5.06
STU-10332,-0.668709022375534,1.0623345717266302,0.2909116755727753,-1.346525774330671,0.8,0.30648330058939116,-0.6240644789867589,0.0,1.0,0.0,0.0,1.0,0.0,0.0,4.55
STU-14419,-0.6409308011463468,1.0623345717266302,1.0821396968279793,-0.9864080058702062,1.8,-0.29862475442043235,0.09902130109384011,1.0,0.0,0.0,1.0,0.0,0.0,0.0,5.09
STU-11250,-1.1826061151155085,0.6061003757722853,-0.15489217222400056,-0.23343448999832417,0.4,-0.3300589390962672,-0.15889464594127797,1.0,0.0,0.0,0.0,0.0,0.0,1.0,3.78
STU-11705,0.0,1.0623345717266302,0.7672230714527745,-0.9700390163947301,0.6,0.15088408644400803,1.0915371329879102,1.0,0.0,0.0,0.0,1.0,0.0,0.0,5.01
STU-14437,0.2757504994168507,0.06293021491955265,0.7032556319234352,-0.15158954262094526,-0.4,-0.16660117878192546,2.0402993667242373,1.0,0.0,0.0,1.0,0.0,0.0,0.0,4.51
STU-12996,0.23408316757306866,0.4300730088292699,0.29189579002707333,-0.2579879742115372,-0.4,0.768565815324165,2.0978698906160047,1.0,0.0,0.0,0.0,1.0,0.0,0.0,4.69
STU-10771,0.6090891541671046,-1.0241285858346598,-0.6459652849184617,-1.0928064374607982,0.8,-0.33320235756385064,0.8474381116868166,1.0,0.0,0.0,0.0,1.0,0.0,0.0,2.82
STU-12270,-1.6548358760117021,1.0623345717266302,-0.13717811204664598,0.3967716048074905,0.6,0.6082514734774069,0.2579159470351181,1.0,0.0,1.0,0.0,0.0,0.0,0.0,4.12
STU-10392,0.34519605248981994,-0.16410916448449928,0.707192089740626,0.9860552259246161,0.8,-0.16974459724950888,1.7938975244674729,1.0,0.0,1.0,0.0,0.0,0.0,0.0,3.76
STU-13238,0.5396436010941341,-1.652797753488285,-1.841664346889947,-1.5020311743476906,0.8,-0.6176817288801573,0.9441565918249859,1.0,0.0,0.0,0.0,0.0,1.0,0.0,3.51
STU-12359,1.5118813441157073,1.0450910745567026,0.7928100472645091,-0.1352205531454699,1.2,0.08015717092337915,0.0,1.0,0.0,0.0,0.0,1.0,0.0,0.0,5.8
STU-12327,0.10908117204172377,0.4537828174379208,-0.491459315593752,-1.9276249007100583,-0.2,0.9807465618860512,1.3126079447322974,1.0,0.0,0.0,0.0,0.0,0.0,1.0,4.67
STU-14718,-0.140922819020966,-0.683569516728581,-0.20409789493887648,1.2725125417454406,-0.4,-0.20589390962671916,-1.1652274035693726,0.0,1.0,0.0,0.0,1.0,0.0,0.0,4.59
STU-14859,-0.2103683720939365,1.0623345717266302,0.9138561251431042,0.6750444258905772,1.4,1.6125736738703342,-0.03223949337938968,1.0,0.0,0.0,0.0,0.0,1.0,0.0,4.84
STU-12238,0.9424278089173572,-0.1059123615359931,-0.5209827492226773,0.45406306797165497,-0.2,0.3866404715127703,-1.0823258491652274,0.0,1.0,0.0,1.0,0.0,0.0,0.0,4.4
STU-12334,0.91464958768817,0.4386947574142332,-1.2285610418625927,0.0,0.2,-0.6994106090373282,-0.6563039723661486,0.0,1.0,0.0,0.0,0.0,1.0,0.0,4.19
STU-13095,-2.474293402272741,1.04796499075169,1.5043247977216152,-0.298910447900227,0.2,-0.21218074656188604,-0.04145077720207248,1.0,0.0,0.0,0.0,0.0,0.0,1.0,3.64
STU-12237,0.5952000435525098,-0.6792586424360988,-0.8693592660439994,-0.012453132079401899,0.2,-0.09901768172888002,1.4139320667818078,1.0,0.0,0.0,0.0,1.0,0.0,0.0,3.64
STU-11728,1.0118733619903277,0.9725246906332551,-1.2856396802118486,-0.9127475532305657,0.0,0.6318271119842832,-0.234887737478411,1.0,0.0,0.0,0.0,0.0,0.0,1.0,4.3
STU-14167,0.3590851631044136,0.30074678005481,1.416738611289136,-0.3643864058021299,1.0,-0.1713163064833006,2.1669545192861257,0.0,1.0,0.0,1.0,0.0,0.0,0.0,5.4
STU-10738,0.49797626925035327,-0.2826582075277548,0.4011324944540978,-1.1173599216740118,1.0,0.1713163064833006,0.23488773747841118,1.0,0.0,0.0,0.0,0.0,0.0,1.0,4.62
STU-14057,-1.3076081106468547,0.19441188084025363,-0.8142488566033381,0.3804026153320144,1.0,-0.5375245579567781,-0.13816925734024174,1.0,0.0,1.0,0.0,0.0,0.0,0.0,3.37
STU-10165,0.13685939327091098,0.44875346409669126,1.3675328885742601,-0.08611358471904242,1.0,0.6318271119842832,0.1174438687392055,1.0,0.0,0.0,0.0,0.0,1.0,0.0,4.74
STU-11868,-1.0298258983549764,-0.7079978043859793,-0.10863879287201733,1.370726478598294,-1.0,-0.07544204322200401,1.4968336211859532,1.0,0.0,0.0,0.0,1.0,0.0,0.0,2.98
STU-14759,0.3729742737190084,0.986175792559448,1.5043247977216152,-0.6262902374097405,-0.6,0.8801571709233793,-0.43983880253310303,1.0,0.0,0.0,0.0,0.0,1.0,0.0,4.26
STU-12834,-1.0714932301987572,-1.7979305213351793,-1.0012306029198657,0.8632878048585481,-1.0,-1.0876227897838902,-0.21876799078871625,0.0,1.0,0.0,0.0,0.0,0.0,1.0,3.81
STU-13370,0.22019405695847505,0.3934305773431725,0.15707210978831287,1.1497451206793725,1.0,-1.0891944990176818,-0.2993667242371906,1.0,0.0,0.0,0.0,0.0,0.0,1.0,4.64
STU-10213,-0.07147726594799676,-0.36887569337739506,-1.3437024330154024,1.0187932048755668,0.2,0.4982318271119844,-0.6724237190558435,0.0,1.0,0.0,0.0,0.0,0.0,1.0,4.14
STU-10060,0.3590851631044136,0.4825219793878012,0.6875098006546753,2.688430131374087,-0.2,0.017288801571709148,0.8221070811744386,1.0,0.0,1.0,0.0,0.0,0.0,0.0,4.84
STU-10074,0.8729822558443879,1.0623345717266302,1.5043247977216152,-1.3792637532816225,0.2,0.870726915520629,0.7115716753022455,0.0,1.0,1.0,0.0,0.0,0.0,0.0,5.22
STU-11052,-0.29370303578149937,-1.453060577936619,0.6097647587651708,0.5522770048245093,1.6,-1.1033398821218077,0.7944732297063904,1.0,0.0,0.0,0.0,0.0,0.0,1.0,3.44
STU-14681,0.22019405695847505,-1.9603067863520012,-0.8860892117670573,-0.11885156366999385,0.0,-1.7304518664047155,1.5037420840529652,1.0,0.0,1.0,0.0,0.0,0.0,0.0,3.11
STU-13200,0.0,-0.31067889042888786,-0.37434969553234754,1.2479590575322261,0.8,0.0,-0.4444444444444444,1.0,0.0,0.0,0.0,1.0,0.0,0.0,2.94
STU-12943,-1.4326101061781995,1.0623345717266302,0.48084576525219563,0.20852822583951966,0.0,-0.20589390962671916,0.3385146804835924,1.0,0.0,0.0,0.0,1.0,0.0,0.0,3.56
STU-14557,0.09519206142713017,-1.572328100028621,1.3985107533152335e-15,0.12668327846214147,-0.2,-0.8377210216110021,-0.9073114565342545,1.0,0.0,0.0,0.0,1.0,0.0,0.0,2.21
STU-10242,0.7896475921568251,0.7612918503016372,0.6766845416574027,0.8796567943340234,0.0,1.095481335952849,0.17501439263097293,0.0,1.0,0.0,0.0,0.0,1.0,0.0,5.55
STU-10955,0.8590931452297944,1.000545373534388,0.0694859233558337,0.9533172469736639,-0.8,-0.23575638506876231,0.29476108232584924,1.0,0.0,1.0,0.0,0.0,0.0,0.0,5.48
STU-14163,0.3729742737190084,1.0623345717266302,0.6924303729261626,-0.699950690049381,-1.0,0.4793713163064835,-0.538860103626943,0.0,1.0,0.0,1.0,0.0,0.0,0.0,5.41
STU-13386,-0.9881585665111943,-0.14255479302208945,-0.5337762371285445,-0.16795853209642134,0.2,0.6742632612966604,0.5641911341393208,0.0,1.0,0.0,0.0,1.0,0.0,0.0,3.48
STU-13078,-0.4742614737712199,-1.0586155801745152,0.45624290389475763,-1.3137877953797197,1.0,-0.48565815324165035,-0.6194588370754175,0.0,1.0,0.0,0.0,0.0,1.0,0.0,3.2
STU-10791,0.5396436010941341,-0.5592726412953496,-0.25035127429085974,0.1512367626753552,-0.2,0.6318271119842832,-0.34081750143926304,1.0,0.0,0.0,0.0,0.0,1.0,0.0,4.55
STU-10093,-0.09925548717718521,0.010481244361021326,-0.19819320821309117,0.45406306797165497,0.2,-0.15088408644400775,-0.8497409326424872,1.0,0.0,0.0,0.0,0.0,1.0,0.0,3.39
STU-13501,1.73410711394921,1.0623345717266302,1.5043247977216152,0.22489721531499574,-0.4,0.048722986247544293,-0.4237190558434082,0.0,1.0,0.0,0.0,1.0,0.0,0.0,5.61
STU-13899,0.4285307161773828,0.8072745094214452,1.3985107533152335e-15,0.15942125741309288,1.0,0.619253438113949,0.20034542314335066,1.0,0.0,0.0,0.0,1.0,0.0,0.0,4.51
STU-14804,-0.877045681594443,-0.34875828001247894,0.46608404843773366,0.2330817100527334,1.0,-0.8267190569744598,-0.4444444444444444,0.0,1.0,0.0,0.0,0.0,0.0,1.0,4.97
STU-12288,-1.2937190000322598,-0.6404607738037613,-0.47768171323358666,-0.24980347947379952,-0.4,-0.5186640471512769,-0.782959124928037,0.0,1.0,0.0,0.0,0.0,1.0,0.0,2.59
STU-13020,0.8174258133860123,0.09454329306442051,-0.017116148622347456,-0.23343448999832417,0.4,-0.3693516699410609,0.22337363270005756,0.0,1.0,0.0,0.0,0.0,1.0,0.0,3.94
STU-14450,0.2757504994168507,0.34170008583338857,0.33027625374467523,-0.3480174163266538,0.6,-0.24047151277013745,1.5106505469199771,1.0,0.0,0.0,1.0,0.0,0.0,0.0,3.85
STU-11439,-1.04371500896957,1.0623345717266302,0.07932706789880833,0.9287637627604509,1.6,0.3316306483300589,-0.5227403569372482,1.0,0.0,0.0,0.0,0.0,0.0,1.0,4.65
STU-12352,0.7340911496984495,1.0623345717266302,1.5043247977216152,-1.1746513848381763,0.6,0.28447937131630663,0.0,1.0,0.0,1.0,0.0,0.0,0.0,0.0,4.39
STU-12818,0.9702060301465456,0.4753371889003306,1.5043247977216152,-0.9864080058702062,-0.6,9.965598746022957,0.04605641911341398,1.0,0.0,0.0,0.0,0.0,1.0,0.0,5.52
STU-12730,-0.9048239028236315,0.8123038627626737,0.7760801015414511,-0.6426592268852166,0.2,0.36149312377210235,-0.5526770293609673,0.0,1.0,0.0,0.0,0.0,0.0,1.0,4.27
STU-12897,-0.0020317128750275202,1.0623345717266302,0.5192262289697989,-1.592060616462807,-0.4,-0.26247544204322204,-0.310880829015544,1.0,0.0,0.0,0.0,1.0,0.0,0.0,3.78
STU-14179,0.5257544904795405,-0.10088300819476355,0.5074168555182296,-0.32346393211344004,0.6,1.2133595284872303,-0.8727691421991941,1.0,0.0,0.0,0.0,0.0,1.0,0.0,5.25
STU-12460,0.06741384019794172,1.0623345717266302,1.5043247977216152,0.0,0.2,1.301375245579568,-0.280944156591825,1.0,0.0,0.0,0.0,0.0,0.0,1.0,5.82
STU-12252,-1.085382340813352,-1.0607710173207563,-1.4775419987998648,-1.4774776901344768,-0.4,-0.5343811394891946,0.4145077720207254,1.0,0.0,0.0,0.0,1.0,0.0,0.0,2.67
STU-11345,-1.8353943140014226,-1.9049838995984818,1.3985107533152335e-15,1.468940415451149,-1.0,-1.3108055009823185,-0.6540011514104779,1.0,0.0,0.0,1.0,0.0,0.0,0.0,2.27
STU-12287,-1.4742774380219803,-0.6088476956588935,-1.8042679976266418,-1.1255444164117496,-1.0,-1.0514734774066798,0.16119746689694883,0.0,1.0,1.0,0.0,0.0,0.0,0.0,2.35
STU-11454,-0.39092681008365704,0.6420243282096353,1.3985107533152335e-15,-0.42986236370403197,-1.0,0.8078585461689587,-0.6770293609671849,1.0,0.0,0.0,0.0,0.0,1.0,0.0,4.67
STU-11843,1.0952080256778904,1.0623345717266302,1.5043247977216152,0.3149266574301116,-0.2,0.6585461689587426,0.14277489925158324,0.0,1.0,0.0,0.0,0.0,1.0,0.0,5.45
STU-13106,1.7896635564075856,1.0106040802168461,0.8046194207160797,-0.5853677637210514,-1.0,1.7571709233791755,-0.04605641911341398,1.0,0.0,1.0,0.0,0.0,0.0,0.0,6.92
STU-11582,1.7896635564075856,0.0,1.0604891788334339,0.8469188153830713,0.4,1.252652259332024,0.6102475532527346,1.0,0.0,0.0,0.0,0.0,0.0,1.0,5.84
STU-10034,-0.5714852480733775,0.09526177211316789,1.5043247977216152,-0.10248257419451849,0.4,-0.5563850687622789,-0.6931491076568798,1.0,0.0,0.0,0.0,0.0,0.0,1.0,3.97
STU-11933,-1.0298258983549764,-0.8588784046228489,-1.4736055409826756,-1.42837072170805,-1.0,-0.9398821218074657,0.02533103051237774,1.0,0.0,0.0,0.0,1.0,0.0,0.0,2.87
STU-13948,0.2618613888022571,-1.259789713823675,0.6786527705659973,-1.0191459848211575,0.6,0.0,0.0069084628670121485,1.0,0.0,0.0,0.0,0.0,0.0,1.0,4.23
STU-10065,1.2618773530530174,0.0,0.5576066926874022,0.3149266574301116,0.2,1.425540275049116,0.15198618307426603,1.0,0.0,0.0,1.0,0.0,0.0,0.0,5.89
STU-14980,-1.6826140972408892,-1.4940138837151977,-0.3773020388952402,0.4868010469226064,0.2,-0.47151277013752463,-0.4075993091537133,1.0,0.0,0.0,0.0,1.0,0.0,0.0,3.03
STU-13688,-0.19647926147934167,-2.3597811374553337,-0.5790455020262312,0.4458785732339173,0.4,-1.6110019646365425,1.7225100748416813,1.0,0.0,0.0,1.0,0.0,0.0,0.0,3.12
STU-12394,0.2618613888022571,1.0623345717266302,0.08818409798748633,0.4786165521848687,-0.8,0.6082514734774069,0.38917674150834786,1.0,0.0,0.0,0.0,0.0,0.0,1.0,5.56
STU-10908,0.0,1.0623345717266302,0.3971960366369071,1.5753388470417402,0.4,-0.012573673870334002,0.11053540587219356,1.0,0.0,0.0,0.0,0.0,1.0,0.0,5.38
STU-11363,-0.7242654648339096,0.0,0.24367418176649405,-1.5020311743476906,-0.4,0.10058939096267201,2.04951065054692,1.0,0.0,0.0,1.0,0.0,0.0,0.0,3.65
STU-14156,-0.43259414192743784,0.0,-1.284655565757552,0.2412662047904711,2.2,-1.4679764243614934,0.33390903857225107,1.0,0.0,0.0,0.0,0.0,0.0,1.0,2.25
STU-12884,0.13685939327091098,-2.1478298180749684,-2.1713426890796157,0.7323358890547425,0.8,-0.14616895874263258,2.3972366148531954,0.0,1.0,0.0,0.0,0.0,1.0,0.0,3.23
STU-10783,-0.5992634693025648,-1.0571786220770214,-1.744237015914493,-1.051883963772109,-1.0,-0.8314341846758351,1.2135866436384575,1.0,0.0,0.0,0.0,0.0,0.0,1.0,3.35
STU-12409,0.05352472958334813,-1.8927697557697833,1.3985107533152335e-15,-1.8294109638572047,0.4,-0.07858546168958744,0.26021876799078875,1.0,0.0,0.0,1.0,0.0,0.0,0.0,2.26
STU-12005,-2.7242973933354317,-0.9997002981772616,-1.2718620778516831,-0.6181057426720028,0.4,-0.7434184675834971,-0.5158318940702361,1.0,0.0,0.0,0.0,0.0,1.0,0.0,2.38
STU-11152,0.386863384333602,-0.0563373071724492,-0.9215173321217679,-0.8881940690173519,-0.2,0.2326129666011789,-1.1514104778353484,1.0,0.0,0.0,0.0,1.0,0.0,0.0,3.57
STU-10635,1.1368753575216726,0.18076077891406078,1.3773740331172346,1.0842691627774697,-0.4,0.43693516699410606,-0.0990213010938399,1.0,0.0,0.0,0.0,0.0,0.0,1.0,4.99
STU-14176,-0.5298179162295955,-1.907139336744723,-1.152784228881684,-0.41349337422855664,-0.8,-1.7304518664047155,0.987910189982729,1.0,0.0,0.0,0.0,0.0,0.0,1.0,2.47
STU-14003,-0.2520357039377173,-1.3725909244769547,0.6048441864936834,-0.822718111115449,0.4,-1.3485265225933205,-0.2026482440990213,1.0,0.0,0.0,0.0,0.0,1.0,0.0,2.31
STU-13534,-0.7520436860630981,0.9315713848546766,0.6087806443108741,0.03665383634702487,1.6,-0.2436149312377209,-1.093839953943581,1.0,0.0,0.0,0.0,0.0,1.0,0.0,4.59
STU-12160,1.1924317999800482,1.0623345717266302,1.5043247977216152,1.2725125417454406,-0.2,0.5438113948919452,-0.17501439263097293,0.0,1.0,0.0,1.0,0.0,0.0,0.0,5.03
STU-13765,0.0,-1.5478998123712226,-0.22968487075061247,2.230098426060769,0.6,-0.34106090373280945,-0.5641911341393206,1.0,0.0,0.0,0.0,0.0,0.0,1.0,3.25
STU-12131,1.48410312288652,0.9617475049020497,1.5043247977216152,1.8126891944361385,-0.6,-0.5343811394891946,-0.9326424870466322,0.0,1.0,1.0,0.0,0.0,0.0,0.0,5.26
STU-10217,0.09519206142713017,-1.373309403525702,0.26926115757823005,-0.4380468584417704,1.4,-0.8833005893909628,1.0086355785837653,1.0,0.0,0.0,0.0,0.0,1.0,0.0,2.63
STU-10565,-0.9742694558966007,-0.8833066922802472,-0.041719009979785414,1.4280179417624592,0.8,-0.5783889980353635,0.911917098445596,1.0,0.0,0.0,1.0,0.0,0.0,0.0,3.21
STU-11385,-0.7103763542193161,1.0623345717266302,0.1659291398769909,-0.11066706893225617,1.4,0.7544204322200393,0.07829591249280367,1.0,0.0,0.0,0.0,0.0,1.0,0.0,4.65
STU-12297,1.7896635564075856,-0.47592907164069775,0.5635113794131875,-0.08611358471904242,0.0,0.7245579567779964,0.0,1.0,0.0,0.0,0.0,0.0,1.0,0.0,4.73
STU-11158,-1.2659407788030725,0.6039449386260441,0.7967465050816998,0.32311115216785,0.2,0.0,0.13356361542890044,1.0,0.0,0.0,0.0,1.0,0.0,0.0,3.22
STU-13934,0.386863384333602,-2.034310128372942,-0.33990568963193357,0.7896273522189069,0.0,-0.012573673870334002,-1.0040299366724237,1.0,0.0,0.0,1.0,0.0,0.0,0.0,3.7
STU-10624,-0.7798219072922853,-0.3178636809163574,-0.5682202430289586,0.699597910103791,-0.8,-0.07544204322200401,0.04375359815774333,1.0,0.0,0.0,0.0,0.0,0.0,1.0,3.75
STU-13311,1.1646535787508598,-0.35450611240245483,0.48970279534087363,-0.9618545216569924,-0.2,-0.7889980353634578,0.918825561312608,0.0,1.0,1.0,0.0,0.0,0.0,0.0,4.5
STU-13341,-0.668709022375534,1.0623345717266302,-0.0279414076196201,-0.7245041742625948,0.2,0.24361493123772118,0.7299942429476112,1.0,0.0,0.0,1.0,0.0,0.0,0.0,4.61
STU-13729,-2.168732968751675,-1.887021923379807,-1.8072203409895344,1.223405573319013,0.6,-1.7304518664047155,-1.0754173862982155,0.0,1.0,0.0,0.0,0.0,0.0,1.0,2.69
STU-13131,-0.2520357039377173,-0.7776902721144382,-1.015008205280031,0.5195390258735578,0.4,-0.3567779960707269,0.30166954519286143,1.0,0.0,0.0,1.0,0.0,0.0,0.0,2.72
STU-11789,0.9285386983027636,1.0623345717266302,0.9345225286833515,1.4525714259756723,-0.6,0.8833005893909627,-0.45365572826712725,1.0,0.0,0.0,0.0,1.0,0.0,0.0,5.37
STU-12361,0.9007604770735764,-0.8006816016743428,-0.3723814666237515,-2.1649752481044557,0.6,-1.0341846758349706,0.7392055267702937,1.0,0.0,0.0,0.0,1.0,0.0,0.0,4.08
STU-11897,-0.6409308011463468,-0.2496081712853932,-1.2787508790317665,-1.0191459848211575,0.0,-0.3929273084479372,1.4162348877374784,1.0,0.0,0.0,0.0,0.0,0.0,1.0,3.29
STU-11434,0.0,1.0623345717266302,0.5674478372303782,0.4622475627093934,0.0,0.8377210216110021,0.11974668969487635,1.0,0.0,0.0,0.0,0.0,1.0,0.0,4.65
STU-14823,-0.9187130134382251,0.6269362681859477,-0.4648882253277194,1.6981062681078083,-0.2,0.24204322200392947,-0.508923431203224,1.0,0.0,0.0,0.0,0.0,1.0,0.0,4.58
STU-11611,0.8035367027714188,-0.17704178736194578,-0.7837413085201148,-0.3807553952776052,1.2,0.16188605108055001,-0.6125503742084053,1.0,0.0,0.0,0.0,0.0,0.0,1.0,4.14
STU-12424,-0.4464832525420327,1.0623345717266302,-0.4393012495159834,1.3870954680737695,1.0,0.42278978388998034,0.5020149683362121,1.0,0.0,0.0,0.0,0.0,0.0,1.0,4.94
STU-14674,0.5674218223233225,0.32301963056596616,-0.9284061333018498,-0.07792908998130474,-1.0,-0.13202357563850686,-0.06678180771445022,1.0,0.0,1.0,0.0,0.0,0.0,0.0,4.26
STU-14766,-1.1687170045009148,0.22818039613136257,-1.2807191079403613,-0.5771832689833137,0.0,-0.13673870333988203,0.35233160621761667,1.0,0.0,0.0,0.0,0.0,0.0,1.0,3.44
STU-12493,-0.09925548717718521,0.39055666114818505,-0.4885069722308593,0.977870731186877,-0.6,-0.6758349705304519,0.048359240069084625,0.0,1.0,0.0,0.0,0.0,1.0,0.0,3.67
STU-13977,0.1924158357292866,1.0623345717266302,1.0998537570053353,-0.5689987742455761,1.8,0.696267190569745,-0.881980426021877,1.0,0.0,0.0,0.0,0.0,1.0,0.0,4.01
STU-11102,0.49797626925035327,-0.5492139346128926,-0.038766666616894145,-0.1352205531454699,-0.6,0.0990176817288803,0.2026482440990213,1.0,0.0,0.0,0.0,1.0,0.0,0.0,3.76
STU-13118,0.05352472958334813,1.0623345717266302,0.5763048673190547,1.076084668039732,0.0,1.0420432220039295,0.20725388601036282,1.0,0.0,0.0,0.0,0.0,0.0,1.0,4.73
STU-13174,0.8313149240006059,-0.9709611362273812,0.5300514879670716,1.0024242154000915,0.4,-0.3300589390962672,1.390903857225101,1.0,0.0,0.0,0.0,0.0,1.0,0.0,4.19
STU-14880,-0.7937110179068801,1.0623345717266302,-0.34777860526631355,-0.4462313531795081,1.0,0.3080550098231829,0.2579159470351181,1.0,0.0,0.0,0.0,0.0,0.0,1.0,4.14
STU-10856,1.7896635564075856,1.0623345717266302,0.13738982070236225,-1.2237583532646037,0.4,1.6424361493123776,0.3868739205526772,0.0,1.0,0.0,0.0,0.0,0.0,1.0,6.08
STU-11526,-1.0714932301987572,-0.376778962913612,-1.5867787032268894,-0.5035228163436732,0.4,-0.7182711198428291,-0.7461139896373058,0.0,1.0,1.0,0.0,0.0,0.0,0.0,2.63
STU-11049,-1.446499216792793,-1.976831804473182,-1.436209191719369,0.17579024688856823,0.6,-1.163064833005894,-0.5135290731145654,1.0,0.0,0.0,0.0,0.0,0.0,1.0,2.38
STU-10568,-0.5714852480733775,1.0623345717266302,0.3922754643654198,-0.1352205531454699,-0.4,0.7088408644400787,-0.280944156591825,0.0,1.0,0.0,0.0,0.0,0.0,1.0,4.76
STU-14091,-0.18259015086474806,-0.6864434329235695,-0.3192392860916863,-0.8963785637550896,1.8,-0.26561886051080547,0.23488773747841118,1.0,0.0,0.0,0.0,1.0,0.0,0.0,3.61
STU-10308,0.13685939327091098,-1.5076649856413906,-2.0079796896662274,0.0,0.2,-0.7277013752455797,0.7138744962579162,0.0,1.0,0.0,1.0,0.0,0.0,0.0,2.52
STU-13362,1.7896635564075856,1.0623345717266302,1.5043247977216152,0.6341219522018882,-0.8,1.5119842829076622,-0.5250431778929189,0.0,1.0,0.0,0.0,0.0,1.0,0.0,5.79
STU-14376,-2.1270656369078944,0.759136413155396,0.7258902643722785,-0.3643864058021299,0.2,0.009430255402750571,-0.1980426021876798,1.0,0.0,0.0,0.0,0.0,0.0,1.0,3.77
STU-13455,-0.9742694558966007,0.6369949748684057,-1.0100876330085438,1.2643280470077027,-1.0,-0.2703339882121809,1.248128957973518,1.0,0.0,0.0,1.0,0.0,0.0,0.0,3.66
STU-14165,0.6368673753962918,0.8101484256164326,1.1539800519916985,0.3967716048074905,0.4,-0.4196463654223969,0.9280368451352909,0.0,1.0,0.0,0.0,0.0,0.0,1.0,4.63
STU-10069,0.06741384019794172,0.3934305773431725,0.4355765003545104,-0.16795853209642134,-0.2,0.9068762278978393,-0.729994242947611,0.0,1.0,0.0,0.0,1.0,0.0,0.0,4.6
STU-11450,-1.0576041195841634,-0.3193006390138522,0.8105241074418651,-0.3725709005398675,-1.0,0.34734774066797663,2.5561312607944733,1.0,0.0,0.0,0.0,1.0,0.0,0.0,4.15
STU-14728,-1.946507198918174,0.08951393972319098,-1.2571003610372213,0.38858711006975283,-0.2,-0.07544204322200401,1.2020725388601037,1.0,0.0,0.0,0.0,0.0,1.0,0.0,2.95
STU-13008,-0.4881505843858135,-1.5069465065926442,1.3985107533152335e-15,-0.9782235111324685,0.4,-0.13516699410609032,-0.6954519286125505,1.0,0.0,0.0,1.0,0.0,0.0,0.0,3.73
STU-14026,-0.9881585665111943,-0.817206619795523,1.0919808413709553,0.0,0.6,-0.6978388998035364,0.0,1.0,0.0,0.0,1.0,0.0,0.0,0.0,3.78
STU-14248,-0.09925548717718521,-0.17273091306946362,-0.22476429847912377,0.0,-0.4,-0.545383104125737,-0.1980426021876798,1.0,0.0,0.0,0.0,0.0,0.0,1.0,3.77
STU-11655,0.1924158357292866,0.32158267246847244,-2.56990904307011,-0.5035228163436732,-0.4,0.275049115913556,-0.4835924006908463,1.0,0.0,0.0,0.0,0.0,0.0,1.0,3.59
STU-14706,1.1646535787508598,1.0623345717266302,0.05964477881285768,0.0,0.0,0.587819253438114,0.0,0.0,1.0,0.0,0.0,0.0,0.0,1.0,5.1
STU-14470,-0.5853743586879712,-0.4665888440069871,-1.0386269521831724,0.6668599311528396,0.6,-0.35834970530451865,-0.1174438687392055,1.0,0.0,1.0,0.0,0.0,0.0,0.0,3.14
STU-13102,0.4007524949481956,0.5974786271873209,0.7967465050816998,1.1497451206793725,-0.4,0.38821218074656205,-0.7461139896373058,1.0,0.0,0.0,1.0,0.0,0.0,0.0,4.23
STU-12229,0.3590851631044136,-0.7733793978219561,0.5507178915073202,0.8878412890717611,1.0,0.44950884086444004,0.40299366724237196,1.0,0.0,0.0,0.0,0.0,0.0,1.0,4.79
STU-11023,1.6368833396470521,-1.3000245405535074,-0.8319629167806927,2.0500395418305355,0.8,-1.5104125736738705,-0.4766839378238342,0.0,1.0,0.0,0.0,0.0,0.0,1.0,4.16
STU-13374,-0.8631565709798494,-0.7690685235294739,-1.251195674311436,0.18397474162630664,-0.4,-0.8125736738703341,0.12435233160621764,1.0,0.0,0.0,0.0,0.0,1.0,0.0,3.19
STU-10327,-0.8631565709798494,-0.4428790353983362,1.3985107533152335e-15,0.10212979424892772,-0.8,0.14616895874263258,0.6424870466321244,0.0,1.0,0.0,0.0,0.0,0.0,1.0,2.49
STU-11780,0.13685939327091098,-0.7051238881909908,-0.5790455020262312,0.06939181529797629,1.6,-0.8927308447937132,2.054116292458262,1.0,0.0,0.0,0.0,0.0,0.0,1.0,4.27
STU-14133,-1.1826061151155085,0.9222311572209648,1.5043247977216152,-0.5280763005568863,-0.4,0.5045186640471515,0.26482440990213024,1.0,0.0,0.0,1.0,0.0,0.0,0.0,4.64
STU-14131,-0.349259478239875,-0.5772346175140246,1.3985107533152335e-15,-0.2579879742115372,-0.4,0.15559921414538316,-0.49280368451352907,1.0,0.0,0.0,0.0,0.0,0.0,1.0,3.99
STU-10064,-1.4048318849490111,-0.3135528066238763,-0.6420288271012724,-1.6166141006760202,-0.6,-0.8047151277013754,0.20955670696603346,1.0,0.0,0.0,0.0,0.0,0.0,1.0,2.94
STU-12418,-0.5992634693025648,0.21381081515642236,-1.4342409628107744,-0.6099212479342652,-0.2,-0.36306483300589404,-0.9142199194012667,1.0,0.0,0.0,0.0,0.0,0.0,1.0,2.95
STU-12987,-0.4048159206982506,1.0623345717266302,1.3985107533152335e-15,-1.2728653216910306,0.8,0.24204322200392947,0.22797927461139905,1.0,0.0,0.0,0.0,0.0,0.0,1.0,4.53
STU-12177,1.1090971362924842,1.0623345717266302,-1.0711027291749904,-0.176143026834159,0.8,-0.0738703339882123,0.8888888888888891,0.0,1.0,0.0,0.0,1.0,0.0,0.0,4.83
STU-13414,0.1507485038855058,-0.8423533865016687,0.8567774867938484,1.7472132365342359,-0.8,-0.6051080550098232,-0.29706390328151994,1.0,0.0,0.0,1.0,0.0,0.0,0.0,3.76
STU-12498,0.5952000435525098,0.07801827494323922,1.5043247977216152,-0.1352205531454699,-1.0,0.11630648330058944,0.23258491652274035,1.0,0.0,0.0,0.0,1.0,0.0,0.0,4.86
STU-11905,1.7896635564075856,0.9337268220009166,0.7465566679125258,1.1742986048925854,0.6,1.1913555992141456,0.5734024179620034,1.0,0.0,1.0,0.0,0.0,0.0,0.0,6.9
STU-12605,1.7896635564075856,-0.09154278056105287,0.7524613546383112,-0.1352205531454699,-1.0,0.012573673870334002,-0.5066206102475532,1.0,0.0,0.0,0.0,0.0,0.0,1.0,5.3
STU-14837,0.02574650835416092,-0.16123524828951186,-0.8772321816783794,-0.32346393211344004,-0.6,0.36620825147347746,1.3264248704663215,1.0,0.0,0.0,0.0,0.0,0.0,1.0,3.96
STU-11797,-0.19647926147934167,-0.5068236707368193,0.30665750684153525,-0.9864080058702062,1.2,0.42436149312377236,0.0,0.0,1.0,0.0,0.0,0.0,1.0,0.0,4.46
STU-13247,0.9840951407611392,0.6118482081622612,1.5043247977216152,1.100638152252945,0.8,1.3359528487229868,0.0,1.0,0.0,0.0,0.0,0.0,1.0,0.0,4.96
STU-12548,0.16463761450009942,-0.40192572961975664,1.127408961725666,0.2658196890036848,0.2,-0.5579567779960707,-0.24870466321243528,1.0,0.0,0.0,0.0,0.0,0.0,1.0,4.15
STU-13646,1.7896635564075856,0.46671544031536627,0.8744915469712029,0.2740041837414225,0.2,0.08172888015717086,0.0,0.0,1.0,0.0,0.0,0.0,0.0,1.0,5.03
STU-12194,-0.9326021240528186,-1.2468570909462295,-1.4332568483564763,-0.298910447900227,0.8,-0.23104125736738718,-1.0132412204951067,0.0,1.0,0.0,1.0,0.0,0.0,0.0,3.04
STU-10548,1.7896635564075856,0.9631844629995444,1.4226432980149213,0.6259374574641497,2.4,0.8392927308447942,-0.6010362694300518,0.0,1.0,0.0,1.0,0.0,0.0,0.0,5.58
STU-12619,-1.2381625575738842,0.0,-0.6115212790180491,0.06939181529797629,1.0,-0.2797642436149312,-0.4697754749568222,1.0,0.0,1.0,0.0,0.0,0.0,0.0,4.2
STU-12621,1.3868793485843625,0.4846774165340413,1.2012175457979797,0.43769407849617964,1.2,0.5925343811394892,0.11514104778353484,1.0,0.0,0.0,0.0,1.0,0.0,0.0,4.49
STU-12431,0.1924158357292866,1.0623345717266302,0.6451928791198813,0.4458785732339173,-0.6,-0.15717092337917488,-0.10592976396085205,1.0,0.0,0.0,0.0,0.0,0.0,1.0,4.22
STU-14582,-1.1826061151155085,1.0623345717266302,1.3985107533152335e-15,0.7077824048415287,-1.0,0.5249508840864441,0.8819804260218771,1.0,0.0,0.0,0.0,1.0,0.0,0.0,4.08
STU-10913,0.48408715863575846,-1.710994556436792,-0.693202778724743,2.311943373438147,-0.2,-0.7717092337917487,0.0069084628670121485,0.0,1.0,0.0,0.0,1.0,0.0,0.0,3.39
STU-12555,-0.2520357039377173,-0.5743607013190372,-1.412590444816229,-0.298910447900227,0.0,0.20589390962671916,-0.7875647668393784,0.0,1.0,0.0,0.0,1.0,0.0,0.0,3.9
STU-13014,0.9702060301465456,0.5593992376037298,0.19643668796021277,-1.6329830901514961,0.2,-0.7559921414538311,-0.11514104778353484,1.0,0.0,0.0,0.0,1.0,0.0,0.0,4.74
STU-14908,-0.29370303578149937,1.0623345717266302,0.9551889322236001,-1.2564963322155551,0.0,0.9917485265225936,-0.6954519286125505,1.0,0.0,0.0,0.0,1.0,0.0,0.0,5.16
STU-12527,-0.5437070268441891,1.0623345717266302,-1.3653529510099478,-0.5771832689833137,0.0,0.14616895874263258,-0.7760506620610248,1.0,0.0,0.0,0.0,1.0,0.0,0.0,3.95
STU-14886,0.0,1.0623345717266302,1.020140486207236,1.04334668908878,1.6,-0.18074656188605118,1.5336787564766845,1.0,0.0,0.0,0.0,0.0,1.0,0.0,5.34
STU-12223,0.44241982679197767,1.0623345717266302,1.5043247977216152,-0.2825414584247509,-0.8,0.7984282907662084,0.8635578583765116,1.0,0.0,0.0,0.0,0.0,0.0,1.0,4.78
STU-10319,-0.7520436860630981,0.14771074267169818,1.3985107533152335e-15,0.3558491311188014,0.6,0.28919449901768174,-0.5664939550949915,0.0,1.0,0.0,0.0,0.0,1.0,0.0,3.92
STU-12496,-0.7659327966776918,-0.500357359298096,-0.36942912326086025,1.739028741796498,-0.2,-0.29862475442043235,-0.45826137017846863,1.0,0.0,1.0,0.0,0.0,0.0,0.0,3.94
STU-14806,0.7202020390838558,1.0623345717266302,-0.5603473273945786,0.699597910103791,-0.4,1.0373280943025542,-0.3822682786413357,1.0,0.0,1.0,0.0,0.0,0.0,0.0,5.41
STU-12718,0.7063129284692611,0.6420243282096353,1.3498188283969055,1.3625419838605564,0.6,0.2829076620825149,-0.3891767415083477,1.0,0.0,0.0,0.0,0.0,0.0,1.0,5.54
STU-14983,1.3452120167405803,0.494017644167753,-0.6991074654505283,0.07757631003571397,0.2,0.7308447937131632,-0.630972941853771,0.0,1.0,0.0,0.0,0.0,0.0,1.0,5.06
STU-14716,-0.6131525799171597,-0.27475493799153783,-0.643997056009867,0.25763519426594716,1.0,-0.8047151277013754,0.5342544617156015,1.0,0.0,0.0,0.0,0.0,1.0,0.0,2.89
STU-11588,1.0674298044487034,-0.3257669504525744,1.4797219363641771,0.9696862364491393,0.0,0.6758349705304518,-0.6194588370754175,1.0,0.0,0.0,1.0,0.0,0.0,0.0,4.75
STU-12612,-0.18259015086474806,1.0623345717266302,1.5043247977216152,-0.3562019110643915,0.0,0.12888015717092344,0.27633851468048365,1.0,0.0,0.0,0.0,0.0,1.0,0.0,5.2
STU-14727,0.9285386983027636,0.0,0.33126036819897325,1.0597156785642567,0.4,1.3862475442043223,-0.8451352907311458,1.0,0.0,0.0,0.0,0.0,0.0,1.0,6.26
STU-14001,-0.29370303578149937,1.0623345717266302,-0.636124140375487,0.33129564690558766,1.0,0.7292730844793712,0.4928036845135293,1.0,0.0,0.0,0.0,0.0,0.0,1.0,4.38
STU-13556,0.011857397739566082,-0.3703126514748888,-0.8900256695842466,0.41314059428296585,0.4,0.30648330058939116,1.1744386873920556,1.0,0.0,0.0,0.0,0.0,0.0,1.0,3.62
STU-13309,1.7896635564075856,1.0623345717266302,1.3783581475715327,0.8632878048585481,2.0,0.8770137524557958,0.0,1.0,0.0,0.0,0.0,1.0,0.0,0.0,4.32
STU-14544,-1.363164553105229,0.2676967438124474,-1.9469645934997808,0.41314059428296585,1.4,-0.023575638506876287,1.282671272308578,1.0,0.0,1.0,0.0,0.0,0.0,0.0,3.74
STU-13939,-1.6826140972408892,-0.8976762732551874,-1.808204455443831,-0.04519111103035332,0.0,-1.5434184675834974,1.6188831318365,1.0,0.0,0.0,0.0,1.0,0.0,0.0,2.45
STU-14683,-0.5298179162295955,0.7871570960565291,-1.282687336848956,-1.2401273427400792,-1.0,-0.0738703339882123,-0.7046632124352332,1.0,0.0,0.0,0.0,1.0,0.0,0.0,3.88
STU-12108,-0.4603723631566263,-1.652079274439538,-0.8644386937725106,0.6095684679886744,-1.0,-0.2829076620825146,-0.9625791594703512,1.0,0.0,1.0,0.0,0.0,0.0,0.0,4.52
STU-14635,-0.349259478239875,1.0623345717266302,1.5043247977216152,0.8469188153830713,-0.8,0.0,0.9948186528497409,1.0,0.0,0.0,0.0,0.0,1.0,0.0,4.28
STU-12098,0.9702060301465456,-0.11884498441343858,-0.643012941555569,-0.5608142795078377,-1.0,0.4432220039292732,-0.6056419113413932,0.0,1.0,0.0,0.0,0.0,0.0,1.0,3.22
STU-12295,1.0952080256778904,0.6592678253795629,1.5043247977216152,0.8141808364321206,-0.2,0.2671905697445975,-0.1174438687392055,0.0,1.0,0.0,0.0,0.0,0.0,1.0,5.58
STU-13176,-0.029809934104214727,0.043531280603382905,1.495467767632937,1.3052505206963911,0.0,-0.3300589390962672,0.3983880253310307,0.0,1.0,0.0,0.0,0.0,0.0,1.0,4.5
STU-10321,-0.05758815533340317,1.0623345717266302,0.5772889817733527,-0.7736111426890223,1.0,-0.4196463654223969,-0.8036845135290732,1.0,0.0,0.0,0.0,0.0,0.0,1.0,3.86
STU-13210,-1.113160562042539,0.8281104018351076,-0.11946405186928997,0.6095684679886744,-0.2,-0.5359528487229863,-0.05526770293609678,1.0,0.0,0.0,0.0,1.0,0.0,0.0,4.17
STU-14637,-0.16870104025015445,0.01263668150726241,0.3529108861935185,0.0,-0.6,0.2829076620825149,0.5549798503166382,1.0,0.0,0.0,0.0,0.0,1.0,0.0,3.84
STU-13250,0.4285307161773828,-1.718179346924262,-0.7660272483427588,0.5113545311358201,0.8,-1.15049115913556,-0.02763385146804839,1.0,0.0,0.0,0.0,0.0,1.0,0.0,3.0
STU-12081,-0.140922819020966,0.0,0.5054486266096335,1.518047383877575,-0.2,0.6396856581532415,0.07829591249280367,1.0,0.0,0.0,0.0,1.0,0.0,0.0,4.91
STU-12300,-0.2381465933231237,-0.7618837330420043,-1.0681503858120975,-0.11885156366999385,0.2,-0.8675834970530453,-0.02763385146804839,1.0,0.0,0.0,0.0,0.0,1.0,0.0,3.35
STU-13441,0.9563169195319521,-0.09154278056105287,-0.23854190083928906,-0.6344747321474782,1.2,-0.07701375245579573,1.1859527921704087,0.0,1.0,1.0,0.0,0.0,0.0,0.0,5.31
STU-14529,-0.4048159206982506,-1.0392166458583465,-0.660727001732925,-1.4692931953967392,0.0,-0.5139489194499018,0.0,0.0,1.0,0.0,0.0,0.0,1.0,0.0,3.13
STU-11808,0.6646455966254802,-1.121841736464252,0.9020467516915336,-0.5526297847701,0.2,-0.7685658153241651,0.478986758779505,0.0,1.0,0.0,0.0,0.0,1.0,0.0,4.08
STU-14714,1.5118813441157073,0.024132346287214175,1.5043247977216152,0.0,1.0,0.03614931237721029,0.28324697754749584,0.0,1.0,0.0,0.0,0.0,1.0,0.0,4.9
STU-11268,-1.5159447698657622,0.6312471424784298,0.0015820260093051674,1.1497451206793725,2.0,-0.7685658153241651,0.11514104778353484,0.0,1.0,0.0,0.0,0.0,0.0,1.0,3.71
STU-13953,-2.2381785218246457,-2.6953108532201826,-1.2324974996797833,0.0,-0.8,0.0,0.12435233160621764,1.0,0.0,1.0,0.0,0.0,0.0,0.0,2.25
STU-10950,-0.04369904471880956,-1.5450258961762349,-2.551210868438458,0.7978118469566453,1.6,-0.8518664047151279,1.2112838226827867,0.0,1.0,0.0,0.0,0.0,0.0,1.0,3.99
STU-12366,-1.1826061151155085,0.16495423984162685,-1.4086539869990384,-0.6917661953116434,0.2,-0.6113948919449904,-0.9763960852043756,1.0,0.0,0.0,0.0,0.0,1.0,0.0,2.91
STU-13689,-2.1548438581370815,-0.013947043296376938,-0.7837413085201148,0.9205792680227133,-0.6,-0.46051080550098233,0.8382268278641336,1.0,0.0,0.0,0.0,0.0,1.0,0.0,2.61
STU-11537,-0.7659327966776918,0.14986617981793926,-0.5869184176606111,-0.5198918058191486,0.2,-0.40392927308447946,0.0,0.0,1.0,0.0,0.0,1.0,0.0,0.0,3.37
STU-12702,0.3729742737190084,1.0623345717266302,1.5043247977216152,0.7159668995792663,-0.4,0.32848722986247547,-0.10592976396085205,1.0,0.0,0.0,0.0,0.0,1.0,0.0,5.56
STU-12736,0.06741384019794172,0.8223625694451318,-0.2405101297478851,0.29855766795463623,-0.4,0.05815324165029486,1.7432354634427174,0.0,1.0,0.0,0.0,0.0,1.0,0.0,4.44
STU-12749,0.44241982679197767,0.643461286307129,0.20430960359459416,-0.4462313531795081,-0.4,0.4903732809430258,-0.5204375359815775,0.0,1.0,0.0,0.0,0.0,1.0,0.0,4.47
STU-14036,-0.15481192963556084,-1.0701112449544679,-1.3476388908325931,0.977870731186877,1.4,0.10373280943025544,-0.3822682786413357,1.0,0.0,0.0,1.0,0.0,0.0,0.0,2.83
STU-10001,0.6785347072400738,-0.6023813842201702,0.18265908560004745,1.46075592071341,0.8,-0.028290766208251432,-0.24179620034542315,1.0,0.0,0.0,0.0,0.0,1.0,0.0,5.13
STU-11347,-1.5715012123241379,-0.03478293571003938,-0.661711116187223,-0.3480174163266538,-0.4,-1.332809430255403,-0.5872193436960277,1.0,0.0,0.0,0.0,0.0,0.0,1.0,2.88
STU-14742,-1.1548278938863212,-1.9703654930344592,-2.2038184660714335,-1.6084296059382825,-0.4,0.0,1.0109383995394359,1.0,0.0,0.0,1.0,0.0,0.0,0.0,2.83
STU-14455,0.3590851631044136,0.18650861130403668,-0.9471043079335025,1.7144752575832836,-0.8,-0.4322200392927309,-0.04605641911341398,0.0,1.0,0.0,0.0,0.0,0.0,1.0,4.21
STU-14487,0.4007524949481956,-0.4629964487632523,-0.7325673568966442,-0.8309026058531868,-1.0,0.4322200392927309,0.9533678756476685,1.0,0.0,0.0,0.0,0.0,0.0,1.0,3.24
STU-10145,-0.9048239028236315,-2.09466236846769,-0.9530089946592878,-0.6262902374097405,-0.4,0.0,-0.1128382268278642,1.0,0.0,1.0,0.0,0.0,0.0,0.0,3.4
STU-14309,-0.30759214639609295,1.0458095536054488,1.3862310632059127,0.7814428574811692,-1.0,0.2907662082514735,0.6747265400115143,1.0,0.0,0.0,0.0,0.0,1.0,0.0,4.84
STU-12580,-1.2381625575738842,-1.84319470140624,-2.134930454270607,0.0,0.2,0.2451866404715129,0.041450777202072686,1.0,0.0,0.0,0.0,1.0,0.0,0.0,2.45
STU-11085,1.0535406938341085,0.8410430247125541,0.7682071859070712,-1.371079258543885,0.0,0.5218074656188606,0.08981001727115731,1.0,0.0,0.0,0.0,0.0,0.0,1.0,5.57
STU-11922,-0.41870503131284426,-0.047715558587485885,1.0831238112822772,0.020284846871549526,-0.4,0.4888015717092338,-0.9050086355785838,1.0,0.0,0.0,0.0,0.0,0.0,1.0,4.45
STU-12689,0.6924238178546674,-0.7460771939695704,1.3985107533152335e-15,0.6259374574641497,0.6,-0.9791748526522595,-0.9165227403569373,1.0,0.0,0.0,0.0,0.0,0.0,1.0,3.19
STU-10209,-1.974285420147361,-1.755540257459106,-1.23348161413408,-1.3792637532816225,0.4,-1.2306483300589393,-0.4122049510650548,1.0,0.0,0.0,0.0,1.0,0.0,0.0,2.17
STU-13789,-0.5159288056150019,0.8611604380774702,-0.3015252259143303,-1.1337289111494873,0.8,0.6538310412573678,-0.8082901554404146,1.0,0.0,0.0,1.0,0.0,0.0,0.0,4.31
STU-13983,0.6924238178546674,0.5651470699937057,1.5043247977216152,0.43769407849617964,1.0,-0.5925343811394892,-0.9717904432930341,1.0,0.0,0.0,0.0,0.0,0.0,1.0,4.73
STU-12729,-3.3354182603775633,0.8166147370551559,-1.4509709085338323,2.0418550470927976,-0.2,-1.1332023575638508,0.0,1.0,0.0,0.0,1.0,0.0,0.0,0.0,2.89
STU-10283,-0.29370303578149937,-0.3882746276935638,1.3695011174828546,0.3640336258565391,-0.2,-0.6066797642436149,0.8612550374208405,1.0,0.0,0.0,0.0,1.0,0.0,0.0,3.9
STU-10287,-0.30759214639609295,0.7533885807654201,1.3985107533152335e-15,-0.4789693321304595,1.8,-0.3834970530451866,0.013816925734024297,1.0,0.0,0.0,0.0,0.0,0.0,1.0,2.7
STU-12705,0.09519206142713017,-0.2567929617728628,-0.9136444164873866,2.5083712471438555,0.2,0.42121807465618866,1.3471502590673579,1.0,0.0,0.0,0.0,1.0,0.0,0.0,3.22
STU-14223,1.7896635564075856,0.0,-0.9097079586701973,-1.051883963772109,0.2,-0.12730844793713172,0.9579735175590102,0.0,1.0,0.0,0.0,1.0,0.0,0.0,3.75
STU-12483,0.48408715863575846,-0.01969487568635282,-0.5465697250344133,0.805996341694383,0.4,-1.21335952848723,0.7668393782383423,0.0,1.0,0.0,0.0,0.0,0.0,1.0,3.89
STU-10530,1.6924397821054278,0.9897681878031828,1.5043247977216152,-1.3383412795929335,0.6,1.4113948919449901,-0.14507772020725387,0.0,1.0,0.0,0.0,1.0,0.0,0.0,6.52
STU-13254,-0.4048159206982506,-1.4013300864268352,-0.41469838815854543,0.4786165521848687,1.4,-1.068762278978389,-0.6793321819228555,1.0,0.0,0.0,1.0,0.0,0.0,0.0,2.16
STU-14250,0.6090891541671046,0.7059689635481183,0.639288192394096,0.3149266574301116,-0.6,-0.059724950884086296,-0.6816350028785263,0.0,1.0,0.0,0.0,1.0,0.0,0.0,4.83
STU-14739,0.0,0.3474479182233644,-1.0907850182609409,-0.04519111103035332,-0.8,8.578147954968502,-0.4997121473805412,0.0,1.0,0.0,1.0,0.0,0.0,0.0,4.52
STU-10348,-0.9881585665111943,0.06795956826078117,-1.6458255704847413,-0.6426592268852166,2.0,-0.38506876227897835,-0.9740932642487047,1.0,0.0,0.0,0.0,1.0,0.0,0.0,3.03
STU-12519,1.7896635564075856,0.31080548673726804,0.09310467025897363,0.0,0.6,0.11944990176817287,0.5503742084052965,1.0,0.0,0.0,0.0,1.0,0.0,0.0,5.44
STU-14202,0.44241982679197767,-0.5168823774192773,0.3971960366369071,-1.4611087006590013,0.2,-0.05186640471512772,-0.5618883131836501,0.0,1.0,0.0,0.0,0.0,0.0,1.0,4.7
STU-11928,-0.07147726594799676,0.04784215489586507,-0.644981170464165,0.33129564690558766,1.2,-0.06758349705304516,-0.356937248128958,1.0,0.0,0.0,0.0,0.0,1.0,0.0,3.54
STU-10309,-0.8214892391360673,-0.3624093819386718,-0.651869971644247,-0.42986236370403197,0.6,-0.8015717092337918,-0.5480713874496258,1.0,0.0,0.0,0.0,1.0,0.0,0.0,3.47
STU-12328,-1.113160562042539,-1.675070603999442,-1.3171313427493698,-0.8554560900664004,1.0,-0.9414538310412576,1.899827288428325,0.0,1.0,0.0,0.0,0.0,0.0,1.0,3.15
STU-12719,-0.4881505843858135,1.0623345717266302,0.49954393988384965,-0.45441584791724576,0.8,0.06129666011787829,0.0,1.0,0.0,1.0,0.0,0.0,0.0,0.0,4.68
STU-10136,1.3868793485843625,1.0623345717266302,0.09113644135037899,-1.5102156690854283,-0.2,0.3787819253438115,-0.048359240069084625,1.0,0.0,0.0,1.0,0.0,0.0,0.0,5.6
STU-14303,-1.3076081106468547,1.0623345717266302,1.4315003281035994,1.4198334470247216,-1.0,0.44793713163064836,-0.5158318940702361,1.0,0.0,0.0,0.0,0.0,1.0,0.0,3.94
STU-12511,-1.2659407788030725,0.3474479182233644,-0.12832108195796796,1.370726478598294,-0.8,-0.4825147347740669,0.6240644789867589,1.0,0.0,0.0,0.0,0.0,0.0,1.0,3.51
STU-11915,-0.5020396950004083,0.0,1.5043247977216152,1.3052505206963911,1.0,-0.025147347740668003,-0.2832469775474956,1.0,0.0,1.0,0.0,0.0,0.0,0.0,4.93
STU-12958,0.0,0.27057066000743585,0.14526273633674222,-1.9439938901855343,-0.6,1.1724950884086445,-0.8750719631548648,0.0,1.0,0.0,0.0,0.0,0.0,1.0,4.44
STU-11764,1.6646615608762405,0.6686080530132736,-0.23952601529358708,-0.3562019110643915,2.0,0.5218074656188606,-0.45365572826712725,0.0,1.0,0.0,0.0,0.0,1.0,0.0,5.11
STU-12279,0.7340911496984495,0.2842217619336287,-2.0906453038272192,0.3722181205942768,0.2,-0.6286836935166995,-0.2164651698330454,0.0,1.0,1.0,0.0,0.0,0.0,0.0,3.74
STU-11827,-1.529833880480356,-0.7683500444807275,-1.557255269597964,0.1184987837244038,0.8,-0.5233791748526524,0.07138744962579172,1.0,0.0,1.0,0.0,0.0,0.0,0.0,2.92
STU-13460,1.2479882424384239,-0.235238590310453,1.182519371166327,-1.0928064374607982,0.2,-0.11159135559921401,0.38917674150834786,1.0,0.0,0.0,0.0,0.0,0.0,1.0,4.62
STU-11145,1.6368833396470521,1.040061721215473,1.1165837027283931,-0.15977403735868367,-0.2,0.2577603143418469,0.7461139896373057,0.0,1.0,0.0,1.0,0.0,0.0,0.0,5.48
STU-12585,0.1924158357292866,-0.5377182698329398,0.302721049024346,0.0,-0.4,-0.02200392927308457,0.9810017271157171,1.0,0.0,0.0,0.0,0.0,1.0,0.0,4.06
STU-12670,0.9007604770735764,0.8087114675189389,1.2041698891608723,2.156437973421128,0.4,0.3929273084479372,1.6833621185952794,0.0,1.0,0.0,1.0,0.0,0.0,0.0,5.39
STU-12085,-0.39092681008365704,0.12543789216054102,-1.3604323787384605,0.8960257838094988,-0.6,-0.2939096267190569,-0.16580310880829013,1.0,0.0,0.0,1.0,0.0,0.0,0.0,3.53
STU-12640,0.3590851631044136,0.5112611413376806,0.9837282513982274,0.7814428574811692,1.0,0.45893909626719065,1.2204951065054694,1.0,0.0,0.0,0.0,1.0,0.0,0.0,5.34
STU-10505,0.3174178312606327,-0.3595354657436844,-0.7502814170739989,-0.5853677637210514,-0.4,-0.06444007858546172,-0.17962003454231443,0.0,1.0,0.0,0.0,0.0,0.0,1.0,4.93
STU-12970,0.5674218223233225,0.38049795446572704,0.46116347616624637,0.38858711006975283,-0.2,-0.23889980353634574,0.7737478411053542,1.0,0.0,0.0,0.0,1.0,0.0,0.0,4.19
STU-12826,-1.2103843363446969,1.0436541164592077,0.843983998887981,0.5850149837754607,-1.0,-0.9980353634577604,0.06447898675877957,1.0,0.0,0.0,1.0,0.0,0.0,0.0,3.62
STU-12627,-1.1687170045009148,1.0623345717266302,1.3183271658593843,-0.037006616292615646,0.8,0.15402750491159145,0.9326424870466322,0.0,1.0,0.0,0.0,1.0,0.0,0.0,3.75
STU-10237,1.2479882424384239,1.0335954097767497,-0.6725363751844957,0.0,-1.0,0.27347740667976433,-0.5020149683362118,0.0,1.0,1.0,0.0,0.0,0.0,0.0,4.59
STU-10467,1.7896635564075856,-0.010354648052642138,0.5881142407706255,0.16760575215083057,0.2,-0.4557956777996072,-0.47207829591249284,0.0,1.0,1.0,0.0,0.0,0.0,0.0,5.47
STU-14155,-1.1409387832717277,0.0,-0.5386968094000333,0.5850149837754607,0.2,-0.15717092337917488,2.270581462291307,1.0,0.0,0.0,1.0,0.0,0.0,0.0,3.18
STU-13372,-0.15481192963556084,0.6154406034059959,-0.29463642473424834,-0.6262902374097405,0.8,1.4805500982318274,-0.4052964881980426,1.0,0.0,0.0,0.0,0.0,0.0,1.0,4.86
STU-14440,-0.3214812570106865,1.0623345717266302,-1.0120558619171385,-2.8852107850253867,0.4,-0.707269155206287,-0.7253886010362696,1.0,0.0,0.0,0.0,0.0,1.0,0.0,3.72
STU-10484,0.9979842513757329,0.4753371889003306,1.264200870873021,-1.0682529532475844,0.2,0.8000000000000004,1.4553828439838803,1.0,0.0,0.0,1.0,0.0,0.0,0.0,5.01
STU-13766,0.4701980480211648,1.0623345717266302,0.19643668796021277,0.22489721531499574,0.8,1.846758349705305,0.7207829591249281,1.0,0.0,0.0,0.0,0.0,0.0,1.0,4.68
STU-12688,-0.9326021240528186,1.0623345717266302,-0.8939621274014373,-1.1828358795759146,-0.2,0.5815324165029472,0.12895797351755914,1.0,0.0,0.0,1.0,0.0,0.0,0.0,3.94
STU-12513,-0.5298179162295955,0.5349709499463315,-0.872311609406892,1.6981062681078083,0.2,0.18703339882121803,0.1128382268278642,1.0,0.0,0.0,0.0,0.0,1.0,0.0,3.89
STU-13277,-0.11314459779177881,1.0623345717266302,0.8302063965278157,0.1184987837244038,2.4,0.02200392927308457,-0.8198042602187681,0.0,1.0,0.0,0.0,0.0,0.0,1.0,4.12
STU-14832,-0.349259478239875,1.0623345717266302,0.251547097400874,-0.3807553952776052,0.2,1.8719056974459731,0.9902130109383996,0.0,1.0,0.0,0.0,0.0,0.0,1.0,5.13
STU-13477,1.3868793485843625,0.767039682691613,0.8390634266164924,0.15942125741309288,0.6,0.4322200392927309,0.5365572826712726,1.0,0.0,0.0,1.0,0.0,0.0,0.0,5.02
STU-10248,0.8174258133860123,-0.781282667358173,0.4759251929807083,-0.3070949426379647,-0.4,0.8062868369351672,-0.356937248128958,0.0,1.0,0.0,0.0,0.0,1.0,0.0,4.73
STU-12290,0.91464958768817,-0.4773660297381925,1.425595641377814,0.25763519426594716,-1.0,0.0,-0.22337363270005756,0.0,1.0,0.0,0.0,1.0,0.0,0.0,4.41
STU-12565,-0.2381465933231237,-1.5098204227876315,-0.0456554677969761,-0.1352205531454699,0.8,-0.8361493123772102,1.0984455958549226,1.0,0.0,0.0,0.0,0.0,1.0,0.0,3.14
STU-10868,-0.5992634693025648,1.0623345717266302,0.25351532630947005,0.6914134153660526,-0.8,2.0636542239685665,-0.4075993091537133,0.0,1.0,0.0,1.0,0.0,0.0,0.0,5.01
STU-11547,0.6507564860108854,1.0623345717266302,-0.17949503358143853,1.0106087101378292,0.6,0.4557956777996072,0.508923431203224,1.0,0.0,0.0,0.0,0.0,1.0,0.0,4.78
STU-10472,0.3174178312606327,-1.1347743593416975,-1.181323548056313,-0.3643864058021299,-0.4,-1.1583497053045189,-0.9073114565342545,1.0,0.0,0.0,0.0,0.0,1.0,0.0,3.79
STU-13955,-1.3770536637198239,-1.6132814058072,-1.1478636566101967,-0.9209320479683033,-1.0,-0.9728880157170924,-0.37305699481865295,0.0,1.0,1.0,0.0,0.0,0.0,0.0,2.52
STU-12516,0.9840951407611392,1.0623345717266302,1.5043247977216152,-0.8718250795418758,0.0,0.8094302554027507,-0.20495106505469196,1.0,0.0,0.0,0.0,1.0,0.0,0.0,4.59
STU-12599,-0.9742694558966007,0.7842831798615406,1.3985107533152335e-15,1.4198334470247216,-0.4,0.1603143418467583,0.8221070811744386,1.0,0.0,0.0,0.0,1.0,0.0,0.0,4.05
STU-14055,0.0,-1.2346429471175304,-2.8110170843730025,0.7077824048415287,-0.6,-0.719842829076621,0.2510074841681059,1.0,0.0,0.0,0.0,0.0,1.0,0.0,2.12
STU-11296,0.2896396100314443,0.5213198480201386,-0.004322660716480166,2.320127868175885,0.2,-0.27347740667976433,1.2274035693724816,0.0,1.0,0.0,0.0,1.0,0.0,0.0,3.94
STU-13792,-1.1964952257301034,-0.08938734341481179,-1.3368136318353205,0.5359080153490339,0.6,-0.2593320235756386,1.4899251583189408,1.0,0.0,0.0,0.0,0.0,0.0,1.0,3.98
STU-14117,-0.2381465933231237,1.0623345717266302,0.5280832590584769,0.6750444258905772,0.4,0.40235756385068777,-0.18192285549798506,1.0,0.0,0.0,0.0,0.0,1.0,0.0,7.695334957521515
STU-10186,1.7896635564075856,0.39774145163565466,0.6629069392972373,-0.24161898473606186,-1.0,0.46051080550098233,2.80944156591825,0.0,1.0,1.0,0.0,0.0,0.0,0.0,5.32
STU-10823,-0.8492674603652558,-1.0140698791522018,-1.1951011504164781,-1.0191459848211575,0.2,-0.8911591355599215,-0.7530224525043179,1.0,0.0,0.0,0.0,0.0,0.0,1.0,3.58
STU-13039,0.6924238178546674,1.0623345717266302,1.4206750691063268,0.012100352133811124,1.6,0.07229862475442057,-0.7000575705238918,0.0,1.0,0.0,0.0,0.0,0.0,1.0,4.63
STU-12398,-0.3353703676252814,-1.2662560252623984,-0.6735204896387923,2.8848580050797956,-1.0,-0.3944990176817289,1.0823258491652277,1.0,0.0,0.0,1.0,0.0,0.0,0.0,3.35
STU-12354,0.44241982679197767,0.2554825999837483,-0.7050121521763136,0.3149266574301116,-0.6,0.17445972495088402,0.6862406447898676,1.0,0.0,0.0,0.0,0.0,1.0,0.0,4.08
STU-11103,-0.08536637656259037,0.0,-1.234465728588378,0.0,0.0,0.1493123772102163,0.07369027058146237,1.0,0.0,0.0,0.0,1.0,0.0,0.0,4.12
STU-12465,-2.293734964283021,-0.7374554453846061,0.020280200640957792,1.5917078365172157,-0.2,-0.5783889980353635,2.196891191709845,0.0,1.0,0.0,0.0,1.0,0.0,0.0,3.56
STU-12186,-0.4881505843858135,0.0,-1.3250042583837498,1.6080768259926923,1.2,-0.6113948919449904,0.478986758779505,1.0,0.0,0.0,0.0,0.0,0.0,1.0,2.83
STU-14600,-1.085382340813352,0.03634649011591331,-0.8988826996729247,0.41314059428296585,-0.2,-0.6664047151277015,-0.09671848013816925,1.0,0.0,0.0,0.0,0.0,1.0,0.0,3.62
STU-11601,1.2896555742822047,0.4796480631928128,0.26926115757823005,-1.0928064374607982,-0.8,0.3080550098231829,-0.32700057570523894,1.0,0.0,0.0,0.0,1.0,0.0,0.0,4.03
STU-13816,-0.5437070268441891,-0.8804327760852597,-0.6125053934723471,0.5277235206112962,-1.0,0.02671905697445972,-0.683937823834197,0.0,1.0,0.0,0.0,0.0,0.0,1.0,4.48
STU-11745,0.48408715863575846,0.9466594448783632,1.013251685027154,0.33129564690558766,-1.0,-0.5563850687622789,0.8750719631548648,1.0,0.0,0.0,0.0,0.0,1.0,0.0,4.92
STU-14045,0.08130295081253533,0.08089219113822767,1.0024264260298814,0.2821886784791602,-0.2,-0.6035363457760315,0.47207829591249284,1.0,0.0,0.0,0.0,0.0,1.0,0.0,4.48
STU-13950,0.4007524949481956,1.0623345717266302,-0.7985030253345782,-1.7803039954307773,0.0,0.04243614931237715,0.2671272308578009,1.0,0.0,0.0,1.0,0.0,0.0,0.0,3.74
STU-10704,0.1507485038855058,1.0623345717266302,0.7603342702726912,0.0,1.6,0.7512770137524558,0.14968336211859537,1.0,0.0,0.0,0.0,0.0,1.0,0.0,4.99
STU-11932,0.48408715863575846,-2.4201333775500813,-0.2749541356482977,0.0,0.8,-1.5512770137524559,-0.16119746689694883,0.0,1.0,1.0,0.0,0.0,0.0,0.0,2.45
STU-13863,-0.30759214639609295,-1.2985875824560136,-0.9845006571968091,-0.02063762681713957,-0.6,-0.46051080550098233,0.14738054116292473,1.0,0.0,1.0,0.0,0.0,0.0,0.0,3.63
STU-14209,-0.349259478239875,-0.30996041138014047,0.3784978620052545,-0.31527943737570235,-0.2,-0.5972495088408644,0.9027058146229134,1.0,0.0,0.0,0.0,0.0,1.0,0.0,3.31
STU-11229,-1.8353943140014226,-0.5075421497855657,-1.2275769274082962,-0.8309026058531868,-0.6,-1.1237721021611002,-0.3914795624640185,0.0,1.0,0.0,0.0,0.0,1.0,0.0,3.3
STU-12174,0.08130295081253533,1.0623345717266302,0.252531211855172,-0.07792908998130474,0.8,0.9115913555992141,0.531951640759931,1.0,0.0,0.0,0.0,1.0,0.0,0.0,4.27
STU-13749,0.7757584815422303,-0.06639601385490725,0.18167497114575085,1.1170071417284204,-1.0,0.3174852652259332,-0.025331030512377537,0.0,1.0,0.0,0.0,0.0,0.0,1.0,4.43
STU-12563,-0.6548199117609405,0.9013952648073025,0.3440538561048405,-0.48715382686819714,0.4,0.13202357563850686,-0.3246977547495683,1.0,0.0,0.0,0.0,0.0,0.0,1.0,3.82
STU-12222,-0.140922819020966,-0.9874861543485625,-0.19524086485019848,0.43769407849617964,0.0,-0.4935166994106092,0.09211283822682796,1.0,0.0,0.0,0.0,1.0,0.0,0.0,4.25
STU-14564,-1.4881665486365752,0.07155196350451597,0.19151611568872548,0.4458785732339173,-0.2,-0.6852652259332024,-0.04605641911341398,1.0,0.0,0.0,0.0,0.0,0.0,1.0,4.03
STU-10017,1.5118813441157073,-1.883429528136072,0.4237671269029397,0.8878412890717611,-0.6,0.0,-0.5757052389176742,0.0,1.0,0.0,0.0,0.0,1.0,0.0,3.38
STU-10443,-0.349259478239875,-0.07861015768360638,0.9463319021349221,1.1579296154171101,0.0,0.16345776031434203,1.6741508347725969,0.0,1.0,0.0,0.0,0.0,1.0,0.0,4.96
STU-14641,-0.16870104025015445,-1.7979305213351793,-1.1951011504164781,1.0187932048755668,0.6,-0.22946954813359519,-0.45826137017846863,1.0,0.0,0.0,0.0,0.0,0.0,1.0,3.05
STU-10356,0.08130295081253533,0.03634649011591331,1.3985107533152335e-15,-0.6426592268852166,-0.6,-1.1410609037328097,0.8888888888888891,0.0,1.0,0.0,0.0,1.0,0.0,0.0,3.53
STU-13212,-1.8492834246160161,-1.4580899312778477,-2.6948915787658954,0.5604614995622477,2.2,-0.619253438113949,0.7115716753022455,1.0,0.0,0.0,0.0,0.0,0.0,1.0,1.62
STU-11380,-0.2103683720939365,0.9258235524646997,-1.0514204400890397,1.7472132365342359,-0.6,0.1587426326129666,2.3765112262521595,1.0,0.0,0.0,0.0,0.0,0.0,1.0,3.92
STU-12556,0.8590931452297944,-0.7029684510447497,-0.08403593151457937,-2.0176543428251748,-0.2,-0.25461689587426317,0.013816925734024297,1.0,0.0,0.0,0.0,0.0,0.0,1.0,4.39
STU-11973,-1.1270496726571329,-0.8840251713289946,-0.3084140270944136,-0.31527943737570235,0.6,-0.8974459724950885,-0.5964306275187105,1.0,0.0,0.0,0.0,0.0,0.0,1.0,2.62
STU-10828,0.09519206142713017,1.0623345717266302,1.4354367859207886,0.24945069952820875,1.8,0.4463654223968566,0.5895221646516984,1.0,0.0,0.0,1.0,0.0,0.0,0.0,4.87
STU-13496,1.1090971362924842,0.7756614312765773,0.8479204567051704,-0.2743569636870133,0.6,0.4888015717092338,0.17962003454231443,0.0,1.0,0.0,0.0,0.0,0.0,1.0,5.14
STU-12981,1.7896635564075856,1.0623345717266302,0.9729029924009548,0.13486777319987914,0.8,0.6271119842829078,-0.0069084628670121485,1.0,0.0,0.0,0.0,0.0,0.0,1.0,5.86
STU-13228,-1.1409387832717277,-1.208059222313891,-0.34876271972061157,0.7978118469566453,-0.6,-0.5626719056974461,0.4605641911341394,1.0,0.0,0.0,1.0,0.0,0.0,0.0,3.21
STU-11563,0.23408316757306866,-0.12243737965717337,-0.06533775688292674,0.4949855416603448,1.2,-0.5170923379174852,0.050662061024755276,1.0,0.0,0.0,0.0,0.0,1.0,0.0,4.63
STU-10736,0.0,0.10675743689311964,0.9492842454978149,1.6571837944191186,0.8,0.9367387033398822,0.24640184225676465,1.0,0.0,0.0,0.0,0.0,1.0,0.0,5.6
STU-11741,-0.8214892391360673,1.0623345717266302,-1.1380225120672207,0.5850149837754607,-1.0,-0.14302554027504916,0.4421416234887738,1.0,0.0,0.0,0.0,0.0,1.0,0.0,3.13
STU-11515,0.16463761450009942,-1.4042040026218225,-0.5475538394887098,0.1512367626753552,0.0,-1.6031434184675837,-0.9648819804260219,1.0,0.0,0.0,0.0,0.0,0.0,1.0,3.48
STU-10989,0.7202020390838558,0.7964973236902397,-0.4520947374218507,0.7732583627434315,-1.0,0.5469548133595287,-0.06217616580310872,0.0,1.0,0.0,0.0,0.0,0.0,1.0,4.78
STU-12806,0.12297028265631738,1.0623345717266302,-0.10863879287201733,-0.8636405848041382,-1.0,0.22632612966601176,-0.6954519286125505,1.0,0.0,0.0,1.0,0.0,0.0,0.0,3.63
STU-11037,-0.2520357039377173,-2.7283608894625444,1.3985107533152335e-15,-1.8375954585949423,-1.0,-0.8534381139489196,-0.1980426021876798,1.0,0.0,0.0,0.0,1.0,0.0,0.0,2.26
STU-12925,0.9285386983027636,0.5292231175563556,0.4277035847201304,1.0269776996133044,-1.0,1.4695481335952851,-1.0385722510074842,1.0,0.0,0.0,0.0,0.0,0.0,1.0,5.68
STU-10027,-0.9881585665111943,-0.5348443536379524,-0.9884371150139984,-0.49533832160593483,-1.0,-0.8361493123772102,-0.42832469775474963,0.0,1.0,1.0,0.0,0.0,0.0,0.0,2.92
STU-14805,-0.6409308011463468,0.08592154447945619,0.44344941598889037,0.10212979424892772,0.0,0.2530451866404715,1.1145653425446176,0.0,1.0,0.0,0.0,0.0,0.0,1.0,4.4
STU-11139,1.3868793485843625,1.0623345717266302,1.5043247977216152,-0.8881940690173519,0.8,0.0,0.16810592976396097,0.0,1.0,0.0,0.0,0.0,0.0,1.0,5.53
STU-14733,0.24797227818766227,0.5974786271873209,-1.5306841793319315,0.9369482574981887,1.2,0.4825147347740669,0.6401842256764538,1.0,0.0,1.0,0.0,0.0,0.0,0.0,3.87
STU-12538,0.8868713664589816,0.10603895784437228,-0.8427881757779654,-0.23343448999832417,-0.4,-0.587819253438114,-0.07138744962579152,0.0,1.0,1.0,0.0,0.0,0.0,0.0,3.52
STU-11234,-0.05758815533340317,1.0623345717266302,-0.4432377073331741,-0.49533832160593483,0.6,1.4223968565815326,0.6632124352331606,1.0,0.0,0.0,0.0,0.0,1.0,0.0,4.47
STU-13325,1.3591011273551752,0.7469222693266969,1.3985107533152335e-15,1.1824830996303233,-0.8,0.6082514734774069,0.5826137017846864,0.0,1.0,1.0,0.0,0.0,0.0,0.0,6.22
STU-13430,0.7618693709276366,0.6722004482570084,-0.2267325273877198,-1.264680826953293,1.4,0.0,0.6378814047207831,1.0,0.0,0.0,0.0,0.0,1.0,0.0,4.48
STU-13736,0.23408316757306866,0.02844322057969634,-1.6064609923128401,1.2725125417454406,0.2,0.0,-0.24179620034542315,0.0,1.0,0.0,0.0,1.0,0.0,0.0,4.28
STU-11241,0.0,0.6082558129185264,-0.39206375570970214,0.7814428574811692,0.2,-0.08015717092337915,0.12435233160621764,1.0,0.0,0.0,0.0,0.0,0.0,1.0,4.47
STU-12610,1.7896635564075856,-0.8035555178693302,-0.5987277911121818,0.1430522679376168,-0.8,-0.32220039292730834,0.4812895797351756,1.0,0.0,0.0,0.0,0.0,0.0,1.0,5.11
STU-12312,-1.4881665486365752,-0.4479083887395647,-0.20409789493887648,1.2970660259586535,0.8,-0.34734774066797636,-1.0086355785837653,1.0,0.0,0.0,0.0,0.0,1.0,0.0,2.88
STU-13127,-0.5714852480733775,0.0047334119710454444,-0.37828615334953686,0.044838331084762546,-0.4,-0.10058939096267201,-0.05526770293609678,0.0,1.0,0.0,0.0,1.0,0.0,0.0,4.86
STU-10211,-1.4742774380219803,-1.0866362630756483,0.5467814336901295,0.22489721531499574,0.8,0.5108055009823184,0.2625215889464596,1.0,0.0,0.0,0.0,0.0,0.0,1.0,2.8
STU-13319,-0.39092681008365704,0.872656102857422,1.5043247977216152,0.3558491311188014,0.6,-0.4935166994106092,1.641911341393207,1.0,0.0,0.0,0.0,0.0,1.0,0.0,4.71
STU-11950,-0.8909347922090366,1.0623345717266302,1.5043247977216152,-1.0600684585098468,-0.2,0.03614931237721029,0.9395509499136446,1.0,0.0,0.0,0.0,0.0,0.0,1.0,4.52
STU-11763,-0.6548199117609405,-1.2497310071412182,-3.4201839315831664,-0.41349337422855664,0.8,-0.4683693516699412,-0.0990213010938399,1.0,0.0,0.0,0.0,0.0,1.0,0.0,2.31
STU-10263,-0.30759214639609295,0.9955160201931587,0.7750959870871544,0.830549825907596,0.2,0.2577603143418469,-0.6424870466321244,1.0,0.0,0.0,0.0,0.0,1.0,0.0,4.91
STU-14538,1.1090971362924842,1.0623345717266302,0.9099196673259136,-1.6493520796269716,-1.0,1.389390962671906,0.69314910765688,1.0,0.0,0.0,0.0,1.0,0.0,0.0,5.68
STU-11138,1.3591011273551752,1.0623345717266302,0.7642707280898818,0.11031428898666538,0.2,0.0,0.432930339666091,0.0,1.0,0.0,0.0,0.0,0.0,1.0,5.82
STU-14365,1.3729902379697687,-0.4443159934958299,0.8489045711594684,0.6013839732509367,0.4,-0.8392927308447938,0.03223949337938989,1.0,0.0,0.0,0.0,0.0,0.0,1.0,4.26
STU-13391,0.6368673753962918,1.0623345717266302,1.5043247977216152,-0.5771832689833137,-0.2,1.2023575638506878,-0.0023028209556706478,1.0,0.0,0.0,0.0,0.0,0.0,1.0,5.15
STU-13101,1.0952080256778904,1.0623345717266302,-0.6754887185473883,1.0106087101378292,0.8,0.44950884086444004,0.753022452504318,1.0,0.0,1.0,0.0,0.0,0.0,0.0,5.28
STU-13731,-0.5298179162295955,-0.9149197704251151,-0.8270423445092054,0.1921592363640443,-1.0,-0.982318271119843,-0.8290155440414508,1.0,0.0,0.0,0.0,1.0,0.0,0.0,3.38
STU-14465,-1.7520596503138586,-1.7497924250691301,-0.07714713033449601,0.9615017417114017,2.0,-0.004715127701375146,-0.9694876223373634,1.0,0.0,1.0,0.0,0.0,0.0,0.0,3.52
STU-13473,-0.9187130134382251,-0.11309715202346268,1.5043247977216152,-1.035514974296633,0.2,0.19017681728880173,-0.895797351755901,1.0,0.0,1.0,0.0,0.0,0.0,0.0,3.82
STU-13203,-0.8214892391360673,-0.5420291441254219,0.3233874525645932,-1.2564963322155551,1.8,0.13831041257367402,-0.5342544617156016,0.0,1.0,0.0,0.0,0.0,0.0,1.0,3.49
STU-11814,1.039651583219515,1.0623345717266302,0.4227830124486431,1.1661141101548478,1.2,0.28447937131630663,0.20495106505469216,1.0,0.0,0.0,1.0,0.0,0.0,0.0,5.25
STU-11374,1.7896635564075856,0.8805593723936389,-0.17162211794705856,-0.9127475532305657,1.6,0.1241650294695483,1.3978123200921129,1.0,0.0,0.0,1.0,0.0,0.0,0.0,4.42
STU-14525,1.0952080256778904,1.0623345717266302,1.5043247977216152,-3.106192142944309,-0.6,1.0844793713163068,0.7714450201496836,1.0,0.0,0.0,0.0,1.0,0.0,0.0,4.82
STU-13031,0.5118653798649468,1.0623345717266302,1.3985107533152335e-15,1.46075592071341,0.8,0.42436149312377236,0.050662061024755276,0.0,1.0,1.0,0.0,0.0,0.0,0.0,4.24
STU-11061,-0.18259015086474806,-0.8696555903540544,0.471988735163519,1.1824830996303233,0.4,-0.1477406679764243,-0.0805987334484743,1.0,0.0,0.0,0.0,0.0,1.0,0.0,3.29
STU-14224,-0.8909347922090366,0.0,-1.3525594631040805,1.2806970364831782,-0.6,-0.9288801571709235,0.15659182498560753,0.0,1.0,0.0,0.0,1.0,0.0,0.0,3.72
STU-10498,-0.7520436860630981,0.1405259521842286,-0.31235048491160294,2.009117068141847,0.4,0.2719056974459726,0.3914795624640185,1.0,0.0,0.0,0.0,1.0,0.0,0.0,4.65
STU-13356,-1.8215052033868278,1.0623345717266302,-0.660727001732925,1.1579296154171101,0.8,-0.9587426326129667,-0.7000575705238918,1.0,0.0,0.0,1.0,0.0,0.0,0.0,2.29
STU-13306,-0.41870503131284426,1.0623345717266302,-0.7581543327083788,-0.32346393211344004,-0.6,0.13045186640471515,0.5964306275187107,1.0,0.0,1.0,0.0,0.0,0.0,0.0,4.69
STU-10658,1.039651583219515,1.0623345717266302,-0.3290804306346609,1.1415606259416349,0.8,1.4742632612966604,-0.9556706966033394,1.0,0.0,0.0,0.0,0.0,0.0,1.0,4.79
STU-14526,1.4285466804281444,1.0623345717266302,-0.46291999641912335,-1.8375954585949423,-0.2,0.36149312377210235,-0.5734024179620035,1.0,0.0,1.0,0.0,0.0,0.0,0.0,4.45
STU-13320,0.9563169195319521,1.0623345717266302,1.255343840784343,-1.5675071322495933,0.2,0.844007858546169,-1.1583189407023604,1.0,0.0,0.0,1.0,0.0,0.0,0.0,4.83
STU-14226,0.6507564860108854,1.0623345717266302,0.29780047675285726,-0.09429807945678081,-0.4,0.9414538310412576,0.6194588370754176,1.0,0.0,0.0,0.0,1.0,0.0,0.0,4.87
STU-10705,-2.474293402272741,-0.45437470017828796,-1.039611066637469,0.5686459942999853,0.4,-0.6145383104125738,-0.43983880253310303,1.0,0.0,0.0,0.0,1.0,0.0,0.0,2.65
STU-11312,-0.7937110179068801,0.4171403859518234,-0.5859343032063131,0.0,1.2,-0.15717092337917488,0.18192285549798506,1.0,0.0,0.0,0.0,0.0,0.0,1.0,3.0
STU-14758,-1.4881665486365752,-1.9531219958645312,-0.2523195031994544,-0.10248257419451849,-0.4,-1.0184675834970531,-0.5342544617156016,1.0,0.0,1.0,0.0,0.0,0.0,0.0,3.49
STU-13384,0.08130295081253533,-0.358816986694937,-0.9057715008530066,0.6668599311528396,0.0,0.19960707269155203,-0.3937823834196892,0.0,1.0,0.0,0.0,0.0,0.0,1.0,3.79
STU-11334,0.12297028265631738,-0.3257669504525744,0.21907132040905608,-0.3562019110643915,0.8,0.9508840864440079,0.14277489925158324,0.0,1.0,1.0,0.0,0.0,0.0,0.0,4.81
STU-12021,-0.15481192963556084,-1.137648275536686,-0.7906301097001968,0.020284846871549526,-0.4,-1.1174852652259333,1.1928612550374211,0.0,1.0,0.0,0.0,1.0,0.0,0.0,2.79
STU-13258,0.553532711708729,0.900676785758555,0.18167497114575085,-2.549646500778135,1.2,0.4353634577603143,0.18652849740932656,1.0,0.0,0.0,1.0,0.0,0.0,0.0,5.01
STU-11997,-0.7103763542193161,-1.4085148769143048,-1.4263680471763944,-0.4789693321304595,0.8,-1.376817288801572,1.4231433506044908,1.0,0.0,0.0,0.0,0.0,1.0,0.0,2.28
STU-13190,-1.974285420147361,-0.8595968836715963,1.3985107533152335e-15,-0.8881940690173519,-0.4,-1.6235756385068765,-0.29476108232584924,0.0,1.0,0.0,0.0,1.0,0.0,0.0,3.02
STU-10438,0.0,-0.029753582368810868,-1.9322028766853188,-0.5689987742455761,8.4,-1.0436149312377212,-0.568796776050662,1.0,0.0,0.0,0.0,0.0,1.0,0.0,2.99
STU-13021,1.7896635564075856,1.0623345717266302,0.0035502549178998122,1.2479590575322261,-0.8,0.6899803536345775,0.9694876223373634,1.0,0.0,0.0,1.0,0.0,0.0,0.0,6.13
STU-11893,-0.29370303578149937,1.0623345717266302,1.0526162631990539,1.1415606259416349,-0.2,0.0,1.3010938399539436,0.0,1.0,0.0,0.0,1.0,0.0,0.0,4.61
STU-14315,1.0257624726049213,0.05143455013960089,-1.0779915303550722,0.21671272057725732,0.0,0.7842829076620826,-0.19113413932066786,0.0,1.0,1.0,0.0,0.0,0.0,0.0,4.3
STU-10437,0.6229782647816982,1.0623345717266302,0.19151611568872548,-0.23343448999832417,-0.2,0.5218074656188606,0.8934945308002303,1.0,0.0,0.0,0.0,0.0,0.0,1.0,4.97
STU-13783,0.08130295081253533,-1.0413720830045876,-0.9195491032131718,0.8141808364321206,-1.0,-0.4793713163064832,0.6954519286125506,1.0,0.0,0.0,1.0,0.0,0.0,0.0,4.13
STU-14636,1.1646535787508598,-0.5923226775377122,-1.0031988318284617,-0.9045630584928273,0.6,-1.1552062868369353,0.4145077720207254,0.0,1.0,1.0,0.0,0.0,0.0,0.0,4.59
STU-14927,0.4701980480211648,0.0,-0.9402155067534206,2.2955743839626717,-0.2,0.4919449901768175,-0.66090961427749,0.0,1.0,0.0,0.0,1.0,0.0,0.0,5.85
STU-14748,1.1924317999800482,1.0623345717266302,0.8626821735196336,-0.6099212479342652,0.2,1.0860510805500987,0.13586643638457108,0.0,1.0,0.0,0.0,0.0,0.0,1.0,5.6
STU-10096,0.9979842513757329,0.3862457868557029,1.5043247977216152,0.8387343206453336,1.2,-0.3426326129666012,1.0777202072538863,0.0,1.0,0.0,0.0,1.0,0.0,0.0,4.19
STU-13590,-1.1826061151155085,-0.003888336613918889,0.11672341716211497,-1.7803039954307773,0.2,-0.3819253438113949,-0.455958549222798,1.0,0.0,0.0,0.0,0.0,1.0,0.0,3.31
STU-14243,1.6924397821054278,1.0623345717266302,1.5043247977216152,0.0,0.8,2.792927308447938,0.6401842256764538,1.0,0.0,0.0,0.0,0.0,0.0,1.0,6.18
STU-12510,1.0952080256778904,0.19297492274275993,0.1669132543312875,-0.9454855321815171,0.6,-0.037721021611002006,0.009211283822682796,1.0,0.0,0.0,0.0,0.0,1.0,0.0,3.68
STU-10948,-1.3353863318760417,-1.4897030094227155,0.06358123663004837,-0.2825414584247509,2.6,-0.09901768172888002,0.0069084628670121485,1.0,0.0,0.0,0.0,0.0,0.0,1.0,3.53
STU-10984,-1.252051668188479,-0.6268096718775685,-0.10568644950912466,-0.8881940690173519,-0.2,-1.1599214145383105,-0.27173287276914215,0.0,1.0,0.0,1.0,0.0,0.0,0.0,3.45
STU-12808,-0.19647926147934167,-0.9889231124460562,0.5635113794131875,-0.6099212479342652,1.0,-0.42593320235756377,-0.6632124352331606,1.0,0.0,0.0,0.0,0.0,1.0,0.0,3.9
STU-11088,-0.2520357039377173,0.0,-0.5229509781312719,1.1251916364661594,-0.4,-0.004715127701375146,1.1421991940126657,1.0,0.0,0.0,0.0,0.0,1.0,0.0,5.14
STU-11267,-0.7798219072922853,-0.24386033889541733,-2.775588964018292,0.3149266574301116,0.4,-0.26561886051080547,-0.42832469775474963,1.0,0.0,0.0,0.0,0.0,0.0,1.0,3.1
STU-14950,0.8174258133860123,1.0623345717266302,-0.4471741651503634,0.9287637627604509,-0.4,0.9728880157170924,0.27864133563615434,0.0,1.0,0.0,0.0,0.0,1.0,0.0,4.84
STU-12052,1.7896635564075856,1.0623345717266302,1.5043247977216152,-0.6099212479342652,-0.8,0.5799607072691553,0.35924006908462885,1.0,0.0,0.0,0.0,0.0,1.0,0.0,6.29
STU-13835,1.6785506714908343,0.0,1.3822946053887235,-0.33983292158891615,-1.0,0.28447937131630663,0.0,1.0,0.0,1.0,0.0,0.0,0.0,0.0,4.51
STU-10471,-1.779837871543047,-0.5240671679067469,-0.7679954772513549,-2.197713227055407,3.4,-1.2400785854616898,-0.06678180771445022,1.0,0.0,0.0,0.0,0.0,0.0,1.0,2.28
STU-10788,0.6507564860108854,-0.45796709542202274,-0.9490725368420986,0.0284693416092872,-0.8,0.36149312377210235,0.601036269430052,0.0,1.0,0.0,0.0,0.0,0.0,1.0,3.86
STU-11414,0.91464958768817,0.5644285909449583,-0.015147919713752811,-0.4789693321304595,0.2,0.337917485265226,-0.9763960852043756,1.0,0.0,0.0,1.0,0.0,0.0,0.0,4.15
STU-13761,0.8868713664589816,-0.6224987975850863,-1.0957055905324282,-0.5526297847701,-0.2,0.1948919449901769,0.08750719631548647,0.0,1.0,1.0,0.0,0.0,0.0,0.0,4.66
STU-12303,-0.5992634693025648,-2.87564909445568,0.14231039297384956,0.20852822583951966,1.0,-0.8235756385068764,0.2993667242371906,1.0,0.0,0.0,0.0,1.0,0.0,0.0,2.77
STU-14335,-2.9604122737835277,-1.3747463616231959,-0.2090184672103638,-0.2743569636870133,0.0,-0.5202357563850689,0.2924582613701786,1.0,0.0,0.0,0.0,0.0,1.0,0.0,2.72
STU-11810,-1.085382340813352,0.619751477698478,-0.0190843775309435,0.3804026153320144,1.8,0.7497053045186644,0.0,0.0,1.0,0.0,0.0,0.0,1.0,0.0,4.68
STU-12057,-0.5714852480733775,-0.3638463400361655,-1.031738151003089,0.11031428898666538,-1.0,-0.6302554027504912,0.75993091537133,1.0,0.0,0.0,1.0,0.0,0.0,0.0,3.17
STU-11196,-0.1270337084063724,-0.19069288928813863,1.5043247977216152,0.053022825822500945,-0.2,0.30019646365422403,0.6632124352331606,1.0,0.0,0.0,0.0,0.0,0.0,1.0,3.61
STU-11386,-0.09925548717718521,1.0623345717266302,0.025200772912445102,-0.3807553952776052,0.6,1.1504911591355598,0.10132412204951076,0.0,1.0,0.0,0.0,0.0,0.0,1.0,5.58
STU-11339,-0.6964872436047225,0.0,-2.134930454270607,-0.2170655005228481,0.0,-1.7304518664047155,0.04375359815774333,0.0,1.0,0.0,1.0,0.0,0.0,0.0,2.42
STU-12175,-1.7381705396992648,1.0623345717266302,-0.693202778724743,-0.6181057426720028,1.2,10.673096443164166,-0.27173287276914215,1.0,0.0,0.0,0.0,0.0,0.0,1.0,3.8
STU-11083,0.10908117204172377,-1.5989118248322598,-2.447878850737218,-1.2319428480023416,-0.6,-0.08015717092337915,-0.6447898675877951,1.0,0.0,1.0,0.0,0.0,0.0,0.0,3.55
STU-11733,-1.4048318849490111,-0.6986575767522686,-0.7227262123536682,-1.076437447985322,1.8,-0.688408644400786,-0.766839378238342,0.0,1.0,0.0,0.0,0.0,0.0,1.0,3.39
STU-10839,1.2202100212092355,0.6686080530132736,-0.3881272978925129,-0.9536700269192547,0.6,1.1316306483300593,0.5780080598733451,0.0,1.0,0.0,0.0,1.0,0.0,0.0,5.26
STU-13480,-2.807632057022995,-0.5075421497855657,1.3985107533152335e-15,0.3067421626923739,1.2,-1.3925343811394892,0.12665515256188828,1.0,0.0,0.0,0.0,0.0,0.0,1.0,2.15
STU-10833,-2.1131765262932998,1.0623345717266302,1.5043247977216152,-0.45441584791724576,0.8,0.0,0.0,1.0,0.0,0.0,0.0,0.0,0.0,1.0,3.49
STU-14499,-1.1826061151155085,0.11897158072181878,-0.8221217722377181,-0.5771832689833137,1.2,-0.22475442043222002,0.27864133563615434,1.0,0.0,0.0,1.0,0.0,0.0,0.0,2.97
STU-12344,-0.5298179162295955,-1.2957136662610251,1.3985107533152335e-15,-0.3070949426379647,0.8,-0.5846758349705307,0.43523316062176187,1.0,0.0,1.0,0.0,0.0,0.0,0.0,3.53
STU-14164,0.1507485038855058,-0.6735108100461229,-0.7040280377220156,0.41314059428296585,-0.4,-1.152062868369352,-0.14047207829591238,1.0,0.0,0.0,0.0,1.0,0.0,0.0,3.29
STU-12472,0.7202020390838558,0.05215302918834724,0.6087806443108741,0.830549825907596,0.6,0.4557956777996072,-0.455958549222798,0.0,1.0,0.0,0.0,0.0,1.0,0.0,4.9
STU-10552,0.4701980480211648,-0.621780318536339,0.6619228248429393,-1.0600684585098468,0.2,-0.29862475442043235,0.13586643638457108,1.0,0.0,0.0,0.0,1.0,0.0,0.0,4.67
STU-10672,1.7896635564075856,-0.0053252947114126046,-0.07517890142590138,0.5277235206112962,-0.6,-0.048722986247544293,0.08750719631548647,0.0,1.0,0.0,1.0,0.0,0.0,0.0,4.75
STU-10863,0.6507564860108854,0.5859829624073691,-0.2346054430220998,-0.8554560900664004,-1.0,0.8000000000000004,0.7714450201496836,0.0,1.0,0.0,1.0,0.0,0.0,0.0,3.87
STU-13586,0.0,-1.0966949697581063,-0.9618660247479658,0.5931994785131991,1.6,0.17760314341846772,-1.061600460564191,1.0,0.0,0.0,0.0,0.0,1.0,0.0,3.6
STU-13229,-0.18259015086474806,1.0623345717266302,0.9207449263231862,1.4280179417624592,0.2,0.545383104125737,0.08059873344847451,1.0,0.0,1.0,0.0,0.0,0.0,0.0,5.48
STU-13139,-1.4881665486365752,0.0,-0.4127301592499508,0.0,0.8,-0.2939096267190569,0.1174438687392055,1.0,0.0,0.0,0.0,1.0,0.0,0.0,3.19
STU-14336,0.553532711708729,0.5285046385076083,0.5398926325100476,0.9696862364491393,0.4,0.4526522593320238,0.895797351755901,1.0,0.0,0.0,1.0,0.0,0.0,0.0,4.78
STU-14640,0.7896475921568251,1.0623345717266302,0.4473858738060811,-0.7736111426890223,0.0,0.6239685658153243,-0.3822682786413357,0.0,1.0,0.0,0.0,1.0,0.0,0.0,5.01
STU-12647,-0.09925548717718521,1.0623345717266302,0.36865671746227846,1.1333761312038972,0.0,0.48408644400785866,0.8013816925734024,0.0,1.0,0.0,0.0,0.0,0.0,1.0,4.39
STU-13777,1.5257704547303008,0.33810769058965373,-0.23657367193069442,-0.33164842685117846,-0.4,0.2609037328094303,-0.6908462867012091,0.0,1.0,0.0,0.0,0.0,0.0,1.0,4.48
STU-13116,-2.3631805173559908,-1.6901586640231292,-0.7227262123536682,0.8469188153830713,-0.6,0.0,-0.6516983304548072,1.0,0.0,1.0,0.0,0.0,0.0,0.0,2.3
STU-11365,1.4979922335011138,1.0623345717266302,1.4866107375442592,-0.8309026058531868,1.6,0.4762278978388998,0.7276914219919405,0.0,1.0,1.0,0.0,0.0,0.0,0.0,5.41
STU-11288,0.24797227818766227,-0.3516321962074674,1.5043247977216152,0.8551033101208104,1.6,0.15402750491159145,-0.08750719631548647,0.0,1.0,0.0,1.0,0.0,0.0,0.0,5.54
STU-11128,0.20630494634388147,-1.474614949399029,0.012407285006577812,-0.5853677637210514,1.0,-0.9084479371316307,-0.8221070811744388,0.0,1.0,0.0,0.0,1.0,0.0,0.0,3.02
STU-13478,0.45630893740657125,-0.8121772664542946,-0.7994871397888748,0.4786165521848687,0.2,-1.0561886051080551,-0.44905008635578586,1.0,0.0,0.0,0.0,0.0,0.0,1.0,3.0
STU-14812,-0.41870503131284426,-1.91504260628094,-0.9913894583768911,-1.076437447985322,0.6,-1.181925343811395,0.3293033966609098,1.0,0.0,0.0,0.0,1.0,0.0,0.0,2.04
STU-14402,-0.6964872436047225,-1.6197477172459227,-1.308274312660692,-1.8457799533326802,0.0,-0.913163064833006,0.6908462867012093,1.0,0.0,1.0,0.0,0.0,0.0,0.0,2.48
STU-14990,-0.668709022375534,-3.085444976689804,-0.29168408137135565,0.12668327846214147,-0.4,-0.9901768172888017,-0.6516983304548072,1.0,0.0,0.0,0.0,0.0,0.0,1.0,2.64
STU-14513,-0.5437070268441891,0.5062317879964521,-0.22574841293342177,0.06120732056023862,-0.2,0.5218074656188606,0.4605641911341394,1.0,0.0,0.0,0.0,0.0,1.0,0.0,4.48
STU-14682,-0.5714852480733775,-0.1145341101209564,0.2289124649520321,-0.929116542706041,-0.8,-0.20275049115913546,-0.4444444444444444,1.0,0.0,0.0,0.0,0.0,1.0,0.0,4.4
STU-14711,-0.7520436860630981,0.37618708017324487,0.36373614519079117,0.0,0.4,-0.6286836935166995,0.14968336211859537,0.0,1.0,0.0,0.0,1.0,0.0,0.0,4.76
STU-11281,0.03963561896875452,0.782846221764047,1.5043247977216152,0.1512367626753552,1.4,0.3819253438113949,-0.2440990213010938,0.0,1.0,1.0,0.0,0.0,0.0,0.0,5.0
STU-12091,-0.7520436860630981,1.0623345717266302,0.13738982070236225,0.2821886784791602,-1.0,0.46365422396856604,0.5710995970063327,0.0,1.0,0.0,0.0,0.0,1.0,0.0,4.89
STU-13417,-0.1270337084063724,-0.5053867126393246,0.17281794105707285,0.0,0.4,-0.5862475442043223,-0.24870466321243528,1.0,0.0,0.0,0.0,1.0,0.0,0.0,3.93
STU-14203,-1.4048318849490111,-1.1764461441690233,0.050787748724181084,-0.8554560900664004,-0.4,-1.3406679764243616,-0.3960852043753598,1.0,0.0,0.0,0.0,0.0,0.0,1.0,2.78
STU-10556,-0.6548199117609405,-1.3704354873307136,0.08031118235310634,-0.8881940690173519,-0.4,-0.6223968565815323,-0.07138744962579152,0.0,1.0,0.0,0.0,0.0,1.0,0.0,3.38
STU-10131,0.3590851631044136,1.0623345717266302,-0.644981170464165,-1.6002451112005447,0.0,0.06915520628683687,0.4559585492227981,0.0,1.0,0.0,0.0,0.0,0.0,1.0,3.66
STU-10778,-2.390958738585178,-1.3955822540368583,-0.9953259161940818,0.15942125741309288,-1.0,-1.1253438113948921,-0.40299366724237196,0.0,1.0,0.0,1.0,0.0,0.0,0.0,2.21
STU-11724,0.3174178312606327,1.0623345717266302,0.8370951977078976,-0.23343448999832417,1.0,1.3029469548133599,-0.20955670696603346,1.0,0.0,0.0,0.0,1.0,0.0,0.0,4.28
STU-14771,-0.04369904471880956,-0.3494767590612263,0.9729029924009548,0.5277235206112962,0.0,-0.28447937131630663,-0.713874496257916,1.0,0.0,0.0,0.0,0.0,0.0,1.0,4.85
STU-14033,-0.5298179162295955,-0.490298652615638,1.440357358192276,-0.24161898473606186,-0.2,-0.19332023575638516,-0.0023028209556706478,1.0,0.0,0.0,1.0,0.0,0.0,0.0,4.79
STU-12263,0.10908117204172377,-0.16554612258199403,0.6697957404773193,-0.7081351847871195,0.6,-0.8330058939096269,-0.5780080598733449,1.0,0.0,0.0,0.0,1.0,0.0,0.0,3.89
STU-14065,1.2896555742822047,1.0623345717266302,0.17675439887426353,0.18397474162630664,0.4,0.24990176817288803,2.0702360391479564,0.0,1.0,0.0,0.0,1.0,0.0,0.0,5.76
STU-10045,0.6229782647816982,-2.5437117739345654,1.3985107533152335e-15,-0.028822121554877973,0.0,-1.7304518664047155,-0.009211283822682796,1.0,0.0,0.0,0.0,0.0,0.0,1.0,2.46
STU-11068,0.6785347072400738,-0.15045806255830643,-1.4017651858189564,0.0,-0.2,-1.007465618860511,-0.07829591249280367,1.0,0.0,0.0,0.0,1.0,0.0,0.0,3.22
STU-10241,0.8035367027714188,0.5823905671636334,1.3035654490449209,-0.2170655005228481,-1.0,0.550098231827112,-1.040875071963155,1.0,0.0,0.0,1.0,0.0,0.0,0.0,4.55
STU-10740,0.7063129284692611,0.1441183474279634,1.1096949015483097,0.2330817100527334,-1.0,0.13831041257367402,0.8036845135290731,1.0,0.0,0.0,0.0,0.0,1.0,0.0,4.76
STU-13629,-2.307624074897615,-1.2590712347749289,-1.1173561085269736,-0.8718250795418758,0.2,-1.7304518664047155,0.0,1.0,0.0,0.0,0.0,0.0,0.0,1.0,2.33
STU-12759,1.7757744457929918,0.0,1.5043247977216152,-0.06974459524356708,0.6,0.7717092337917489,0.0046056419113415,1.0,0.0,0.0,0.0,1.0,0.0,0.0,5.15
STU-10126,1.567437786574083,0.3596620620520636,-0.9225014465760646,0.5440925100867715,-0.4,0.6396856581532415,-0.46747265400115146,1.0,0.0,0.0,1.0,0.0,0.0,0.0,4.68
STU-12254,-1.0298258983549764,-1.420729020743004,-1.9085841297821788,-0.028822121554877973,1.0,0.0,1.22279792746114,1.0,0.0,0.0,0.0,0.0,0.0,1.0,2.46
STU-14342,1.3313229061259868,1.0623345717266302,0.2968163622985607,1.2397745627944883,-0.2,1.6408644400785857,0.2579159470351181,1.0,0.0,0.0,0.0,0.0,0.0,1.0,5.02
STU-10558,0.49797626925035327,-0.7726609187732096,1.3985107533152335e-15,0.1921592363640443,-1.0,-0.8094302554027506,0.6609096142774901,1.0,0.0,0.0,0.0,0.0,1.0,0.0,3.58
STU-10720,0.02574650835416092,1.0623345717266302,1.1923605157093018,0.1512367626753552,0.2,1.376817288801572,0.6056419113413932,1.0,0.0,0.0,0.0,1.0,0.0,0.0,4.63
STU-14239,0.7896475921568251,-0.3810898372060942,0.46411581952913905,-0.298910447900227,0.8,-0.7229862475442044,-0.386873920552677,1.0,0.0,0.0,0.0,0.0,0.0,1.0,3.69
STU-10675,1.039651583219515,0.23752062376507327,-0.13619399759234796,0.06120732056023862,-0.8,0.47779960707269176,-0.7230857800805988,1.0,0.0,0.0,0.0,1.0,0.0,0.0,4.74
STU-11670,0.7202020390838558,0.21524777325391609,1.3985107533152335e-15,0.8469188153830713,0.0,0.09115913555992144,0.274035693724813,1.0,0.0,0.0,0.0,0.0,0.0,1.0,4.59
STU-12321,-0.6548199117609405,-1.6836923525844059,-1.2639891622173032,-0.04519111103035332,-1.0,-0.4950884086444009,0.591824985607369,1.0,0.0,0.0,0.0,0.0,1.0,0.0,2.63
STU-12761,-2.071509194449519,-1.1699798327303002,-0.24149424420218174,-0.9373010374437787,1.2,-1.4616895874263265,-0.5826137017846863,1.0,0.0,1.0,0.0,0.0,0.0,0.0,2.82
STU-14311,0.16463761450009942,0.5967601481385736,-0.3645085509893715,1.2806970364831782,0.4,1.111198428290766,1.0017271157167533,1.0,0.0,0.0,0.0,1.0,0.0,0.0,4.51
STU-11562,0.49797626925035327,1.0623345717266302,1.3350571115824421,1.5671543523040026,-0.8,1.5905697445972498,0.9740932642487047,0.0,1.0,0.0,1.0,0.0,0.0,0.0,5.06
STU-13743,0.12297028265631738,0.9172018038797364,-1.4165269026334197,0.4458785732339173,0.0,0.028290766208251432,0.518134715025907,0.0,1.0,1.0,0.0,0.0,0.0,0.0,4.71
STU-12517,-1.5437229910949508,1.0623345717266302,0.9414113298634348,0.3804026153320144,1.4,0.6585461689587426,-0.31778929188255617,1.0,0.0,0.0,0.0,0.0,1.0,0.0,3.9
STU-12340,-0.05758815533340317,0.19225644369401254,-0.3497468341749096,1.2725125417454406,0.6,-0.029862475442043148,-0.3914795624640185,1.0,0.0,0.0,1.0,0.0,0.0,0.0,3.57
STU-12402,1.3452120167405803,-0.8473827398428971,0.664875168205832,-0.4462313531795081,-1.0,0.4463654223968566,-0.10362694300518141,0.0,1.0,0.0,0.0,0.0,1.0,0.0,4.81
STU-14020,0.6646455966254802,-0.3257669504525744,-0.4442218217874707,-0.06156010050582939,1.4,-0.5768172888015718,0.5112262521588946,0.0,1.0,1.0,0.0,0.0,0.0,0.0,5.01
STU-14222,-0.5159288056150019,-2.038621002665424,-1.4303045049935836,-2.5332775113026593,-0.6,-0.3834970530451866,1.22279792746114,1.0,0.0,0.0,0.0,0.0,0.0,1.0,2.94
STU-14591,0.5118653798649468,0.0600562987245642,1.0152199139357487,-0.7163196795248571,-1.0,0.21375245579567775,1.609671848013817,1.0,0.0,0.0,0.0,0.0,0.0,1.0,5.85
STU-14723,0.23408316757306866,1.0623345717266302,1.3970563222031853,0.0,-0.2,1.3453831041257371,-0.5641911341393206,1.0,0.0,0.0,0.0,1.0,0.0,0.0,5.09
STU-10496,-0.43259414192743784,0.41426646975683595,-0.35663563535499154,0.6750444258905772,-0.4,-0.5579567779960707,-0.5204375359815775,1.0,0.0,0.0,0.0,0.0,1.0,0.0,3.53
STU-11101,1.7757744457929918,-0.9041425846939106,-0.1863838347615219,-1.9030714164968452,0.0,-0.7669941060903734,-0.46516983304548076,0.0,1.0,0.0,0.0,1.0,0.0,0.0,4.42
STU-14135,-0.5437070268441891,1.0623345717266302,1.1716941121690545,-1.4692931953967392,0.0,1.0404715127701376,-0.2256764536557282,1.0,0.0,0.0,0.0,1.0,0.0,0.0,4.53
STU-13060,-0.6964872436047225,0.11753462262432404,0.02323254400385046,-0.08611358471904242,0.2,-0.12416502946954802,-0.8911917098445598,0.0,1.0,0.0,0.0,1.0,0.0,0.0,4.23
STU-13686,-1.9603963095327674,-0.78918593689439,0.15116742306252756,0.06939181529797629,2.2,-0.0722986247544203,0.17962003454231443,1.0,0.0,0.0,0.0,1.0,0.0,0.0,3.19
STU-10615,0.33130694187522636,1.0623345717266302,-0.9530089946592878,-0.42986236370403197,0.8,-0.19174852652259344,-0.5595854922279793,1.0,0.0,0.0,0.0,0.0,0.0,1.0,4.55
STU-10252,1.039651583219515,-0.8883360456214767,1.5043247977216152,-0.4707848373927218,-0.6,0.9100196463654227,-0.310880829015544,1.0,0.0,0.0,0.0,1.0,0.0,0.0,4.59
STU-13592,0.45630893740657125,-0.09010582246355917,-1.5424935527835009,0.18397474162630664,-0.6,-0.6585461689587426,-0.02072538860103624,0.0,1.0,0.0,0.0,0.0,0.0,1.0,4.21
STU-13273,-0.3353703676252814,1.0623345717266302,0.4316400425373197,1.7717667207474488,1.2,0.6223968565815327,-0.6079447322970639,0.0,1.0,1.0,0.0,0.0,0.0,0.0,5.16
STU-14153,-2.5159607341165233,0.3934305773431725,1.5043247977216152,1.0269776996133044,-0.4,0.02200392927308457,-1.0546919976971791,1.0,0.0,0.0,0.0,0.0,0.0,1.0,3.6
STU-11256,-1.085382340813352,-0.2258983626767423,0.3214192236559986,-1.6166141006760202,-0.6,-0.9210216110019647,-0.7322970639032815,1.0,0.0,0.0,1.0,0.0,0.0,0.0,2.89
STU-13110,0.05352472958334813,-0.7963707273818605,-0.4520947374218507,1.4280179417624592,-1.0,0.3174852652259332,-0.13356361542890044,1.0,0.0,0.0,0.0,0.0,0.0,1.0,4.57
STU-13369,0.7340911496984495,1.0623345717266302,0.9296019564118642,0.0,0.4,1.620432220039293,-0.4951065054691998,0.0,1.0,0.0,0.0,0.0,0.0,1.0,5.77
STU-13318,-0.5159288056150019,-0.15548741589953596,-0.5800296164805292,-0.6181057426720028,0.2,-0.6475442043222005,0.6148531951640763,1.0,0.0,0.0,0.0,1.0,0.0,0.0,2.63
STU-10641,0.33130694187522636,1.0623345717266302,0.835126968799303,-1.592060616462807,0.2,1.1001964636542245,-0.10592976396085205,1.0,0.0,1.0,0.0,0.0,0.0,0.0,4.58
STU-13608,-0.7659327966776918,-2.0156296731055203,-1.4903354867057337,0.25763519426594716,-1.0,-0.9414538310412576,-0.8750719631548648,1.0,0.0,0.0,1.0,0.0,0.0,0.0,2.48
STU-12104,-0.5159288056150019,1.0623345717266302,-0.8290105734178,-1.4365552164457878,-0.8,0.03143418467583514,0.0,0.0,1.0,0.0,0.0,0.0,0.0,1.0,4.04
STU-13392,0.24797227818766227,0.35750662490582247,-1.2531639032200306,0.8960257838094988,0.8,0.5846758349705307,0.8313183649971216,1.0,0.0,0.0,0.0,0.0,0.0,1.0,4.13
STU-14573,-0.3770376994690622,0.661423262525804,0.41687832572285777,1.3543574891228187,1.6,0.3300589390962672,0.6079447322970639,1.0,0.0,1.0,0.0,0.0,0.0,0.0,4.3
STU-14808,0.5952000435525098,-1.2957136662610251,-1.848553148070029,0.5604614995622477,0.2,-0.03614931237721029,0.6540011514104781,0.0,1.0,0.0,0.0,1.0,0.0,0.0,3.24
STU-11494,0.8590931452297944,1.0623345717266302,1.5043247977216152,-0.4462313531795081,0.6,1.1504911591355598,0.6102475532527346,0.0,1.0,0.0,0.0,1.0,0.0,0.0,5.04
STU-10882,1.2618773530530174,-0.6921912653135452,1.5043247977216152,-1.7066435427911368,-0.2,-0.8833005893909628,0.38917674150834786,1.0,0.0,0.0,0.0,1.0,0.0,0.0,2.97
STU-13868,-0.9742694558966007,-2.0335916493241957,-1.8150932566239144,-2.2468201954818348,0.2,0.0,-1.077720207253886,0.0,1.0,1.0,0.0,0.0,0.0,0.0,2.6
STU-13236,1.2063209105946417,1.0623345717266302,0.32437156701889125,-1.534769153298642,-0.6,0.40078585461689603,-1.0869314910765688,1.0,0.0,0.0,0.0,1.0,0.0,0.0,4.91
STU-10710,0.44241982679197767,-0.3573800285974433,-0.652854086098545,0.5031700363980824,-1.0,0.00628683693516714,0.08059873344847451,0.0,1.0,1.0,0.0,0.0,0.0,0.0,4.19
STU-12241,-2.2242894112100506,-0.9077349799376455,-1.556271155143666,1.1170071417284204,0.4,-0.5422396856581532,-0.6586067933218193,1.0,0.0,0.0,0.0,0.0,0.0,1.0,1.81
STU-10405,-1.0020476771257878,0.5809536090661396,0.7327790655523605,0.22489721531499574,0.6,1.0121807465618862,-0.6263672999424295,1.0,0.0,1.0,0.0,0.0,0.0,0.0,5.2
STU-14969,1.0674298044487034,0.052871508237094605,1.0604891788334339,-0.7408731637380709,-0.2,0.23104125736738718,-1.1514104778353484,1.0,0.0,0.0,0.0,1.0,0.0,0.0,4.72
STU-11693,1.650772450261647,1.0623345717266302,1.5043247977216152,-0.8390871005909244,1.0,1.3343811394891947,0.08750719631548647,0.0,1.0,0.0,0.0,0.0,0.0,1.0,5.56
STU-11156,-1.9048398670743918,-0.36312786098741917,-3.051141011221597,1.8208736891738764,-0.6,-0.7277013752455797,-0.4766839378238342,1.0,0.0,1.0,0.0,0.0,0.0,0.0,2.89
STU-11753,-0.2103683720939365,-0.03621989380753412,0.08326352571599901,1.558969857566265,1.4,0.3866404715127703,0.37075417386298226,1.0,0.0,1.0,0.0,0.0,0.0,0.0,5.15
STU-12837,0.6229782647816982,0.565865549042453,1.3985107533152335e-15,0.42950958375844195,0.6,0.25461689587426345,0.9096142774899253,0.0,1.0,1.0,0.0,0.0,0.0,0.0,4.3
STU-13276,-2.4465151810435533,-0.6016629051714228,0.13246924843087493,-0.037006616292615646,-0.8,-0.738703339882122,0.0,1.0,0.0,0.0,0.0,1.0,0.0,0.0,3.07
STU-10320,0.10908117204172377,1.0623345717266302,0.8912214926942609,0.9942397206623538,0.0,1.1489194499017685,-0.2440990213010938,1.0,0.0,1.0,0.0,0.0,0.0,0.0,4.9
STU-11817,-0.1270337084063724,1.0623345717266302,0.8656345168825264,-0.3480174163266538,1.4,-0.545383104125737,-0.4605641911341394,1.0,0.0,0.0,0.0,1.0,0.0,0.0,4.81
STU-11971,1.6091051184178649,1.0623345717266302,1.5043247977216152,-0.4380468584417704,0.0,0.8722986247544204,-0.26021876799078875,0.0,1.0,0.0,0.0,0.0,1.0,0.0,5.63
STU-11750,-1.6826140972408892,-3.1271167615171303,-0.9146285309416846,0.8551033101208104,-1.0,-1.257367387033399,-0.7069660333909039,1.0,0.0,1.0,0.0,0.0,0.0,0.0,2.99
STU-10140,-0.05758815533340317,1.0623345717266302,1.3985107533152335e-15,0.42950958375844195,0.0,0.011001964636542285,1.4738054116292458,1.0,0.0,1.0,0.0,0.0,0.0,0.0,4.97
STU-13537,1.6229942290324586,1.0623345717266302,0.3470061994677332,-0.1434050478832076,-1.0,1.6895874263261301,2.325849165227404,1.0,0.0,0.0,0.0,0.0,1.0,0.0,5.8
STU-11754,0.6507564860108854,-0.16482764353324664,-0.4609517675105287,0.6177529627264121,0.6,-0.8502946954813361,-0.6655152561888313,1.0,0.0,0.0,1.0,0.0,0.0,0.0,4.29
STU-10436,-0.4048159206982506,-1.3007430196022547,-0.14406691322672793,-2.050392321776126,0.4,-1.169351669941061,-0.9948186528497411,1.0,0.0,0.0,0.0,0.0,0.0,1.0,2.79
STU-13080,0.3729742737190084,0.7383005207417326,-0.3231757439088756,2.1482534786833907,-0.2,-0.63811394891945,0.9994242947610826,0.0,1.0,0.0,0.0,0.0,0.0,1.0,5.0
STU-11492,-1.3770536637198239,0.5227568061176324,1.5043247977216152,0.2412662047904711,-0.2,0.0,0.33160621761658043,1.0,0.0,1.0,0.0,0.0,0.0,0.0,4.92
STU-11509,1.7896635564075856,0.8705006657111809,1.5043247977216152,1.493493899664362,-0.8,1.0797642436149313,-0.7000575705238918,1.0,0.0,0.0,1.0,0.0,0.0,0.0,5.3
STU-14260,-0.16870104025015445,0.2899695943236046,0.9404272154091368,-2.197713227055407,-1.0,-0.15088408644400775,1.646516983304548,1.0,0.0,0.0,0.0,0.0,1.0,0.0,4.24
STU-12618,1.7063288927200226,1.0623345717266302,1.305533677953517,-1.3383412795929335,-0.2,0.9571709233791753,-1.2020725388601037,0.0,1.0,0.0,0.0,0.0,0.0,1.0,5.46
STU-14725,1.7896635564075856,0.7936234074952523,0.6501134513913687,0.6013839732509367,-1.0,-0.30019646365422403,1.6396085204375364,0.0,1.0,0.0,0.0,0.0,0.0,1.0,5.09
STU-10220,-0.5714852480733775,-0.06783297195240198,0.48379810861508826,-0.7408731637380709,-0.2,0.18074656188605118,-0.08520437535981581,1.0,0.0,0.0,0.0,0.0,0.0,1.0,4.53
STU-13855,-1.4881665486365752,0.767039682691613,-0.21295492502755448,-1.2564963322155551,0.2,-0.3457760314341846,0.5273459988485896,1.0,0.0,1.0,0.0,0.0,0.0,0.0,3.44
STU-10696,1.567437786574083,0.6880069873294433,-0.27692236455689234,0.3804026153320144,0.6,0.583104125736739,0.6171560161197469,0.0,1.0,0.0,0.0,0.0,0.0,1.0,5.38
STU-10779,-0.39092681008365704,-0.06280361861117244,-0.6971392365419337,1.730844247058759,0.2,0.1477406679764243,-0.7691421991940127,1.0,0.0,0.0,0.0,0.0,0.0,1.0,4.63
STU-13631,-0.3214812570106865,1.0623345717266302,-0.8398358324150726,0.4949855416603448,1.0,0.768565815324165,-0.4444444444444444,1.0,0.0,0.0,1.0,0.0,0.0,0.0,4.35
STU-12416,-1.363164553105229,-1.231769030922543,-1.523795378151848,0.4868010469226064,-0.2,-1.7304518664047155,-0.45826137017846863,1.0,0.0,0.0,0.0,1.0,0.0,0.0,2.29
STU-11071,-0.4048159206982506,0.7943418865439987,1.2445185817870703,1.5917078365172157,1.2,0.4825147347740669,-0.49280368451352907,1.0,0.0,1.0,0.0,0.0,0.0,0.0,4.86
STU-13842,0.13685939327091098,-0.7963707273818605,-0.7119009533563956,0.12668327846214147,1.0,-0.6255402750491161,0.2533103051237768,0.0,1.0,1.0,0.0,0.0,0.0,0.0,3.31
STU-12461,-1.4742774380219803,-2.2872147535318863,-0.6882822064532557,0.2412662047904711,0.2,0.0,-0.26021876799078875,1.0,0.0,1.0,0.0,0.0,0.0,0.0,2.63
STU-14726,0.6507564860108854,-0.1289036910958966,-0.04762369670557075,-0.5771832689833137,1.0,-0.6145383104125738,0.6286701208981001,1.0,0.0,0.0,0.0,0.0,0.0,1.0,4.32
STU-12201,0.49797626925035327,1.0623345717266302,-0.2090184672103638,0.6504909416773635,0.4,0.619253438113949,1.8445595854922285,1.0,0.0,0.0,0.0,1.0,0.0,0.0,4.87
STU-14078,1.650772450261647,0.21955864754639826,0.19053200123442884,0.7487048785302177,-0.8,0.7481335952848724,0.26482440990213024,1.0,0.0,0.0,1.0,0.0,0.0,0.0,5.25
STU-10782,-1.1548278938863212,-0.3171452018676111,-0.8860892117670573,0.16760575215083057,0.2,0.007858546168958855,-0.35233160621761667,1.0,0.0,0.0,0.0,0.0,0.0,1.0,2.93
STU-13610,-0.29370303578149937,-0.2258983626767423,-0.4707929120535033,1.3052505206963911,2.0,-0.15088408644400775,0.6102475532527346,1.0,0.0,0.0,0.0,1.0,0.0,0.0,5.01
STU-10198,0.2618613888022571,-0.894802357060199,-0.5495220683973059,-1.321972290117458,0.2,-0.3174852652259332,0.0,1.0,0.0,1.0,0.0,0.0,0.0,0.0,4.29
STU-13453,-0.2242574827085301,-0.7051238881909908,0.48379810861508826,1.1988520891058,-0.8,-0.9430255402750493,0.5342544617156015,1.0,0.0,0.0,0.0,1.0,0.0,0.0,3.51
STU-13956,-1.5159447698657622,-1.644176004903321,0.048819519815585036,0.07757631003571397,-0.8,11.573703355380617,-0.8198042602187681,1.0,0.0,0.0,0.0,0.0,1.0,0.0,3.55
STU-12392,-1.0020476771257878,1.0623345717266302,0.8784280047883937,1.0106087101378292,0.6,0.18703339882121803,2.150834772596431,1.0,0.0,0.0,1.0,0.0,0.0,0.0,4.2
STU-14643,-0.5714852480733775,1.0623345717266302,1.5043247977216152,0.0284693416092872,-0.4,-0.004715127701375146,-0.6355785837651123,1.0,0.0,0.0,0.0,0.0,0.0,1.0,4.37
STU-13923,0.553532711708729,-1.1146569459767812,-0.5938072188406931,1.6080768259926923,-0.2,-0.14302554027504916,-0.12895797351755894,1.0,0.0,0.0,0.0,0.0,1.0,0.0,3.71
STU-10282,-0.9326021240528186,0.2245880008876278,-0.694186893179041,1.2725125417454406,1.0,-0.550098231827112,1.7639608520437542,1.0,0.0,0.0,0.0,0.0,0.0,1.0,3.19
STU-13841,-0.557596137458784,0.0,-0.9028191574901139,0.7814428574811692,1.6,-1.1866404715127703,-0.6125503742084053,1.0,0.0,1.0,0.0,0.0,0.0,0.0,3.58
STU-13495,1.3868793485843625,0.38049795446572704,0.8193811375305431,2.8193820471778928,1.4,0.06601178781925343,0.35233160621761667,1.0,0.0,0.0,0.0,0.0,1.0,0.0,5.84
STU-10583,0.7757584815422303,-0.5449030603204104,-0.999262374011271,-0.3643864058021299,0.6,-0.8644400785854618,-0.6217616580310881,0.0,1.0,0.0,0.0,0.0,1.0,0.0,3.6
STU-10125,1.7896635564075856,1.0623345717266302,0.8390634266164924,1.7635822260097112,0.8,1.2400785854616896,0.6056419113413932,1.0,0.0,1.0,0.0,0.0,0.0,0.0,5.99
STU-11850,0.5118653798649468,1.0623345717266302,0.08916821244178436,0.4786165521848687,-1.0,0.11787819253438116,1.3425446171560165,0.0,1.0,0.0,1.0,0.0,0.0,0.0,4.45
STU-12744,1.4424357910427381,0.8819963304911327,-0.13324165422945528,0.0,0.4,1.2227897838899804,2.6850892343120325,0.0,1.0,0.0,0.0,0.0,1.0,0.0,5.05
STU-14558,-0.2103683720939365,0.5004839556064762,0.9748712213095508,-1.051883963772109,-1.0,-0.32534381139489205,-0.16119746689694883,1.0,0.0,0.0,0.0,0.0,1.0,0.0,4.5
STU-14086,0.011857397739566082,1.0623345717266302,1.2701055575988063,-1.592060616462807,1.4,-0.5579567779960707,-0.7852619458837076,1.0,0.0,0.0,0.0,0.0,1.0,0.0,3.73
STU-10853,1.0674298044487034,0.908580055294772,1.5043247977216152,-0.15977403735868367,-1.0,0.050294695481336006,0.13356361542890044,1.0,0.0,0.0,0.0,0.0,1.0,0.0,4.52
STU-10993,-1.1687170045009148,-0.40336268771725137,0.7327790655523605,0.3967716048074905,-0.4,-0.6066797642436149,0.21876799078871625,0.0,1.0,0.0,0.0,0.0,0.0,1.0,4.45
STU-11354,-0.9881585665111943,-0.8768403808415239,0.6875098006546753,0.0,0.0,-0.4526522593320235,1.7317213586643643,1.0,0.0,1.0,0.0,0.0,0.0,0.0,4.25
STU-14539,0.8868713664589816,-0.78918593689439,-0.3172710571830917,-0.9045630584928273,-0.2,-0.16188605108055001,0.4513529073114566,0.0,1.0,0.0,0.0,0.0,0.0,1.0,3.74
STU-12589,1.317433795511393,0.5450296566287895,0.5595749215959982,-0.24980347947379952,-0.6,0.5390962671905698,-0.9349453080023029,1.0,0.0,0.0,0.0,0.0,0.0,1.0,5.01
STU-13658,0.7340911496984495,0.6808221968419728,1.3985107533152335e-15,0.6259374574641497,0.0,0.5815324165029472,2.2936096718480146,1.0,0.0,0.0,0.0,0.0,0.0,1.0,4.53
STU-10303,-0.2520357039377173,0.7878755751052765,0.29780047675285726,-1.739381521742088,-0.2,0.4620825147347741,-0.16119746689694883,1.0,0.0,0.0,0.0,1.0,0.0,0.0,4.0
STU-12210,-0.3214812570106865,-4.301830006218475,-0.7788207362486275,0.29855766795463623,-0.4,-1.7304518664047155,0.0,1.0,0.0,0.0,0.0,0.0,0.0,1.0,2.44
STU-13518,0.7063129284692611,1.0623345717266302,1.5043247977216152,0.9533172469736639,-0.4,-0.14931237721021604,-0.6056419113413932,0.0,1.0,0.0,0.0,0.0,1.0,0.0,4.7
STU-10614,-0.04369904471880956,0.5083872251426932,-1.2039581805051547,-1.1500979006249632,-0.4,-0.6569744597249509,-0.04375359815774313,1.0,0.0,0.0,0.0,0.0,0.0,1.0,3.35
STU-13538,0.0,0.13765203598924014,0.1708497121484782,1.0679001733019944,-0.8,-0.20275049115913546,-0.9280368451352907,0.0,1.0,0.0,0.0,0.0,1.0,0.0,4.27
STU-13652,0.5674218223233225,0.195130359889001,1.5043247977216152,-1.7148280375288745,0.6,0.011001964636542285,0.13816925734024194,0.0,1.0,0.0,1.0,0.0,0.0,0.0,4.55
STU-12810,1.7479962245638034,-0.6418977319012551,-0.05254426897705806,0.805996341694383,0.8,-0.023575638506876287,1.139896373056995,0.0,1.0,1.0,0.0,0.0,0.0,0.0,4.84
STU-11372,-0.877045681594443,-0.2517636084316343,-1.4804943421627577,-0.09429807945678081,0.2,-0.9430255402750493,-0.2625215889464594,1.0,0.0,0.0,0.0,0.0,0.0,1.0,3.17
STU-11757,0.23408316757306866,1.0623345717266302,1.5043247977216152,1.1497451206793725,0.6,1.1143418467583501,-0.3891767415083477,1.0,0.0,0.0,0.0,0.0,0.0,1.0,5.93
STU-10630,-0.3631485888544686,0.5752057766761637,0.060628893267155703,-0.6344747321474782,1.2,0.5516699410609038,0.15428900402993667,1.0,0.0,0.0,0.0,0.0,0.0,1.0,5.01
STU-11761,-0.5298179162295955,0.07083348445576962,0.6747163127488066,0.22489721531499574,0.0,-0.0738703339882123,2.123200921128382,1.0,0.0,0.0,1.0,0.0,0.0,0.0,4.67
STU-11360,1.7896635564075856,1.0623345717266302,0.5517020059616168,-1.1255444164117496,0.2,1.2777996070726918,-0.04145077720207248,1.0,0.0,1.0,0.0,0.0,0.0,0.0,5.43
STU-10384,-0.08536637656259037,1.0623345717266302,0.3706249463708745,-0.5526297847701,0.4,0.5846758349705307,0.20034542314335066,1.0,0.0,0.0,0.0,0.0,1.0,0.0,4.91
STU-10861,-2.404847849199772,-0.7252413015559068,-0.7128850678106936,0.6586754364151012,1.2,-0.7214145383104127,-0.039147956246401834,1.0,0.0,1.0,0.0,0.0,0.0,0.0,2.87
STU-10550,0.10908117204172377,-1.5392780637862589,-1.6979836365625098,-1.1992048690513901,2.0,-1.188212180746562,-0.4260218767990789,1.0,0.0,0.0,0.0,0.0,0.0,1.0,3.21
STU-11546,-0.3770376994690622,-1.4710225541552941,-1.193132921507882,-0.02063762681713957,-0.2,-0.42593320235756377,1.324122049510651,1.0,0.0,0.0,0.0,0.0,1.0,0.0,3.69
STU-11949,-2.18262207936627,-0.9407850161800071,1.5043247977216152,-2.3368496375969507,0.6,-0.1713163064833006,0.6378814047207831,1.0,0.0,0.0,0.0,0.0,0.0,1.0,3.24
STU-11675,-1.4742774380219803,-2.1801613752685833,-1.5169065769717662,-1.0846219427230603,0.4,-1.0090373280943028,1.0339666090961428,1.0,0.0,0.0,0.0,1.0,0.0,0.0,2.33
STU-14144,-0.029809934104214727,0.6226253938934655,1.4482302738266573,1.2070365838435377,-0.6,-0.15559921414538316,-0.5987334484743811,1.0,0.0,0.0,1.0,0.0,0.0,0.0,3.23
STU-10059,1.2618773530530174,0.9581551096583149,0.20824606141178345,-2.2959271639082615,1.6,0.5595284872298626,-0.4997121473805412,0.0,1.0,1.0,0.0,0.0,0.0,0.0,4.94
STU-12440,1.1646535787508598,0.9818649182669658,0.470020506254923,0.8632878048585481,0.6,1.1410609037328097,-0.6102475532527347,1.0,0.0,0.0,0.0,1.0,0.0,0.0,5.66
STU-14013,1.039651583219515,0.6664526158670325,-0.3172710571830917,0.2740041837414225,0.6,0.3850687622789786,0.5964306275187107,1.0,0.0,0.0,0.0,0.0,0.0,1.0,5.01
STU-13329,-0.05758815533340317,-1.3280452234546405,-0.2533036176537524,-0.9127475532305657,0.2,-0.02671905697445972,0.02533103051237774,1.0,0.0,0.0,0.0,0.0,1.0,0.0,2.56
STU-11860,0.9702060301465456,-0.36672025623115395,-0.870343380498296,-0.9536700269192547,0.2,0.1210216110019646,0.08750719631548647,1.0,0.0,0.0,1.0,0.0,0.0,0.0,3.68
STU-13826,0.0,0.9042691810022898,-0.42749187606441275,0.3967716048074905,0.6,0.48565815324165035,0.432930339666091,1.0,0.0,0.0,0.0,0.0,0.0,1.0,4.38
STU-10302,0.34519605248981994,-0.07501776243987157,0.6560181381171539,-2.050392321776126,0.4,0.012573673870334002,1.4024179620034547,0.0,1.0,0.0,0.0,0.0,1.0,0.0,5.07
STU-14492,0.9840951407611392,-1.092384095465624,-1.7885221663578803,0.4786165521848687,1.8,0.2467583497053046,-0.9372481289579737,1.0,0.0,0.0,0.0,0.0,1.0,0.0,3.81
STU-12567,1.3035446848967995,1.0623345717266302,1.5043247977216152,-1.6493520796269716,2.0,-0.2090373280943026,-0.7023603914795625,0.0,1.0,0.0,0.0,1.0,0.0,0.0,5.14
STU-13997,-0.29370303578149937,0.468152398412861,0.19151611568872548,-0.298910447900227,-0.8,0.37721021611001976,1.9435808865860684,1.0,0.0,0.0,0.0,1.0,0.0,0.0,4.76
STU-13603,-1.3076081106468547,0.354632708710835,-0.3792702678038348,0.053022825822500945,0.6,-0.21218074656188604,-0.5641911341393206,1.0,0.0,0.0,0.0,0.0,0.0,1.0,3.37
STU-10153,-0.8909347922090366,1.0623345717266302,-0.2660971055596197,-0.9045630584928273,0.8,0.11316306483300602,0.8865860679332185,1.0,0.0,0.0,0.0,0.0,0.0,1.0,4.07
STU-12839,-0.015920823489621122,-0.3861191905473227,-0.1991773226673892,-1.5593226375118556,0.0,0.20589390962671916,1.8353483016695453,0.0,1.0,0.0,0.0,0.0,0.0,1.0,3.45
STU-14484,-0.4048159206982506,-1.468867117009053,-0.8152329710576347,0.11031428898666538,2.2,0.0,0.6516983304548074,0.0,1.0,0.0,1.0,0.0,0.0,0.0,3.48
STU-10770,1.7896635564075856,1.0623345717266302,1.5043247977216152,-0.3562019110643915,-1.0,1.4648330058939096,-0.8981001727115718,1.0,0.0,0.0,0.0,0.0,0.0,1.0,6.41
STU-13571,0.5257544904795405,0.6765113225494905,1.5043247977216152,-0.4789693321304595,1.4,-0.07544204322200401,-0.2026482440990213,1.0,0.0,0.0,0.0,0.0,1.0,0.0,3.93
STU-13908,-1.113160562042539,0.4846774165340413,-1.1990376082336673,-0.3562019110643915,1.2,0.34106090373280945,-0.95797351755901,1.0,0.0,0.0,0.0,0.0,0.0,1.0,4.16
STU-13317,0.24797227818766227,0.07873675399198658,0.9463319021349221,-1.0928064374607982,1.2,-0.03300589390962658,0.02533103051237774,1.0,0.0,0.0,0.0,0.0,0.0,1.0,4.45
STU-13382,0.45630893740657125,0.49473612321649935,-1.0287858076401963,0.2658196890036848,0.0,-0.0031434184675834306,-0.8911917098445598,1.0,0.0,0.0,1.0,0.0,0.0,0.0,3.82
STU-14292,-0.18259015086474806,0.39199361924567877,0.49954393988384965,1.640814804943643,0.0,-0.5202357563850689,-0.2302820955670697,0.0,1.0,1.0,0.0,0.0,0.0,0.0,4.91
STU-13653,-1.0298258983549764,0.18147925796280714,0.49855982542955163,-1.2892343111665066,0.0,-0.07544204322200401,-0.1174438687392055,1.0,0.0,0.0,0.0,0.0,0.0,1.0,4.23
STU-10402,-0.015920823489621122,0.7246494188155397,-0.15784451558689325,-0.7736111426890223,0.6,-0.15559921414538316,-0.16119746689694883,1.0,0.0,0.0,0.0,1.0,0.0,0.0,4.11
STU-10572,-1.2659407788030725,-0.20649942836057256,-1.033706379911685,1.3870954680737695,0.6,-0.8502946954813361,-0.48589522164651705,1.0,0.0,0.0,0.0,1.0,0.0,0.0,3.54
STU-11333,0.6090891541671046,0.6061003757722853,1.3985107533152335e-15,-1.4938466796099528,-1.0,0.3190569744597249,1.1053540587219346,0.0,1.0,0.0,0.0,0.0,0.0,1.0,4.84
STU-13891,-0.04369904471880956,0.5608361957012236,0.2544994407637667,-1.4938466796099528,-1.0,0.3017681728880158,-0.4052964881980426,0.0,1.0,0.0,0.0,0.0,0.0,1.0,4.63
STU-13315,0.09519206142713017,1.0623345717266302,0.41589421126855974,-0.5853677637210514,1.2,0.33948919449901777,0.02533103051237774,0.0,1.0,0.0,0.0,1.0,0.0,0.0,5.42
STU-13327,-0.0020317128750275202,0.256919558081243,1.4187068401977307,-1.2564963322155551,0.8,0.0,0.0,0.0,1.0,0.0,0.0,0.0,1.0,0.0,4.9
STU-13030,-0.29370303578149937,1.0623345717266302,0.49265513870376626,-0.5689987742455761,0.8,1.2337917485265228,-0.6286701208981003,1.0,0.0,0.0,0.0,1.0,0.0,0.0,4.45
STU-12032,0.6368673753962918,0.0,-2.0748994725584584,0.0,-0.4,-0.16502946954813347,1.8169257340241798,0.0,1.0,0.0,0.0,1.0,0.0,0.0,4.41
STU-11607,1.7896635564075856,0.9610290258533033,0.4680522773463283,-0.028822121554877973,-1.0,1.6660117878192537,-1.1237766263673001,1.0,0.0,0.0,0.0,1.0,0.0,0.0,5.62
STU-10798,-0.877045681594443,-0.45437470017828796,1.3985107533152335e-15,-1.6575365743647092,-1.0,12.742977872639635,0.1842256764536557,1.0,0.0,0.0,0.0,0.0,0.0,1.0,3.14
STU-10532,0.06741384019794172,-1.866186030966144,-1.783601594086393,0.0,-0.2,-0.13045186640471515,0.3684513529073116,1.0,0.0,0.0,1.0,0.0,0.0,0.0,3.85
STU-13805,-1.6687249866262956,-1.9531219958645312,-0.21197081057325648,-1.894886921759107,0.0,-1.7304518664047155,-0.44905008635578586,1.0,0.0,0.0,0.0,0.0,0.0,1.0,1.12
STU-11918,-1.0298258983549764,0.9351637800984114,0.32240333811029526,0.0,0.0,-0.15559921414538316,0.3983880253310307,1.0,0.0,0.0,0.0,0.0,0.0,1.0,4.07
STU-12240,-0.5159288056150019,-0.04484164239249743,1.5043247977216152,0.06120732056023862,-0.4,0.793713163064833,0.987910189982729,1.0,0.0,0.0,0.0,0.0,0.0,1.0,4.61
STU-12492,1.150764468136266,0.29930982195731526,0.41589421126855974,-1.321972290117458,-1.0,0.4982318271119844,0.0,1.0,0.0,0.0,1.0,0.0,0.0,0.0,4.44
STU-13811,1.1924317999800482,-0.631839025218797,0.7504931257297165,0.5522770048245093,0.2,0.044007858546168864,0.4559585492227981,0.0,1.0,0.0,0.0,1.0,0.0,0.0,5.25
STU-11583,-0.9603803452820071,-1.3963007330856056,0.5831936684991381,0.6341219522018882,0.4,-0.29233791748526516,0.5803108808290157,1.0,0.0,0.0,0.0,0.0,1.0,0.0,7.394150224970773
STU-12145,0.6368673753962918,1.0623345717266302,-0.32711220172606625,-0.07792908998130474,0.2,0.18546168958742631,1.4507772020725391,1.0,0.0,0.0,0.0,1.0,0.0,0.0,5.38
STU-11524,-0.8214892391360673,-1.7339858859966961,-1.2954808247548246,0.5522770048245093,0.6,-1.2856581532416504,-0.5158318940702361,1.0,0.0,0.0,0.0,0.0,0.0,1.0,2.72
STU-11398,-1.7242814290846713,-2.7384195961450026,-2.185120291439781,1.1661141101548478,0.4,-1.3485265225933205,0.31778929188255617,1.0,0.0,1.0,0.0,0.0,0.0,0.0,1.97
STU-13887,1.3591011273551752,-1.265537546213652,0.03307368854682508,1.4525714259756723,-0.8,-0.2467583497053046,-0.2832469775474956,0.0,1.0,0.0,0.0,0.0,1.0,0.0,4.48
STU-10527,0.6368673753962918,-0.8847436503777409,1.3985107533152335e-15,-0.6917661953116434,0.4,-1.2337917485265228,-0.04375359815774313,1.0,0.0,0.0,0.0,1.0,0.0,0.0,4.1
STU-13715,-0.5853743586879712,-1.8482240547474689,-0.1647333167669752,-0.2743569636870133,-0.4,-0.3614931237721021,-0.16119746689694883,1.0,0.0,0.0,0.0,1.0,0.0,0.0,4.16
STU-13927,0.5257544904795405,0.0,-0.4678405686906121,1.0679001733019944,0.0,0.4573673870333989,1.261945883707542,0.0,1.0,0.0,0.0,0.0,1.0,0.0,4.73
STU-11539,0.5813109329379161,-0.5039497545418308,1.3985107533152335e-15,-0.4462313531795081,-0.4,0.6899803536345775,1.0869314910765688,1.0,0.0,0.0,0.0,0.0,0.0,1.0,4.33
STU-13756,-0.5298179162295955,-0.7094347624834729,1.5043247977216152,-0.822718111115449,1.4,-0.14459724950884087,-0.6678180771445021,1.0,0.0,0.0,0.0,0.0,0.0,1.0,3.84
STU-14035,0.6368673753962918,0.10675743689311964,0.3125621935673206,0.6095684679886744,1.0,0.869155206286837,0.0,1.0,0.0,0.0,0.0,1.0,0.0,0.0,4.76
STU-11484,-0.5437070268441891,-1.5730465790773678,0.639288192394096,0.4622475627093934,-0.8,-1.3233791748526524,0.2118595279217041,1.0,0.0,0.0,0.0,0.0,0.0,1.0,3.32
STU-10773,1.2202100212092355,1.0623345717266302,0.3834184342767418,0.08576080477345237,-0.6,-0.19960707269155203,-0.7691421991940127,1.0,0.0,1.0,0.0,0.0,0.0,0.0,4.46
STU-10088,-1.4048318849490111,1.0623345717266302,1.5043247977216152,-1.158282395362701,-1.0,0.12259332023575631,0.8796776050662061,1.0,0.0,0.0,0.0,0.0,0.0,1.0,5.11
STU-12536,0.3035287206460379,-1.2231472823375789,-2.3386421463101934,0.200343731101782,-1.0,0.3913555992141455,-0.5158318940702361,0.0,1.0,0.0,0.0,1.0,0.0,0.0,2.77
STU-12882,-1.4881665486365752,-1.0959764907093599,-1.266941505580196,-0.6672127110984296,2.0,-0.9540275049115914,0.5020149683362121,1.0,0.0,0.0,0.0,0.0,0.0,1.0,2.38
STU-10661,0.12297028265631738,0.8194886532501443,0.019296086186659768,-1.42837072170805,0.2,0.21846758349705317,-0.630972941853771,0.0,1.0,0.0,0.0,1.0,0.0,0.0,5.04
STU-11519,0.45630893740657125,1.0623345717266302,0.6304311623054194,-0.9945925006079438,-0.2,0.5611001964636544,0.7645365572826712,1.0,0.0,1.0,0.0,0.0,0.0,0.0,5.61
STU-13896,1.7896635564075856,0.42145126024430557,-0.4678405686906121,-0.004268637341664224,0.6,0.15402750491159145,1.4254461715601614,1.0,0.0,0.0,0.0,0.0,0.0,1.0,3.75
STU-14271,-0.3631485888544686,-1.4020485654755814,-0.4078095869784635,1.1661141101548478,-1.0,-0.6255402750491161,-0.7369027058146229,1.0,0.0,0.0,0.0,0.0,1.0,0.0,3.71
STU-14775,1.1924317999800482,0.7656027245941193,0.8026511918074851,-0.2825414584247509,0.4,-0.004715127701375146,-0.44905008635578586,1.0,0.0,0.0,0.0,0.0,0.0,1.0,5.07
STU-13412,0.7063129284692611,0.44875346409669126,0.98668059476112,-0.1352205531454699,-0.2,-0.2436149312377209,-0.17731721358664357,1.0,0.0,0.0,0.0,0.0,1.0,0.0,4.42
STU-13807,-0.557596137458784,-0.6030998632689176,-1.2403704153141633,-1.6739055638401854,-1.0,-0.3944990176817289,-0.32700057570523894,1.0,0.0,0.0,0.0,1.0,0.0,0.0,2.83
STU-13112,-1.5020556592511687,0.0,-0.7128850678106936,0.6177529627264121,-1.0,-0.938310412573674,-0.0898100172711571,1.0,0.0,0.0,0.0,1.0,0.0,0.0,3.0
STU-10545,-0.09925548717718521,1.0623345717266302,0.28008641657550265,0.2412662047904711,0.2,0.9257367387033398,-0.8313183649971215,0.0,1.0,0.0,0.0,0.0,0.0,1.0,4.84
STU-11835,-0.09925548717718521,1.0623345717266302,1.5043247977216152,-1.0436994690343706,1.2,1.1536345776031438,0.7484168105929767,0.0,1.0,0.0,0.0,0.0,1.0,0.0,5.24
STU-13685,-0.2381465933231237,0.0,0.05374009208707375,-0.15158954262094526,-1.0,-1.1740667976424364,1.1306850892343125,1.0,0.0,0.0,0.0,0.0,0.0,1.0,2.7
STU-13241,-0.43259414192743784,-0.11956346346218594,-0.9835165427425111,-1.3383412795929335,0.8,-0.44479371316306493,-0.5457685664939551,1.0,0.0,1.0,0.0,0.0,0.0,0.0,3.82
STU-13919,1.3868793485843625,1.0623345717266302,0.9650300767665748,-0.9454855321815171,-0.6,1.4286836935167,-0.31548647092688553,0.0,1.0,0.0,0.0,0.0,0.0,1.0,5.51
STU-14421,-0.8631565709798494,-1.783560940360239,-1.915472930962261,1.6326303102059054,-0.4,-1.519842829076621,0.08290155440414516,1.0,0.0,0.0,1.0,0.0,0.0,0.0,2.19
STU-13099,0.2618613888022571,0.8618789171262166,1.4787378219098792,2.230098426060769,0.0,0.11001964636542258,2.80944156591825,1.0,0.0,1.0,0.0,0.0,0.0,0.0,5.47
STU-10184,0.0,0.782846221764047,1.5043247977216152,0.044838331084762546,-0.4,0.7921414538310415,0.7000575705238918,0.0,1.0,0.0,0.0,0.0,0.0,1.0,5.45
STU-10680,0.0,0.7785353474715647,-1.3072901982063938,0.2412662047904711,0.4,1.0750491159135565,-0.9096142774899252,1.0,0.0,0.0,0.0,0.0,0.0,1.0,4.12
STU-11076,0.3729742737190084,1.0623345717266302,0.3411015127419493,0.41314059428296585,0.0,0.5359528487229863,-0.009211283822682796,1.0,0.0,0.0,0.0,0.0,1.0,0.0,4.51
STU-12932,-0.30759214639609295,-0.37821592101110574,-1.6163021368558146,1.5344163733530518,0.2,-0.43693516699410606,-0.2579159470351181,0.0,1.0,0.0,1.0,0.0,0.0,0.0,3.52
STU-10147,1.1785426893654534,-1.2461386118974822,-0.5780613875719331,-0.5526297847701,0.4,-0.32220039292730834,0.4858952216465171,1.0,0.0,0.0,0.0,0.0,0.0,1.0,3.57
STU-11066,1.0535406938341085,0.5723318604811763,1.5043247977216152,-0.11885156366999385,-1.0,0.7025540275049118,-0.881980426021877,0.0,1.0,0.0,0.0,0.0,1.0,0.0,5.65
STU-11172,0.5257544904795405,-0.41270291535096204,-0.24739893092796708,0.9042102785472365,-0.6,-0.5642436149312378,1.0777202072538863,1.0,0.0,0.0,0.0,0.0,1.0,0.0,3.77
STU-11540,0.4285307161773828,1.0573052183854017,0.15707210978831287,-0.7490576584758085,0.0,0.3834970530451866,-1.1053540587219346,1.0,0.0,0.0,1.0,0.0,0.0,0.0,4.77
STU-13591,0.9702060301465456,1.0623345717266302,1.0939490702795498,1.9190876260267298,0.8,1.2762278978389,0.6470926885434658,1.0,0.0,0.0,0.0,1.0,0.0,0.0,4.98
STU-12422,0.0,0.5867014414561155,-0.29168408137135565,0.6013839732509367,0.8,-0.03300589390962658,0.7944732297063904,0.0,1.0,0.0,0.0,0.0,1.0,0.0,4.17
STU-11276,-0.029809934104214727,1.0623345717266302,1.0181722572986414,0.41314059428296585,0.6,0.1948919449901769,0.24870466321243528,0.0,1.0,0.0,0.0,0.0,1.0,0.0,4.51
STU-11193,-1.085382340813352,0.9509703191708453,0.10786638707343697,1.0597156785642567,1.2,-0.26247544204322204,-0.27633851468048365,1.0,0.0,0.0,0.0,0.0,1.0,0.0,3.97
STU-14503,-0.39092681008365704,1.0623345717266302,1.5043247977216152,2.156437973421128,-0.2,0.7858546168958747,-0.02072538860103624,1.0,0.0,0.0,0.0,0.0,0.0,1.0,4.79
STU-12127,-1.7103923184700764,-1.2447016537999886,-0.9097079586701973,1.2970660259586535,-1.0,-0.33634577603143434,2.01496833621186,1.0,0.0,0.0,0.0,0.0,1.0,0.0,2.99
STU-11368,0.44241982679197767,-1.0076035677134785,-0.06829010024581941,1.6981062681078083,-0.6,0.11787819253438116,1.1214738054116293,0.0,1.0,0.0,1.0,0.0,0.0,0.0,4.7
STU-11903,-0.7659327966776918,-0.18350809880066904,0.4277035847201304,0.0284693416092872,0.2,-0.5343811394891946,-0.21416234887737476,0.0,1.0,0.0,0.0,0.0,0.0,1.0,3.88
STU-13032,0.0,0.03275409487217851,-0.4078095869784635,-0.012453132079401899,0.4,-0.49666011787819264,0.5872193436960277,0.0,1.0,1.0,0.0,0.0,0.0,0.0,4.22
STU-13797,0.2618613888022571,0.0,1.0663938655592193,-0.78179563742676,-0.8,0.10058939096267201,1.9804260218767997,1.0,0.0,1.0,0.0,0.0,0.0,0.0,4.07
STU-12445,-0.140922819020966,0.0,-0.32612808727176823,-0.08611358471904242,0.2,-0.14931237721021604,0.47207829591249284,0.0,1.0,1.0,0.0,0.0,0.0,0.0,3.88
STU-14984,-0.7381545754485045,-1.0492753525408045,-2.0493124967467233,1.100638152252945,1.0,-0.3819253438113949,-1.0086355785837653,0.0,1.0,0.0,0.0,0.0,0.0,1.0,3.12
STU-14549,0.5674218223233225,0.1441183474279634,-0.9333267055733372,0.8796567943340234,0.2,0.2216110019646366,2.7334484743811176,0.0,1.0,0.0,0.0,0.0,1.0,0.0,4.9
STU-14546,0.9979842513757329,-1.7792500660677568,-1.345670661923997,0.9696862364491393,-0.8,-0.4133595284872298,0.5503742084052965,0.0,1.0,0.0,0.0,0.0,1.0,0.0,2.88
STU-10764,-0.9048239028236315,-0.5355628326866987,0.3922754643654198,-1.346525774330671,-0.6,-0.3724950884086443,0.6263672999424295,1.0,0.0,0.0,0.0,0.0,1.0,0.0,3.57
STU-10501,1.3868793485843625,1.0623345717266302,1.3084860213164096,0.0,-0.6,1.389390962671906,-0.8267127230857801,0.0,1.0,0.0,0.0,0.0,1.0,0.0,7.0
STU-12367,0.49797626925035327,-2.559518313006999,-2.3543879775789542,0.8632878048585481,0.8,-1.0294695481335954,0.4375359815774325,1.0,0.0,0.0,0.0,0.0,0.0,1.0,2.57
STU-12735,0.0,0.2619489114224715,1.3985107533152335e-15,0.6013839732509367,0.2,-0.12730844793713172,-0.7253886010362696,0.0,1.0,0.0,0.0,1.0,0.0,0.0,4.76
STU-11026,-1.4187209955636046,0.0,-1.1951011504164781,1.1579296154171101,1.2,0.0,-0.30397236614853185,1.0,0.0,0.0,0.0,0.0,1.0,0.0,3.84
STU-13313,-0.11314459779177881,-2.786557692411052,-1.9282664188681282,-0.5689987742455761,0.0,-1.2180746561886053,1.7156016119746693,0.0,1.0,0.0,0.0,1.0,0.0,0.0,2.66
STU-12266,1.5396595653448957,1.0623345717266302,-0.29562053918854636,0.6423064469396258,-1.0,0.3913555992141455,0.0,1.0,0.0,0.0,0.0,0.0,0.0,1.0,4.67
STU-12815,-0.5992634693025648,-1.3007430196022547,0.2672929286696354,0.1184987837244038,0.4,0.24361493123772118,-0.6424870466321244,1.0,0.0,0.0,1.0,0.0,0.0,0.0,3.4
STU-10219,-0.2242574827085301,1.0623345717266302,0.7888735894473198,-1.3956327427570985,-1.0,0.8487229862475444,-0.24870466321243528,1.0,0.0,0.0,1.0,0.0,0.0,0.0,4.73
STU-11406,0.4285307161773828,1.0623345717266302,1.5043247977216152,0.4786165521848687,-0.4,0.06444007858546172,-0.310880829015544,1.0,0.0,0.0,0.0,0.0,0.0,1.0,4.84
STU-12953,1.567437786574083,1.0623345717266302,0.6077965298565761,-0.5362607952946247,-0.6,0.7512770137524558,0.22337363270005756,0.0,1.0,0.0,1.0,0.0,0.0,0.0,5.73
STU-11927,-0.0020317128750275202,1.0623345717266302,0.9355066431376495,0.0,0.2,0.6302554027504912,-0.5918249856073691,1.0,0.0,0.0,0.0,1.0,0.0,0.0,5.0
STU-14301,-0.5437070268441891,-1.794338126091444,-1.2551321321286266,0.17579024688856823,-0.4,-1.4271119842829079,0.49510650546919993,1.0,0.0,1.0,0.0,0.0,0.0,0.0,3.45
STU-13334,-1.04371500896957,-0.4400051192033477,-1.7767127929063111,0.10212979424892772,0.0,7.065252818074593,1.1168681635002882,1.0,0.0,0.0,1.0,0.0,0.0,0.0,3.31
STU-14074,0.4007524949481956,0.5126980994351743,0.12164398943360229,-0.3070949426379647,1.4,-0.9650294695481337,-0.7783534830166955,1.0,0.0,0.0,1.0,0.0,0.0,0.0,3.74
STU-14595,-0.6964872436047225,-1.3136756424797003,-0.6794251763645777,0.0,0.6,-0.9870333988212181,0.05757052389176742,0.0,1.0,0.0,0.0,0.0,1.0,0.0,3.48
STU-13654,-0.30759214639609295,1.0623345717266302,-0.28282705128267766,-0.3480174163266538,0.6,0.6396856581532415,-0.9326424870466322,1.0,0.0,0.0,0.0,0.0,0.0,1.0,4.07
STU-11263,-1.974285420147361,-2.0824482246389913,-0.6243147669239164,0.0,1.2,-1.0891944990176818,0.5734024179620034,1.0,0.0,0.0,0.0,0.0,0.0,1.0,2.48
STU-11844,-0.39092681008365704,-1.2482940490437233,-0.636124140375487,0.25763519426594716,1.6,-1.0499017681728882,-0.7184801381692574,1.0,0.0,0.0,0.0,0.0,0.0,1.0,2.86
STU-11423,-0.5714852480733775,-0.6174694442438567,0.6225582466710394,0.8387343206453336,-0.4,-1.3752455795677803,-0.22337363270005756,1.0,0.0,1.0,0.0,0.0,0.0,0.0,3.88
STU-10598,1.5118813441157073,1.0623345717266302,0.28008641657550265,-0.8963785637550896,0.8,0.0,1.9527921704087512,1.0,0.0,0.0,1.0,0.0,0.0,0.0,4.91
STU-12598,0.8729822558443879,-1.13190044314671,1.0919808413709553,0.0,0.4,-0.06758349705304516,-0.06217616580310872,1.0,0.0,0.0,0.0,0.0,1.0,0.0,3.85
STU-10685,-0.5437070268441891,0.6025079805285494,-0.9530089946592878,1.5507853628285273,0.6,0.0,0.0,1.0,0.0,0.0,0.0,0.0,0.0,1.0,3.54
STU-12838,1.6091051184178649,1.0623345717266302,1.2268045216097156,0.830549825907596,0.8,0.4542239685658155,0.0,1.0,0.0,1.0,0.0,0.0,0.0,0.0,4.81
STU-10513,-0.16870104025015445,-0.7209304272634247,1.3985107533152335e-15,-0.33983292158891615,-0.6,-0.10530451866404716,1.1767415083477262,0.0,1.0,0.0,0.0,0.0,0.0,1.0,4.83
STU-10132,1.3591011273551752,1.0623345717266302,0.24761063958368473,-0.45441584791724576,-1.0,0.0,0.03223949337938989,1.0,0.0,0.0,1.0,0.0,0.0,0.0,4.44
STU-11988,-0.8492674603652558,0.47102631460784844,-0.49244343004805,1.2152210785812754,0.0,0.2609037328094303,-0.35002878526194586,1.0,0.0,0.0,1.0,0.0,0.0,0.0,3.89
STU-13122,0.5118653798649468,-0.17991570355693423,1.3985107533152335e-15,0.9615017417114017,-0.2,0.16345776031434203,0.0,1.0,0.0,0.0,0.0,1.0,0.0,0.0,3.98
STU-11270,0.91464958768817,-0.8969577942064401,-1.9518851657712695,0.3067421626923739,0.6,-0.2671905697445972,-0.10362694300518141,0.0,1.0,1.0,0.0,0.0,0.0,0.0,4.28
STU-11261,1.2063209105946417,0.8151777789576622,0.8695709746997156,-0.037006616292615646,0.8,0.5438113948919452,-0.30397236614853185,0.0,1.0,1.0,0.0,0.0,0.0,0.0,5.88
STU-11701,1.6091051184178649,1.0623345717266302,-0.3812384967124295,-0.4626003426549834,1.2,1.0483300589390965,-1.146804835924007,0.0,1.0,0.0,0.0,0.0,1.0,0.0,4.95
STU-11364,-1.5159447698657622,-0.9767089686173571,-0.872311609406892,-0.04519111103035332,-0.2,-0.881728880157171,0.667818077144502,0.0,1.0,0.0,0.0,0.0,0.0,1.0,3.04
STU-10664,-0.4603723631566263,-1.9991046549843392,-1.8298549734383762,0.1512367626753552,0.0,0.19803536345776032,2.71042026482441,1.0,0.0,0.0,0.0,0.0,1.0,0.0,2.72
STU-14329,0.6646455966254802,0.4825219793878012,-0.18146326249003317,0.6504909416773635,0.4,0.7229862475442044,-0.4697754749568222,0.0,1.0,0.0,0.0,0.0,1.0,0.0,4.59
STU-13904,0.03963561896875452,-0.2805027703815137,1.3985107533152335e-15,-0.5689987742455761,0.0,-0.20275049115913546,-0.02763385146804839,1.0,0.0,0.0,0.0,0.0,1.0,0.0,3.77
STU-12795,-0.140922819020966,-2.6177151159555065,-1.0228811209144124,0.4458785732339173,-0.8,-1.0860510805500985,-0.13816925734024174,1.0,0.0,1.0,0.0,0.0,0.0,0.0,2.95
STU-13640,0.6507564860108854,1.0623345717266302,1.1293771906342605,1.1415606259416349,0.0,0.23575638506876231,1.0454807138744964,0.0,1.0,0.0,0.0,0.0,0.0,1.0,5.46
STU-11907,0.2618613888022571,1.0623345717266302,-0.0279414076196201,0.7568893732679555,1.0,0.9131630648330061,0.26482440990213024,0.0,1.0,0.0,0.0,0.0,0.0,1.0,5.32
STU-11642,0.91464958768817,-0.010354648052642138,0.3735772897337672,-0.9945925006079438,0.8,0.1587426326129666,0.35924006908462885,0.0,1.0,1.0,0.0,0.0,0.0,0.0,4.28
STU-12698,0.0,-0.09082430151230551,-0.703043923267719,1.0679001733019944,-1.0,0.6946954813359529,1.2803684513529074,1.0,0.0,0.0,0.0,0.0,0.0,1.0,4.9
STU-14914,-0.7798219072922853,1.0623345717266302,1.1461071363573185,0.42132508902070354,-0.4,1.4302554027504912,-0.07138744962579152,1.0,0.0,0.0,0.0,0.0,0.0,1.0,5.83
STU-10051,0.6507564860108854,1.0623345717266302,0.39424369327401443,0.977870731186877,1.0,1.1504911591355598,0.2394933793897525,1.0,0.0,0.0,0.0,0.0,0.0,1.0,5.31
STU-10099,-0.5714852480733775,0.9222311572209648,0.35094265728492385,-2.819734827123484,-1.0,-0.2829076620825146,0.8175014392630974,0.0,1.0,0.0,0.0,0.0,0.0,1.0,4.7
STU-11990,0.5952000435525098,-0.711590199629714,0.10392992925624628,0.20852822583951966,0.6,-0.9084479371316307,0.1174438687392055,0.0,1.0,1.0,0.0,0.0,0.0,0.0,4.2
STU-10014,-0.05758815533340317,0.9057061390997836,0.67373219829451,-0.5198918058191486,0.2,1.445972495088409,1.1053540587219346,1.0,0.0,0.0,0.0,1.0,0.0,0.0,4.87
STU-13508,0.8313149240006059,-0.5449030603204104,-0.19032029257871116,1.6244458154681678,0.6,0.034577603143418574,-0.3684513529073114,0.0,1.0,0.0,0.0,0.0,1.0,0.0,4.6
STU-10724,-2.43262607042896,-2.6586684217340855,-2.111311707367467,-1.0846219427230603,0.2,-1.3422396856581533,0.4122049510650548,1.0,0.0,0.0,0.0,0.0,0.0,1.0,2.32
STU-11771,0.0,0.7605733712528897,-0.9293902477561479,0.12668327846214147,-0.4,0.0,-0.3776626367299942,1.0,0.0,0.0,0.0,1.0,0.0,0.0,4.88
STU-11212,0.4007524949481956,1.0623345717266302,0.9404272154091368,-0.07792908998130474,-1.0,0.6994106090373283,0.9303396660909615,1.0,0.0,0.0,0.0,1.0,0.0,0.0,4.95
STU-11379,0.8313149240006059,0.2605119533249778,-1.0789756448093704,0.9205792680227133,0.6,0.06915520628683687,0.2394933793897525,1.0,0.0,0.0,0.0,0.0,0.0,1.0,4.13
STU-11587,1.2757664636676112,-0.5312519583942176,1.5043247977216152,1.829058183911614,0.0,0.1728880157170923,0.2556131260794474,1.0,0.0,0.0,0.0,1.0,0.0,0.0,3.67
STU-14016,1.7896635564075856,1.0623345717266302,1.2691214431445084,0.13486777319987914,0.6,0.6758349705304518,-0.17271157167530227,1.0,0.0,0.0,0.0,0.0,1.0,0.0,5.54
STU-13808,-0.6131525799171597,0.0,-0.11552759405209928,-0.6426592268852166,0.4,-0.7465618860510806,2.80944156591825,1.0,0.0,0.0,0.0,0.0,0.0,1.0,2.99
STU-13147,0.4146416055627892,-0.4515007839832995,0.6009077286764928,-0.3807553952776052,-0.2,-0.8628683693516701,0.05987334484743807,1.0,0.0,0.0,0.0,0.0,0.0,1.0,3.87
STU-12740,0.011857397739566082,-0.21081030265305473,-0.8860892117670573,0.8387343206453336,0.2,-1.0168958742632614,2.5975820379965455,0.0,1.0,0.0,0.0,0.0,1.0,0.0,3.55
STU-13407,-0.5159288056150019,0.9200757200747238,-0.22378018402482713,0.5686459942999853,0.0,0.2860510805500983,0.23258491652274035,1.0,0.0,0.0,0.0,0.0,0.0,1.0,3.6
STU-10195,0.6646455966254802,0.16136184459789105,0.5802413251362455,0.5522770048245093,0.2,0.7544204322200393,1.5083477259643066,1.0,0.0,0.0,0.0,0.0,1.0,0.0,4.8
STU-12821,1.7896635564075856,0.0,0.24859475403798137,-0.5853677637210514,0.0,0.718271119842829,0.8934945308002303,0.0,1.0,0.0,0.0,0.0,0.0,1.0,5.21
STU-11688,-0.7242654648339096,-0.9652133038374053,0.21218251922897413,-1.3956327427570985,1.2,-1.0923379174852654,-0.42832469775474963,0.0,1.0,1.0,0.0,0.0,0.0,0.0,3.65
STU-14051,0.02574650835416092,0.24686085139878497,-0.024989064256728834,0.25763519426594716,11.4,-0.09273084479371316,0.24640184225676465,0.0,1.0,0.0,1.0,0.0,0.0,0.0,4.0
STU-14032,-1.1826061151155085,-1.538559584737512,0.5576066926874022,0.9451327522359263,-0.4,-1.5811394891944994,-0.0898100172711571,1.0,0.0,0.0,0.0,0.0,0.0,1.0,2.79
STU-11356,1.0118733619903277,0.3373892115409064,-0.40682547252416545,-0.5771832689833137,0.4,1.018467583497053,-0.33160621761658027,1.0,0.0,0.0,1.0,0.0,0.0,0.0,5.0
STU-14587,-0.3214812570106865,0.0,-2.4901957722720116,-0.4626003426549834,0.8,-0.7402750491159137,-0.46747265400115146,1.0,0.0,0.0,1.0,0.0,0.0,0.0,2.53
STU-10254,-0.7103763542193161,0.026287783433455256,0.6383040779397994,-0.6262902374097405,0.0,-0.6051080550098232,0.26482440990213024,1.0,0.0,0.0,0.0,0.0,1.0,0.0,4.3
STU-11916,-0.015920823489621122,0.7541070598141665,0.7760801015414511,-0.1843275215718967,0.4,0.20117878192534375,-0.280944156591825,1.0,0.0,1.0,0.0,0.0,0.0,0.0,4.55
STU-11900,-0.4881505843858135,-0.817206619795523,0.3991642655455018,-0.9045630584928273,0.4,-1.0184675834970531,0.9165227403569373,1.0,0.0,0.0,0.0,0.0,0.0,1.0,3.73
STU-11486,-0.5853743586879712,0.37403164302700376,0.3233874525645932,0.2821886784791602,-0.4,0.5218074656188606,0.8520437535981579,1.0,0.0,0.0,0.0,0.0,0.0,1.0,3.56
STU-10995,1.2202100212092355,0.511979620386428,0.06161300772145373,0.16760575215083057,0.8,-0.07701375245579573,0.4467472654001153,0.0,1.0,0.0,0.0,0.0,1.0,0.0,4.52
STU-14171,1.150764468136266,1.0623345717266302,1.5043247977216152,1.0842691627774697,0.6,1.2919449901768176,-0.7737478411053541,1.0,0.0,0.0,0.0,0.0,1.0,0.0,6.53
STU-11205,-0.3353703676252814,0.19800427608398843,1.5043247977216152,-2.4186945849743298,0.4,0.29862475442043235,-0.310880829015544,1.0,0.0,0.0,0.0,1.0,0.0,0.0,3.74
STU-13347,-0.18259015086474806,0.0,0.8646504024282283,0.06939181529797629,0.6,1.2133595284872303,1.0017271157167533,0.0,1.0,0.0,0.0,0.0,0.0,1.0,5.6
STU-11968,-0.8909347922090366,-2.416540982306347,-2.6456858560510197,-1.7066435427911368,-1.0,-1.1426326129666013,-0.13816925734024174,0.0,1.0,0.0,1.0,0.0,0.0,0.0,2.05
STU-11163,0.8174258133860123,0.6032264595772968,0.18561142896294014,-0.42167786896629433,0.2,0.2907662082514735,-0.5434657455382844,0.0,1.0,0.0,0.0,1.0,0.0,0.0,5.33
STU-11222,-0.6964872436047225,-0.5872933241964826,-3.155457143377134,-0.7326886690003325,-0.8,0.15717092337917488,0.0,1.0,0.0,0.0,0.0,1.0,0.0,0.0,3.14
STU-13219,0.5257544904795405,-0.14255479302208945,0.5526861204159148,-2.549646500778135,0.8,-0.4903732809430255,-0.7967760506620611,1.0,0.0,0.0,0.0,0.0,1.0,0.0,3.91
STU-10884,-0.15481192963556084,0.17573142557283125,0.715065005375006,0.5931994785131991,-0.6,0.719842829076621,-1.0362694300518136,1.0,0.0,1.0,0.0,0.0,0.0,0.0,4.04
STU-12296,1.150764468136266,1.0623345717266302,1.3212795092222769,1.370726478598294,0.2,1.4616895874263263,-0.7760506620610248,0.0,1.0,1.0,0.0,0.0,0.0,0.0,5.44
STU-13716,-0.9881585665111943,-2.6457357988566397,-1.1163719940726755,0.9369482574981887,0.4,-0.5893909626719058,0.32700057570523894,0.0,1.0,0.0,1.0,0.0,0.0,0.0,3.59
STU-14675,-1.4881665486365752,0.8431984618587952,0.688493915108972,1.0842691627774697,0.8,0.587819253438114,-0.17040875071963163,0.0,1.0,0.0,0.0,1.0,0.0,0.0,5.23
STU-10048,0.6785347072400738,0.1419629102817223,-0.9343108200276352,1.3870954680737695,2.0,0.037721021611002006,-1.0523891767415086,0.0,1.0,0.0,0.0,0.0,1.0,0.0,4.19
STU-10439,0.5257544904795405,1.0623345717266302,-0.8388517179607761,-1.1091754269362735,1.6,1.0923379174852657,-0.766839378238342,0.0,1.0,0.0,1.0,0.0,0.0,0.0,4.94
STU-14021,1.7896635564075856,0.4351023621704984,-0.22968487075061247,-0.6672127110984296,0.4,-0.44479371316306493,0.9096142774899253,0.0,1.0,0.0,0.0,0.0,1.0,0.0,4.84
STU-13090,-0.4048159206982506,1.0623345717266302,0.10786638707343697,0.4868010469226064,-0.6,0.2907662082514735,-1.1076568796776052,1.0,0.0,0.0,0.0,0.0,0.0,1.0,4.97
STU-10135,0.7063129284692611,-0.7877489787968962,-0.6951710076333376,-0.4707848373927218,-0.6,0.6098231827111986,0.5710995970063327,1.0,0.0,0.0,0.0,0.0,0.0,1.0,4.57
STU-13507,-1.1270496726571329,0.8654713123699525,0.7219538065550879,-0.6426592268852166,2.2,-0.1210216110019646,0.5964306275187107,1.0,0.0,0.0,0.0,0.0,0.0,1.0,4.89
STU-13661,-0.08536637656259037,1.0623345717266302,0.2633564708524447,-0.8472715953286628,0.0,0.6805500982318272,-0.9188255613126081,0.0,1.0,0.0,0.0,1.0,0.0,0.0,4.72
STU-12119,0.13685939327091098,-0.358816986694937,0.15411976642542022,0.3804026153320144,0.8,-0.3111984282907663,0.8405296488198043,1.0,0.0,0.0,0.0,0.0,1.0,0.0,4.22
STU-13485,1.039651583219515,0.5435926985312959,1.1037902148225258,0.4786165521848687,-1.0,1.2777996070726918,-0.37996545768566486,0.0,1.0,0.0,0.0,0.0,0.0,1.0,6.04
STU-14851,0.16463761450009942,-1.27559625289611,-0.20409789493887648,2.7457215945382525,1.4,-0.5249508840864441,0.0,0.0,1.0,0.0,0.0,0.0,1.0,0.0,4.04
STU-12413,1.3729902379697687,1.0623345717266302,1.5043247977216152,-0.5117073110814109,1.2,0.7119842829076621,-0.3914795624640185,1.0,0.0,0.0,0.0,0.0,1.0,0.0,5.6
STU-10191,0.20630494634388147,0.8396060666150604,1.5043247977216152,0.3967716048074905,2.0,-0.5092337917485267,-0.6125503742084053,1.0,0.0,0.0,1.0,0.0,0.0,0.0,4.58
STU-10854,-0.2242574827085301,0.3991784097331484,1.5043247977216152,0.6177529627264121,1.8,0.24047151277013745,0.5572826712723088,1.0,0.0,0.0,0.0,0.0,1.0,0.0,4.7
STU-14620,-0.4603723631566263,-0.472336676396963,-0.2710176778311084,0.7159668995792663,-0.6,-0.906876227897839,0.07829591249280367,1.0,0.0,0.0,1.0,0.0,0.0,0.0,3.5
STU-10116,0.44241982679197767,1.0623345717266302,-0.18835206367011653,-1.4365552164457878,-0.8,0.30019646365422403,1.8215313759355216,1.0,0.0,0.0,1.0,0.0,0.0,0.0,4.18
STU-11629,-0.5437070268441891,-1.3280452234546405,-1.9882974005802767,0.6095684679886744,0.8,-0.6616895874263262,0.6263672999424295,1.0,0.0,0.0,0.0,1.0,0.0,0.0,2.83
STU-14273,-0.5020396950004083,1.017788870704316,0.38538666318533643,0.42950958375844195,1.2,0.18703339882121803,-0.33621185952792176,1.0,0.0,0.0,0.0,0.0,1.0,0.0,4.75
STU-10774,-0.8076001285214738,-0.6260911928288211,1.3035654490449209,0.41314059428296585,0.6,-0.46051080550098233,0.17962003454231443,1.0,0.0,0.0,0.0,1.0,0.0,0.0,3.76
STU-10018,-0.2103683720939365,1.0623345717266302,0.0645653510843464,1.3379884996473435,-0.4,1.3092337917485268,-0.9234312032239494,1.0,0.0,0.0,0.0,1.0,0.0,0.0,5.02
STU-14707,0.22019405695847505,-0.8739664646465365,0.5772889817733527,0.3967716048074905,1.0,-0.7827111984282908,0.6816350028785263,1.0,0.0,0.0,0.0,0.0,1.0,0.0,3.66
STU-12372,0.17852672511469303,1.0623345717266302,-0.09289296160325737,1.313435015434129,-0.6,0.0,-0.812895797351756,1.0,0.0,0.0,0.0,0.0,0.0,1.0,5.08
STU-10662,-1.529833880480356,-0.7640391701882454,0.706207975286328,-0.5117073110814109,0.2,-1.2039292730844795,-0.45826137017846863,1.0,0.0,0.0,0.0,0.0,0.0,1.0,3.3
STU-14379,1.3452120167405803,-0.14039935587584837,0.4769093074350063,-0.8063491216399737,0.4,1.0294695481335954,-1.0316637881404722,0.0,1.0,0.0,0.0,1.0,0.0,0.0,5.74
STU-11880,-0.4048159206982506,1.0623345717266302,0.02323254400385046,-2.803365837648008,1.6,-0.3080550098231826,-0.6977547495682211,1.0,0.0,0.0,0.0,0.0,0.0,1.0,4.26
STU-11015,0.4146416055627892,-0.20362551216558514,-1.2354498430426761,1.5753388470417402,-0.6,-0.45893909626719065,0.5618883131836502,0.0,1.0,1.0,0.0,0.0,0.0,0.0,4.61
STU-12421,-0.349259478239875,0.3359522534434127,0.19643668796021277,0.12668327846214147,-0.6,0.5956777996070729,0.4674726540011515,1.0,0.0,0.0,0.0,0.0,0.0,1.0,4.97
STU-10050,1.081318915063297,1.0623345717266302,-0.9284061333018498,1.2397745627944883,-0.6,-0.6098231827111984,-0.8105929763960853,0.0,1.0,0.0,0.0,1.0,0.0,0.0,4.37
STU-10010,-0.3214812570106865,-0.9228230399613321,-0.36155620762647883,-0.3480174163266538,0.6,-1.3249508840864441,0.9925158318940703,0.0,1.0,1.0,0.0,0.0,0.0,0.0,3.37
STU-11890,-0.26592481455231215,0.0,-0.43044421942730543,-0.42167786896629433,-0.8,0.0,0.2717328727691424,1.0,0.0,0.0,0.0,0.0,0.0,1.0,3.86
STU-13410,1.1090971362924842,-0.3660017771824066,1.3084860213164096,1.1170071417284204,0.6,-0.04086444007858543,0.2579159470351181,0.0,1.0,0.0,0.0,0.0,0.0,1.0,4.84
STU-12425,-0.9603803452820071,-1.6448944839520678,-0.5554267551230913,-0.48715382686819714,-0.8,-1.7304518664047155,-0.5526770293609673,1.0,0.0,0.0,0.0,0.0,1.0,0.0,2.61
STU-11895,-1.085382340813352,0.35104031346709924,0.33618094047046054,-0.6017367531965275,-0.6,0.6601178781925346,0.050662061024755276,0.0,1.0,0.0,0.0,0.0,0.0,1.0,4.78
STU-13088,0.5952000435525098,0.09813568830815532,-1.0750391869921796,0.053022825822500945,-1.0,0.0,-0.6516983304548072,1.0,0.0,0.0,0.0,0.0,1.0,0.0,3.75
STU-13879,-0.39092681008365704,-0.1310591282421377,0.31453042247591523,-0.3971243847530813,0.0,0.06915520628683687,-0.4052964881980426,1.0,0.0,0.0,1.0,0.0,0.0,0.0,4.05
STU-14552,1.7896635564075856,1.0623345717266302,1.5043247977216152,-1.3628947638061473,0.2,1.3076620825147347,0.1312607944732298,0.0,1.0,0.0,0.0,0.0,0.0,1.0,6.45
STU-14624,0.6507564860108854,0.001859495776056993,0.8233175953477324,-0.42167786896629433,1.4,0.2954813359528489,0.0,1.0,0.0,1.0,0.0,0.0,0.0,0.0,5.38
STU-10019,0.09519206142713017,-0.2805027703815137,-1.526747721514741,-1.9521783849232721,0.8,0.21218074656188604,0.6862406447898676,0.0,1.0,0.0,0.0,1.0,0.0,0.0,3.53
STU-13260,0.1507485038855058,0.013355160556009778,-1.1271972530699481,-0.23343448999832417,1.4,-0.12416502946954802,0.2118595279217041,0.0,1.0,0.0,0.0,0.0,0.0,1.0,4.1
STU-13561,0.553532711708729,0.0,1.3985107533152335e-15,1.0024242154000915,-0.6,1.2998035363457765,0.35924006908462885,1.0,0.0,0.0,0.0,0.0,1.0,0.0,5.75
STU-13035,0.6090891541671046,-0.10088300819476355,0.6530657947542613,-0.22524999526058578,0.0,-0.03929273084479372,-0.44905008635578586,0.0,1.0,0.0,0.0,0.0,1.0,0.0,4.89
STU-13204,0.1924158357292866,0.42504365548804035,-0.7522496459825949,-0.7163196795248571,-0.4,0.15717092337917488,-0.06908462867012087,0.0,1.0,0.0,0.0,1.0,0.0,0.0,4.06
STU-10448,0.06741384019794172,1.0623345717266302,0.7721436437242618,0.18397474162630664,-0.2,1.0404715127701376,-0.38457109959700636,1.0,0.0,1.0,0.0,0.0,0.0,0.0,5.08
STU-10836,-0.4048159206982506,1.0623345717266302,1.1392183351772365,0.3149266574301116,0.4,1.2589390962671907,-0.36154289004029927,1.0,0.0,0.0,1.0,0.0,0.0,0.0,5.36
STU-13290,-1.2937190000322598,-0.7733793978219561,-0.48457051441366866,0.3722181205942768,0.6,-0.5218074656188606,0.0,1.0,0.0,0.0,1.0,0.0,0.0,0.0,2.94
STU-14389,0.5952000435525098,0.0,0.4670681628920303,0.7405203837924801,-1.0,1.5449901768172891,0.24409902130109398,0.0,1.0,0.0,1.0,0.0,0.0,0.0,5.94
STU-13985,-0.9187130134382251,0.053589987285840954,0.2731976153954193,-1.3547102690684094,1.0,-0.3944990176817289,1.3425446171560165,0.0,1.0,0.0,1.0,0.0,0.0,0.0,3.35
STU-10381,0.5257544904795405,0.002577974824804361,-1.2256086984997001,0.4049560995452282,0.6,0.3049115913555992,1.9597006332757634,1.0,0.0,0.0,0.0,0.0,1.0,0.0,3.92
STU-13234,-0.8214892391360673,-0.6814140795823399,0.3922754643654198,-0.45441584791724576,-0.2,0.5736738703339883,0.43523316062176187,1.0,0.0,0.0,0.0,1.0,0.0,0.0,3.86
STU-12124,-0.3214812570106865,-1.7512293831666237,0.11278695934492429,-0.6508437216229542,-0.2,-0.18074656188605118,-0.2302820955670697,1.0,0.0,0.0,0.0,0.0,1.0,0.0,3.88
STU-12801,-1.8215052033868278,-0.7367369663358596,-1.531668293786228,0.6668599311528396,0.2,0.0,0.0,1.0,0.0,0.0,0.0,0.0,0.0,1.0,2.33
STU-12376,-0.09925548717718521,-0.3178636809163574,-1.6960154076539138,1.3952799628115085,0.8,-0.6035363457760315,0.47207829591249284,1.0,0.0,0.0,0.0,0.0,0.0,1.0,4.27
STU-11495,-0.0020317128750275202,-0.38324527435233524,-0.8112965132404454,0.3722181205942768,0.8,-0.34106090373280945,-0.8520437535981578,0.0,1.0,1.0,0.0,0.0,0.0,0.0,3.88
STU-12378,1.6229942290324586,1.0623345717266302,-0.06533775688292674,-0.6017367531965275,1.4,0.9115913555992141,0.26021876799078875,0.0,1.0,0.0,1.0,0.0,0.0,0.0,5.79
STU-12620,-1.0298258983549764,-0.3595354657436844,-1.4834466855256503,-1.3383412795929335,0.8,-0.16188605108055001,-0.31778929188255617,1.0,0.0,0.0,0.0,1.0,0.0,0.0,2.69
STU-14988,0.5813109329379161,0.3129609238835081,0.02323254400385046,0.7487048785302177,0.0,0.4903732809430258,0.0,1.0,0.0,0.0,0.0,0.0,0.0,1.0,4.47
STU-14452,0.8174258133860123,0.5708949023836816,-0.033846094345405434,-0.49533832160593483,1.6,0.2970530451866406,1.3494530800230284,1.0,0.0,0.0,0.0,0.0,0.0,1.0,4.94
STU-11273,-1.3909427743344174,-2.106158033247642,-1.3309089451095353,0.20852822583951966,-0.2,-1.7304518664047155,0.27633851468048365,1.0,0.0,1.0,0.0,0.0,0.0,0.0,1.31
STU-13135,0.13685939327091098,0.1584879284029036,0.12164398943360229,0.9860552259246161,0.0,0.5202357563850689,-0.2394933793897525,1.0,0.0,0.0,0.0,0.0,1.0,0.0,4.71
STU-12641,0.3174178312606327,0.19010100654777146,-1.3673211799185438,0.0,-0.4,0.1838899803536346,-0.1934369602763385,0.0,1.0,0.0,0.0,0.0,0.0,1.0,3.97
STU-12551,-0.05758815533340317,1.0623345717266302,1.5043247977216152,-0.2825414584247509,0.4,1.3469548133595284,-0.8773747841105355,1.0,0.0,0.0,1.0,0.0,0.0,0.0,5.85
STU-10645,0.24797227818766227,0.7656027245941193,-0.0033385462621821444,0.22489721531499574,1.0,0.19332023575638516,0.5826137017846864,0.0,1.0,0.0,0.0,0.0,0.0,1.0,4.92
STU-10382,1.1368753575216726,0.8654713123699525,0.35783145846500586,0.0,-1.0,0.6459724950884089,0.0,0.0,1.0,0.0,0.0,0.0,0.0,1.0,5.8
STU-14286,0.1507485038855058,1.0623345717266302,0.7770642159957492,1.0515311838265176,0.8,0.5721021611001966,-0.32239493379389744,1.0,0.0,0.0,0.0,0.0,1.0,0.0,5.32
STU-12342,0.22019405695847505,0.08951393972319098,-0.7414243869853209,-0.31527943737570235,0.6,-1.068762278978389,0.2625215889464596,1.0,0.0,0.0,0.0,0.0,0.0,1.0,2.89
STU-13924,0.0,1.0623345717266302,1.5043247977216152,1.04334668908878,-0.6,0.1838899803536346,-0.01842256764536559,1.0,0.0,1.0,0.0,0.0,0.0,0.0,5.8
STU-12218,-0.877045681594443,0.4739002308028369,-0.7866936518830074,0.06120732056023862,0.8,0.24047151277013745,-0.5710995970063328,1.0,0.0,0.0,0.0,0.0,1.0,0.0,4.2
STU-14810,-0.6964872436047225,-1.0600525382720098,-2.254992417694905,0.07757631003571397,0.8,0.25461689587426345,-0.3960852043753598,0.0,1.0,0.0,0.0,1.0,0.0,0.0,3.85
STU-13711,1.7896635564075856,-0.18350809880066904,-0.703043923267719,-0.06974459524356708,0.6,1.018467583497053,-0.8175014392630974,0.0,1.0,0.0,0.0,0.0,0.0,1.0,4.67
STU-12121,-0.41870503131284426,1.0623345717266302,0.22497600713484142,1.9436411102399442,1.6,0.3316306483300589,-0.2694300518134715,1.0,0.0,0.0,1.0,0.0,0.0,0.0,4.05
STU-14531,-0.18259015086474806,0.25907499522748306,-2.0955658760987066,-0.4380468584417704,0.2,-1.2149312377210217,0.28324697754749584,1.0,0.0,0.0,0.0,1.0,0.0,0.0,2.4
STU-13683,-0.6409308011463468,-0.06998840909864307,-0.6754887185473883,0.5440925100867715,-1.0,-0.38821218074656205,0.17731721358664376,0.0,1.0,0.0,0.0,0.0,0.0,1.0,4.09
STU-13270,0.1507485038855058,0.7009396102068888,-0.30349345482292633,1.313435015434129,-0.4,0.24361493123772118,0.320092112838227,1.0,0.0,0.0,0.0,1.0,0.0,0.0,3.82
STU-12999,-0.11314459779177881,0.3359522534434127,1.229756864972607,-1.2237583532646037,1.0,-0.3677799607072692,0.8336211859527923,1.0,0.0,1.0,0.0,0.0,0.0,0.0,4.42
STU-11481,-0.7798219072922853,1.0623345717266302,1.3015972201363262,-0.6426592268852166,-0.6,0.25461689587426345,2.705814622913069,1.0,0.0,0.0,0.0,0.0,0.0,1.0,4.05
STU-12484,0.33130694187522636,1.0623345717266302,1.1215042749998805,-0.24161898473606186,0.2,1.3500982318271124,-0.5618883131836501,0.0,1.0,0.0,0.0,0.0,0.0,1.0,5.38
STU-11799,-0.30759214639609295,-0.28122124943026106,-1.597603962224162,1.0515311838265176,0.0,-0.38664047151277003,-0.8520437535981578,1.0,0.0,0.0,1.0,0.0,0.0,0.0,3.68
STU-12247,1.7896635564075856,1.0623345717266302,0.633383505668312,0.20852822583951966,0.6,1.7886051080550103,1.1306850892343125,0.0,1.0,0.0,0.0,0.0,0.0,1.0,6.4
STU-14009,0.7757584815422303,-0.29271691421021284,-0.47472936987069403,-0.037006616292615646,0.0,0.22475442043222002,1.4093264248704664,1.0,0.0,0.0,0.0,0.0,1.0,0.0,4.54
STU-12233,-1.2381625575738842,1.050120427897931,-0.22574841293342177,1.1170071417284204,-0.2,-0.532809430255403,0.5388601036269433,1.0,0.0,0.0,0.0,1.0,0.0,0.0,3.61
STU-12518,0.7757584815422303,0.4228882183417993,1.5043247977216152,-0.42986236370403197,0.6,0.1241650294695483,-1.0362694300518136,1.0,0.0,0.0,0.0,0.0,0.0,1.0,4.39
STU-14769,-0.1270337084063724,-3.3146397932400973,0.012407285006577812,0.9615017417114017,-0.2,-1.456974459724951,-0.9648819804260219,0.0,1.0,0.0,0.0,0.0,0.0,1.0,3.78
STU-11979,-1.3492754424906355,-1.4006116073780879,1.012267570572856,-0.42986236370403197,0.8,-0.8990176817288803,0.6954519286125506,1.0,0.0,0.0,0.0,0.0,1.0,0.0,3.86
STU-11274,0.9007604770735764,1.0623345717266302,1.3985107533152335e-15,-0.699950690049381,-0.2,0.5783889980353635,0.6125503742084056,1.0,0.0,0.0,0.0,0.0,0.0,1.0,5.69
STU-13643,1.4285466804281444,-1.5069465065926442,0.9148402395974022,0.9696862364491393,1.0,0.07229862475442057,0.06908462867012087,1.0,0.0,0.0,0.0,1.0,0.0,0.0,4.89
STU-10618,0.2757504994168507,0.12903028740427683,-0.5918389899320985,0.5931994785131991,-0.6,0.3756385068762281,0.59412780656304,1.0,0.0,0.0,0.0,0.0,0.0,1.0,4.08
STU-12709,1.7896635564075856,1.0285660564355212,0.4237671269029397,0.2412662047904711,0.0,1.244793713163065,-1.1191709844559585,1.0,0.0,0.0,0.0,0.0,0.0,1.0,5.68
STU-11516,-0.7798219072922853,0.18507165320654295,-0.09486119051185202,-0.7326886690003325,-0.4,-0.14931237721021604,-0.06217616580310872,0.0,1.0,0.0,0.0,0.0,1.0,0.0,4.16
STU-10850,1.1924317999800482,-0.8021185597718364,0.33716505492475857,-1.4856621848722145,0.2,-0.42278978388998034,0.2878526194588371,0.0,1.0,0.0,1.0,0.0,0.0,0.0,4.25
STU-13623,-0.2103683720939365,0.6053818967235378,-0.06730598579152139,-2.181344237579932,-0.4,0.34106090373280945,0.4467472654001153,0.0,1.0,0.0,0.0,0.0,1.0,0.0,4.03
STU-14034,-1.4326101061781995,0.03131713677468479,-0.50818926131681,0.699597910103791,1.2,0.11473477406679773,0.9303396660909615,1.0,0.0,1.0,0.0,0.0,0.0,0.0,3.37
STU-11549,1.7063288927200226,1.0623345717266302,0.17675439887426353,0.5850149837754607,0.8,0.9383104125736741,0.33160621761658043,0.0,1.0,0.0,0.0,1.0,0.0,0.0,5.24
STU-10744,0.6924238178546674,0.17429446747533753,-0.16670154567557124,-1.723012532266612,-0.2,0.6223968565815327,0.9671848013816927,1.0,0.0,0.0,1.0,0.0,0.0,0.0,4.01
STU-11325,1.2202100212092355,1.0623345717266302,0.10097758589335362,0.5768304890377229,0.0,1.477406679764244,-0.052964881980425926,1.0,0.0,0.0,0.0,0.0,0.0,1.0,6.01
STU-14186,1.3452120167405803,0.5902938366998514,1.3985107533152335e-15,0.3640336258565391,0.2,-0.2216110019646366,-0.06908462867012087,1.0,0.0,0.0,1.0,0.0,0.0,0.0,4.92
STU-12272,-1.4048318849490111,-0.11597106821845114,-0.9008509285815193,-0.929116542706041,0.2,-0.875442043222004,0.4997121473805412,1.0,0.0,0.0,0.0,0.0,0.0,1.0,3.4
STU-10698,-1.5992794335533265,1.0623345717266302,0.37259317527946917,0.33129564690558766,0.0,-0.017288801571709148,0.508923431203224,1.0,0.0,0.0,1.0,0.0,0.0,0.0,4.21
STU-10810,-0.2242574827085301,0.601789501479803,1.3985107533152335e-15,-0.929116542706041,0.6,-0.2719056974459726,-0.6724237190558435,1.0,0.0,0.0,0.0,0.0,0.0,1.0,3.13
STU-11214,0.9840951407611392,0.0,0.9335384142290548,0.3558491311188014,-0.6,-0.6176817288801573,-0.6540011514104779,1.0,0.0,0.0,0.0,0.0,1.0,0.0,4.04
STU-14367,0.2896396100314443,1.0163519126068221,1.0575368354705412,0.33948014164332535,-0.6,0.0,0.1934369602763385,0.0,1.0,0.0,0.0,0.0,0.0,1.0,5.32
STU-10728,1.081318915063297,1.0623345717266302,-0.11355936514350463,-0.7490576584758085,-0.8,1.219646365422397,-0.1934369602763385,1.0,0.0,0.0,0.0,1.0,0.0,0.0,4.68
STU-13578,0.22019405695847505,0.19225644369401254,-2.70079626549168,-0.16795853209642134,-1.0,-1.001178781925344,0.4283246977547497,0.0,1.0,1.0,0.0,0.0,0.0,0.0,3.78
STU-14845,-1.8770616458452034,-0.9673687409836463,-0.660727001732925,0.0,0.8,0.012573673870334002,-0.6056419113413932,0.0,1.0,0.0,0.0,0.0,1.0,0.0,3.04
STU-14405,1.081318915063297,-1.4394094760104252,0.5851618974077327,-0.8472715953286628,0.6,0.0,-0.1128382268278642,1.0,0.0,0.0,0.0,0.0,1.0,0.0,3.96
STU-10802,0.0,1.0623345717266302,0.1137710737992223,0.2658196890036848,0.4,1.9253438113948926,-0.6563039723661486,1.0,0.0,0.0,1.0,0.0,0.0,0.0,5.56
STU-14473,-1.1270496726571329,1.0623345717266302,-0.2710176778311084,-0.41349337422855664,-0.4,-0.875442043222004,0.18883131836499722,1.0,0.0,0.0,0.0,0.0,0.0,1.0,3.52
STU-12741,-0.16870104025015445,-0.9379110999850196,0.5044645121553369,-0.5526297847701,0.0,-0.707269155206287,0.5227403569372483,1.0,0.0,0.0,0.0,1.0,0.0,0.0,3.66
STU-10476,0.16463761450009942,-1.195845078485193,-0.7158374111735862,0.42132508902070354,0.6,0.0,-0.455958549222798,0.0,1.0,0.0,0.0,0.0,1.0,0.0,2.93
STU-12140,0.8590931452297944,0.633402579624671,0.007486712735090501,-0.037006616292615646,1.2,0.41335952848723007,-0.8566493955094993,0.0,1.0,0.0,0.0,1.0,0.0,0.0,4.9
STU-11307,1.1646535787508598,0.6025079805285494,-0.03483020879970346,0.7732583627434315,0.0,-0.15717092337917488,1.1445020149683363,0.0,1.0,1.0,0.0,0.0,0.0,0.0,5.13
STU-13930,0.24797227818766227,1.0623345717266302,0.859729830156741,-0.11885156366999385,-0.6,-0.13988212180746573,0.7484168105929767,1.0,0.0,1.0,0.0,0.0,0.0,0.0,5.12
STU-10806,-1.4048318849490111,-0.9544361181061999,0.11869164607070962,0.18397474162630664,-1.0,-0.38664047151277003,2.155440414507772,1.0,0.0,0.0,0.0,0.0,0.0,1.0,3.57
STU-10144,-0.05758815533340317,1.0623345717266302,1.0752508956478972,0.053022825822500945,-0.6,0.7842829076620826,1.1283822682786413,0.0,1.0,1.0,0.0,0.0,0.0,0.0,5.57
STU-11389,-0.04369904471880956,1.0623345717266302,0.7504931257297165,0.06939181529797629,0.4,0.24204322200392947,-0.7576280944156593,1.0,0.0,0.0,0.0,0.0,1.0,0.0,4.93
STU-10596,-1.0714932301987572,-1.4652747217653184,-0.7473290737111061,0.3640336258565391,-0.6,-0.2561886051080549,-0.07369027058146216,1.0,0.0,1.0,0.0,0.0,0.0,0.0,2.82
STU-13721,-0.4742614737712199,-0.19715920072686188,1.272073786507401,0.6013839732509367,0.2,-0.47465618860510805,0.013816925734024297,1.0,0.0,0.0,0.0,1.0,0.0,0.0,3.73
STU-10167,-0.4603723631566263,1.0623345717266302,0.65798636702575,-0.12703605840773224,2.0,0.4432220039292732,-0.2579159470351181,1.0,0.0,0.0,0.0,0.0,1.0,0.0,5.31
STU-12512,-1.1270496726571329,0.5076687460939459,-0.07517890142590138,1.6489992996813807,-0.6,-0.4542239685658155,0.0,1.0,0.0,0.0,0.0,0.0,1.0,0.0,3.87
STU-14104,0.05352472958334813,1.0623345717266302,0.10688227261913895,0.7077824048415287,-0.4,0.5249508840864441,-0.6516983304548072,1.0,0.0,0.0,0.0,0.0,0.0,1.0,5.11
STU-10943,0.10908117204172377,-0.17416787116695734,-0.507205146862512,1.5753388470417402,0.4,0.22946954813359546,0.0,1.0,0.0,0.0,0.0,0.0,0.0,1.0,4.4
STU-13117,-1.04371500896957,-0.08004711578110112,-0.862470464863916,-0.24161898473606186,0.8,-0.004715127701375146,-0.2164651698330454,1.0,0.0,0.0,1.0,0.0,0.0,0.0,3.81
STU-12180,-0.5159288056150019,0.7009396102068888,0.3391332838333532,0.2740041837414225,0.4,-0.12888015717092344,0.0,1.0,0.0,0.0,0.0,0.0,0.0,1.0,4.23
STU-10269,-0.3353703676252814,1.0623345717266302,1.3985107533152335e-15,-0.5935522584587891,0.8,0.5406679764243615,0.10592976396085205,1.0,0.0,0.0,0.0,0.0,1.0,0.0,4.71
STU-11608,-0.557596137458784,-0.562146557490338,0.24367418176649405,-0.3070949426379647,-0.4,-1.188212180746562,2.318940702360392,1.0,0.0,0.0,0.0,1.0,0.0,0.0,3.28
STU-14067,-0.557596137458784,0.19081948559651885,0.5841777829534361,0.9369482574981887,-0.2,-0.20589390962671916,-0.2256764536557282,0.0,1.0,0.0,1.0,0.0,0.0,0.0,5.3
STU-10350,0.5674218223233225,0.7260863769130335,0.7091603186492206,-0.48715382686819714,-0.6,0.6051080550098232,-0.21416234887737476,1.0,0.0,0.0,0.0,0.0,1.0,0.0,4.64
STU-13521,-0.015920823489621122,-0.38899310674231113,0.9266496130489715,-0.2743569636870133,1.4,0.048722986247544293,0.10592976396085205,1.0,0.0,0.0,0.0,0.0,0.0,1.0,4.37
STU-12051,0.4007524949481956,1.0623345717266302,1.5043247977216152,-1.346525774330671,-0.4,0.0,0.6332757628094419,1.0,0.0,0.0,0.0,0.0,0.0,1.0,5.8
STU-13915,-2.18262207936627,0.4343838831217521,0.30468927793294065,-0.4707848373927218,1.4,0.4055009823182712,-0.8359240069084629,1.0,0.0,0.0,0.0,0.0,1.0,0.0,3.05
STU-14949,0.34519605248981994,1.0623345717266302,0.13443747733946956,-1.1173599216740118,-1.0,0.9320235756385072,0.5457685664939552,1.0,0.0,0.0,0.0,0.0,1.0,0.0,5.02
STU-13146,0.33130694187522636,1.0594606555316417,-0.5239350925855699,0.8714722995962858,-0.2,0.009430255402750571,0.18883131836499722,1.0,0.0,0.0,0.0,0.0,0.0,1.0,4.56
STU-11181,1.6646615608762405,0.8216440903963854,1.5043247977216152,-1.0109614900834198,0.2,0.8534381139489198,0.7921704087507199,1.0,0.0,0.0,0.0,1.0,0.0,0.0,5.63
STU-14896,1.7896635564075856,-0.5010758383468434,0.6264947044882287,-0.5935522584587891,-1.0,0.11159135559921429,0.4605641911341394,0.0,1.0,0.0,0.0,1.0,0.0,0.0,4.49
STU-10084,-0.2381465933231237,-0.42348010108216744,-0.36942912326086025,0.12668327846214147,-0.2,0.11316306483300602,-0.1082325849165227,0.0,1.0,0.0,0.0,0.0,1.0,0.0,3.87
STU-13691,-0.9048239028236315,0.6125666872110075,-0.3084140270944136,0.1921592363640443,-0.6,0.13202357563850686,-0.895797351755901,1.0,0.0,0.0,0.0,0.0,1.0,0.0,4.64
STU-12781,0.0,1.0623345717266302,-0.07714713033449601,1.370726478598294,0.4,1.2557956777996073,-0.8566493955094993,1.0,0.0,0.0,0.0,0.0,1.0,0.0,4.62
STU-11548,-0.5853743586879712,-1.0658003706619859,-0.6912345498161483,1.518047383877575,0.2,-0.7166994106090374,-0.26021876799078875,1.0,0.0,1.0,0.0,0.0,0.0,0.0,3.71
STU-11329,0.06741384019794172,1.0623345717266302,1.3862310632059127,-2.5332775113026593,-0.6,0.6129666011787821,-0.35463442717328736,0.0,1.0,0.0,0.0,0.0,1.0,0.0,4.73
STU-14232,0.8729822558443879,1.0623345717266302,1.3985107533152335e-15,0.7978118469566453,0.6,-1.1662082514734775,1.1007484168105932,0.0,1.0,0.0,0.0,0.0,0.0,1.0,5.48
STU-11203,0.9285386983027636,1.0623345717266302,0.05374009208707375,-0.6835817005739057,-0.2,1.0121807465618862,-0.9441565918249857,1.0,0.0,0.0,0.0,1.0,0.0,0.0,4.82
STU-11012,-0.3631485888544686,1.0623345717266302,-0.4235554182472235,1.1170071417284204,1.6,-0.011001964636542285,-0.37996545768566486,1.0,0.0,0.0,0.0,1.0,0.0,0.0,3.73
STU-12593,0.24797227818766227,1.0623345717266302,-0.7591384471626769,0.4949855416603448,0.6,1.1677799607072696,-0.4006908462867013,1.0,0.0,0.0,0.0,0.0,1.0,0.0,5.22
STU-10540,1.4702140122719252,1.0623345717266302,1.4196909546520287,0.6013839732509367,1.2,0.4935166994106092,-0.11514104778353484,0.0,1.0,0.0,0.0,0.0,0.0,1.0,5.89
STU-10053,0.6229782647816982,-0.6742292890948702,-0.7542178748911895,0.2740041837414225,1.0,0.1823182711198429,-0.20955670696603346,0.0,1.0,0.0,0.0,0.0,0.0,1.0,3.83
STU-14713,-1.3076081106468547,-0.3660017771824066,-0.7138691822649916,1.2888815312209159,-0.4,-0.8927308447937132,1.2343120322394936,1.0,0.0,1.0,0.0,0.0,0.0,0.0,3.09
STU-14770,1.3729902379697687,0.9624659839507971,0.7288426077351712,-1.0846219427230603,0.8,0.24204322200392947,-0.5572826712723087,1.0,0.0,0.0,0.0,0.0,1.0,0.0,4.94
STU-14795,1.7896635564075856,0.23177279137509738,0.4267194702658324,0.5440925100867715,0.4,0.21060903732809433,-0.6447898675877951,0.0,1.0,0.0,1.0,0.0,0.0,0.0,4.93
STU-11812,-1.7381705396992648,-0.7151825948734488,1.3985107533152335e-15,1.6981062681078083,0.0,-0.20589390962671916,-0.27864133563615434,0.0,1.0,0.0,0.0,0.0,0.0,1.0,3.86
STU-14720,-0.3353703676252814,-1.1987189946801804,-0.19425675039590187,1.0269776996133044,0.0,-0.5139489194499018,-0.5227403569372482,0.0,1.0,0.0,0.0,0.0,1.0,0.0,3.5
STU-12547,-0.7798219072922853,-1.2224288032888313,-0.31333459936590097,0.07757631003571397,0.6,-0.7308447937131631,0.011514104778353443,1.0,0.0,0.0,0.0,0.0,0.0,1.0,3.23
STU-12309,-1.0020476771257878,-1.2181179289963493,-1.9804244849458967,0.7732583627434315,-0.6,-0.10530451866404716,-0.11974668969487615,0.0,1.0,0.0,0.0,1.0,0.0,0.0,3.67
STU-11391,1.7896635564075856,0.5967601481385736,1.214011033703847,1.5426008680907897,0.2,0.15717092337917488,-0.6148531951640761,1.0,0.0,1.0,0.0,0.0,0.0,0.0,5.35
STU-12840,0.23408316757306866,1.0623345717266302,1.5043247977216152,0.06120732056023862,-1.0,1.1127701375245582,0.08290155440414516,0.0,1.0,0.0,0.0,0.0,1.0,0.0,5.32
STU-14628,-0.4603723631566263,1.0623345717266302,0.5940189274964108,0.5195390258735578,1.8,0.0,2.80944156591825,1.0,0.0,1.0,0.0,0.0,0.0,0.0,4.54
STU-12954,0.0,1.0623345717266302,1.5043247977216152,-0.7899801321644976,0.0,1.2227897838899804,0.0,0.0,1.0,0.0,0.0,1.0,0.0,0.0,5.43
STU-11751,-0.5020396950004083,0.6743558854032494,0.5152897711526095,2.557478215570283,0.6,0.6318271119842832,-0.6563039723661486,1.0,0.0,0.0,0.0,1.0,0.0,0.0,4.51
STU-10961,1.7896635564075856,0.2641043485687126,0.3430697416505439,-0.24161898473606186,-0.6,0.8612966601178781,1.0454807138744964,1.0,0.0,0.0,0.0,0.0,0.0,1.0,6.02
STU-12181,-0.3631485888544686,1.0623345717266302,0.5261150301498823,-1.7148280375288745,-0.4,0.5108055009823184,-0.08750719631548647,1.0,0.0,0.0,0.0,1.0,0.0,0.0,3.51
STU-13149,1.6091051184178649,0.6880069873294433,0.657002252571452,0.8469188153830713,-1.0,-0.21689587426326118,0.36614853195164077,1.0,0.0,0.0,0.0,1.0,0.0,0.0,4.64
STU-12557,0.33130694187522636,-1.899954546257253,-0.21295492502755448,1.558969857566265,0.4,-0.5925343811394892,-0.35002878526194586,1.0,0.0,0.0,0.0,0.0,1.0,0.0,3.26
STU-13569,0.4007524949481956,-1.3280452234546405,0.7859212460844271,-0.004268637341664224,-1.0,-0.7591355599214147,-0.14738054116292454,0.0,1.0,0.0,0.0,1.0,0.0,0.0,4.02
STU-14169,-1.3214972212614482,0.2985913429085689,-0.11847993741499195,-1.894886921759107,0.6,-1.0860510805500985,1.7731721358664367,1.0,0.0,1.0,0.0,0.0,0.0,0.0,3.62
STU-10141,0.3035287206460379,0.5701764233349352,1.5043247977216152,0.9451327522359263,0.6,0.28447937131630663,1.7156016119746693,1.0,0.0,0.0,0.0,1.0,0.0,0.0,4.49
STU-10889,-0.4742614737712199,0.11897158072181878,-0.5554267551230913,0.6095684679886744,1.8,-0.4888015717092338,-0.6540011514104779,1.0,0.0,0.0,0.0,1.0,0.0,0.0,3.42
